Sr. No.,Division,District,Institute Code,Year,Course,Institute Name,Capacity,Enrolled
1,Konkan,Mumbai City,1,2018-19,ANM,"CAMA  ALBLESS HOSPITAL , MUMBAI",20,18
2,Konkan,Mumbai City,2,2018-19,ANM,"AKI INSTITUTE OF NURSING, NAGPADA, MUMBAI",20,20
3,Konkan,Mumbai City,3,2018-19,ANM,"SMT. S. C. NANAVATI OF POLYTECHNIC SCHOOL OF NURSING, MUMBAI",40,40
4,Konkan,Thane,4,2018-19,ANM,"V. S. GENERAL HOSPITAL, THANE",20,20
5,Konkan,Raigarh,5,2018-19,ANM,"WOMENS INDIA TRUST, PANVEL",20,19
6,Konkan,Raigarh,6,2018-19,ANM,"GENERAL HOSPITAL,  ALIBAG",20,19
7,Konkan,Ratnagiri,7,2018-19,ANM,"GENERAL HOSPITAL, RATNAGIRI",20,19
8,Nashik,Nashik,8,2018-19,ANM,"GENERAL HOSPITAL, NASIK",20,18
9,Nashik,Dhule,9,2018-19,ANM,"GENERAL HOSPITAL,  DHULE",20,20
10,Nashik,Jalgaon,10,2018-19,ANM,"GENERAL HOSPITAL,  JALGAON",20,19
11,Nashik,Nashik,12,2018-19,ANM,GANPATRAO ADKE INE.  NASIK,20,20
12,Nashik,Nashik,13,2018-19,ANM,"NASIK MEDICO TRAINING COLLEGE OF NURSING, NASIK",40,15
13,Konkan,Ratnagiri,14,2018-19,ANM,"RAMRAJE SCH. NSG, RCON DAPOLI, RATNAGIRI",20,14
14,Konkan,Raigarh,16,2018-19,ANM,"NOOTAN SCHOOL OF NURSING, RAIGAD",30,23
15,Nashik,Nashik,17,2018-19,ANM,"RACHANA SCHOOL OF NURSING, NASHIK",40,30
16,Nashik,Nashik,18,2018-19,ANM,"S.N.D. SCHOOL OF NURSING, JES, YEOLA,  NASIK",30,30
17,Nashik,Nandurbar,19,2018-19,ANM,"K.D. GAVIT NURSING SCHOOL, PATHRAI , NANDURBAR",20,20
18,Nashik,Dhule,22,2018-19,ANM,RAJANI SMRUTI NSG SCH. DONDAICHA SHINDKHEDA DHULE,30,18
19,Konkan,Raigarh,23,2018-19,ANM,"LIFE LINE HOSPITAL, PANVEL",20,17
20,Konkan,Raigarh,26,2018-19,ANM,"KALAVATI INSTITUTE OF NURSING EDUCATION,  AIROLI NAVI MUMBAI",40,35
21,Nashik,Jalgaon,27,2018-19,ANM,"BHAGINI MANDAL SCHOOL OF NURSING, CHOPDA , JALGAON",25,20
22,Konkan,Ratnagiri,29,2018-19,ANM,"PARKAR MEDICAL FOUNDATION SCHOOL OF NURSING, RATNAGIRI",20,20
23,Nashik,Nashik,30,2018-19,ANM,"KARUNA SCHOOL OF NURSING, MANMAD, NASHIK",30,29
24,Nashik,Jalgaon,31,2018-19,ANM,"KHANDESH NURISNG INSTITUTE, CHALISGAON, JALGAON",20,18
25,Nashik,Nashik,33,2018-19,ANM,"NAMCO SCHOOL OF NURSING, NASIK",30,29
26,Konkan,Sindhudurg,35,2018-19,ANM,"SHREE ANANT SMRUTI SCHOOL OF NURSING, KASAL",20,18
27,Konkan,Sindhudurg,36,2018-19,ANM,"IDEAL NURSING SCHOOL, KANKAVALI, SINDHUDURG",20,19
28,Nashik,Nashik,37,2018-19,ANM,"VISHWASATTAYA SCHOOL OF NURSING, OZAR",30,15
29,Nashik,Nashik,38,2018-19,ANM,"NASHIK NURSING SCHOOL, NASHIK",20,20
30,Nashik,Ahilyanagar,39,2018-19,ANM,"GENERAL HOSPITAL,AHMEDNAGAR",20,19
31,Pune,Satara,40,2018-19,ANM,"GENERAL HOSPITAL, SATARA",20,19
32,Pune,Kolhapur,41,2018-19,ANM,"C.P.R. GENERAL HOSPITAL, KOLHAPUR",20,20
33,Pune,Solapur,42,2018-19,ANM,"DHANRAJGIRIJI HOSPITAL,  SOLAPUR",20,20
34,Pune,Pune,45,2018-19,ANM,"SETH TARACHAND R.C.A. SCH. OF NSG HOSPITAL, PUNE",20,16
35,Pune,Pune,46,2018-19,ANM,"Maharashtra Arogya Mandal's Institute of Nursing Education,Malwadi,Hadapsar,Pune",40,40
36,Pune,Pune,47,2018-19,ANM,"JANASEVA FOUNDATION SCH. OF NSG, PUNE",30,27
37,Nashik,Ahilyanagar,48,2018-19,ANM,"F.J.F.M. HOSPITAL SCH OF NSG, NEWASA, DISTAHMEDNAGAR",30,10
38,Nashik,Ahilyanagar,51,2018-19,ANM,KRANTI SCHOOL OF NURSING  AHMEDNAGAR,20,11
39,Pune,Kolhapur,53,2018-19,ANM,"DR. J. J. MAGDUM SON, SHIROL, KOLHAPUR",20,20
40,Pune,Solapur,56,2018-19,ANM,"BHAKTI MEDICAL FOUNDATION SCHOOL OF NURSING, SOLAPUR, PANDHARPUR",20,16
41,Pune,Sangli,57,2018-19,ANM,"SAHAKARMAHARSHI VISHNUANNA PATIL NURSING SCHOOL, SANGLI",20,7
42,Pune,Sangli,58,2018-19,ANM,"DESAI CHARITABLE TRUST TAL. MIRAJ, SANGLI",30,30
43,Pune,Kolhapur,59,2018-19,ANM,"WESTERN MAHARASHTRA SCHOOL OF NURSING, TILWANI, KOLHAPUR",20,16
44,Pune,Sangli,60,2018-19,ANM,"ABHINAV SCHOOL OF NURSING ASHTA, WALWA, SANGLI",30,10
45,Pune,Pune,62,2018-19,ANM,"Sevadham Trust A.S.M.T. SON, MAVAL, PUNE,",20,10
46,Pune,Solapur,64,2018-19,ANM,"SHIVAJI SHIKSHAN PRASARAK MANDALS, SON, BARSHI, SOLAPUR",30,29
47,Pune,Pune,65,2018-19,ANM,"ANAND MEDICAL FOUNDATION, SON, KURULI, KHED, PUNE",20,14
48,Pune,Sangli,66,2018-19,ANM,"KAMAL INSTITUTE OF NURSING EDUCATION, JATH, SANGLI",20,10
49,Nashik,Ahilyanagar,67,2018-19,ANM,"VIJAY GANGA RURAL, MED  RES FOUNDATION, SON, AHMEDNAGAR",20,17
50,Pune,Pune,68,2018-19,ANM,"SANT DNYANESHWAR MED EDU'S,SCHOOL OF NURSING, PUNE",20,19
51,Pune,Sangli,70,2018-19,ANM,"HON.R.R.PATIL INSTITUTE OF NSG EDUCATION,SANGLI",30,25
52,Pune,Sangli,71,2018-19,ANM,"KRANTIAGRANI G.D.BAPU LAD SCH OF NS, SANGLI",20,20
53,Pune,Sangli,72,2018-19,ANM,"UMA INST. OF NURSING EDUCATION, SANGLI",20,15
54,Nashik,Ahilyanagar,73,2018-19,ANM,"SEVA NURSING SCHOOL, AHMEDNAGAR",35,28
55,Pune,Kolhapur,74,2018-19,ANM,"KEDARI REDEKAR  NURSING SCHOOL, GADHINGLAJ, KOLHAPUR",30,16
56,Pune,Solapur,75,2018-19,ANM,"SHRI MARKANDEY SOLAPUR SAHAKARI RUGNALAYA, SOLAPUR",20,20
57,Pune,Pune,76,2018-19,ANM,"MEERA  NURSING SCHOOL, SASWAD, PUNE",30,30
58,Nashik,Ahilyanagar,77,2018-19,ANM,"INDIRA GANDHI NSG, COLLEGE, PARNER, AHMEDNAGAR",20,18
59,Pune,Kolhapur,78,2018-19,ANM,"Sant Gajanan Maharaj School of Nursing, Tal - Gadhinglaj, Kolhapur",20,20
60,Pune,Sangli,82,2018-19,ANM,"KULLOLLI CH.TRUST'S, SCHOOL OF NURSING, MIRAJ, SANGLI",30,29
61,Pune,Kolhapur,83,2018-19,ANM,"MAHALAXMI NURSING INSTITUTE, KOLHAPUR",20,20
62,Pune,Satara,84,2018-19,ANM,"SMT. INDUMATI RAMCHANDRA DESHMUKH SCHOOL OF NURSING, KHATAV, SATARA",20,13
63,Pune,Kolhapur,89,2018-19,ANM,"Y.D. MANE SCHOOL OF NURSING, KAGAL, KOLHAPUR",30,28
64,Pune,Satara,90,2018-19,ANM,"PHALTAN EDUCATION SOCIETY, SCHOOL OF NURSING, PHALTAN ,SATARA",20,20
65,Pune,Satara,91,2018-19,ANM,"KANISHKA CHARITABLE TRUST'S, SCHOOL OF NURSING ,SATARA",20,20
66,Pune,Kolhapur,92,2018-19,ANM,"ADHAAR NURSING SCHOOL, AJRA KOLHAPUR",20,20
67,Pune,Kolhapur,93,2018-19,ANM,"KAI. BALWANTRAO HANUMANTRAO PATIL SHIKSHAN PRASARAK MANDAL, KARVIR, KOLHAPUR",20,20
68,Nashik,Ahilyanagar,94,2018-19,ANM,"PRAVARA MEDICAL TRUST,SON, SHEVGAON, AHMEDNAGAR",40,40
69,Pune,Kolhapur,96,2018-19,ANM,"SARASWATI GAIKWAD NURSING SCHOOL , KOTOLI, PANHALA, KOLHAPUR",20,19
70,Nashik,Ahilyanagar,98,2018-19,ANM,"NITYASEVA HOSPITAL NURSING SCHOOL, SHEVGAON, AHMEDNAGAR",30,27
71,Nagpur,Wardha,101,2018-19,ANM,"FLORENCE NIGHTINGALE TRAINING COLLEGE OF NURSING,WARDHA.",60,60
72,Nagpur,Nagpur,103,2018-19,ANM,"MAHAL MATERNITY HOM, SON, NAGPUR",15,13
73,Nagpur,Wardha,105,2018-19,ANM,"GENERAL HOSPITAL, WARDHA",20,20
74,Nagpur,Nagpur,106,2018-19,ANM,"DAGA MEMORIAL HOSPITAL, NAGPUR",20,20
75,Amravati,Amravati,107,2018-19,ANM,"DIST.HOSPITAL FOR WOMEN , AMRAVATI",20,19
76,Amravati,Akola,108,2018-19,ANM,"DIST.HOSPITAL FOR WOMEN, AKOLA",20,20
77,Nagpur,Chandrapur,109,2018-19,ANM,"GENERAL HOSPITAL,CHANDRAPUR",20,20
78,Amravati,Yavatmal,110,2018-19,ANM,"GENERAL HOSPITAL ,YAVATMAL",30,19
79,Amravati,Buldana,111,2018-19,ANM,"GENERAL HOSPITAL, BULDANA",20,20
80,Nagpur,Bhandara,112,2018-19,ANM,"GENERAL HOSPITAL, BHANDARA",20,20
81,Nagpur,Gadchiroli,113,2018-19,ANM,GENERAL HOSPITAL  GADCHIROLI,20,19
82,Nagpur,Nagpur,114,2018-19,ANM,"SWAMI VIVEKANAND MED MISSION, PARSODI, SON, KHAPRI , NAGPUR",20,19
83,Amravati,Yavatmal,115,2018-19,ANM,"HELEN ROSE SCHOOL OF NURSING UMRI, YAVATMAL",20,10
84,Amravati,Amravati,116,2018-19,ANM,"MAA GAYATRI SCHOOL OF NURSING, ACHALPUR, AMRAVATI",20,19
85,Nagpur,Wardha,117,2018-19,ANM,"BHARTIYA MAHILA VIKAS NURSING SCHOOL, RAMNAGAR, WARDHA",30,7
86,Amravati,Akola,118,2018-19,ANM,"INSTITUTE OF NURSING EDUCATION & RESEARCH, AKOLA",30,24
87,Amravati,Yavatmal,119,2018-19,ANM,"SUMITRABAI THAKARE TRAINING COLLEGE OF NURSING, YAVATMAL",30,29
88,Nagpur,Nagpur,120,2018-19,ANM,"DR.DALVI MEMORIAL HOSPITAL, SON, NAGPUR",40,18
89,Nagpur,Nagpur,121,2018-19,ANM,"RIGHT VALUE INSTITUTE OF NURSING, NAGPUR",20,20
90,Amravati,Akola,122,2018-19,ANM,"NATIONAL SCHOOL OF NURSING , AKOLA",30,18
91,Nagpur,Nagpur,123,2018-19,ANM,"TIRPUDE NURSING TRAINING SCHOOL, NAGPUR",40,40
92,Amravati,Washim,124,2018-19,ANM,"MAA GANGA NURSING SCHOOL, WASHIM",20,20
93,Amravati,Yavatmal,125,2018-19,ANM,"PADOLE NURSING SCHOOL, YAVATMAL",20,20
94,Konkan,Raigarh,129,2018-19,ANM,"ANURADHA NURSING SCHOOL , CHIKHALI",30,30
95,Nagpur,Chandrapur,130,2018-19,ANM,"KALYAN INSTITUTE OF NURSING EDUCATION, RAJURA, CHANDRAPUR",20,19
96,Nagpur,Chandrapur,131,2018-19,ANM,"PRABHADEVI NURSING SCHOOL, CHANDRAPUR",40,40
97,Amravati,Yavatmal,134,2018-19,ANM,"TULSHIRAMJI SHEBE SCHOOL OF NURSING, PUSAD, YAVATMAL",30,30
98,Amravati,Yavatmal,136,2018-19,ANM,"MUNGASAJI MAHARAJ NURSING SCHOOL, YAVATMAL",20,20
99,Amravati,Yavatmal,137,2018-19,ANM,"MUNGASAJI MAHARAJ NURSING SCHOOL, DHARWA, YAVATMAL",20,20
100,Amravati,Yavatmal,138,2018-19,ANM,DR. ARCHANATAI GADE PATIL SCHOOL OF NURSING LOHARA YAVATMAL,25,25
101,Nagpur,Wardha,140,2018-19,ANM,"JANATA NURSING SCHOOL, HINGANGHAT, WARDHA",20,20
102,Nagpur,Nagpur,141,2018-19,ANM,"KALYANI NURSING SCHOOL, NAGPUR",20,18
103,Nagpur,Nagpur,142,2018-19,ANM,"RENUKA NURSING SCHOOL, HINGANA, NAGPUR",20,18
104,Amravati,Amravati,144,2018-19,ANM,"SUJATA SCHOOL OF NURSING, AMRAVATI",30,27
105,Amravati,Amravati,146,2018-19,ANM,DR. PANJABRAO DESHMUKH INST. OF NSG. AMRAVATI,30,29
106,Amravati,Akola,148,2018-19,ANM,"DR VANDANTAI DHONE NURSING SCHOOL, AKOLA",30,30
107,Nagpur,Wardha,149,2018-19,ANM,"SHALOM SCHOOL OF NURSING, WARDHA",40,40
108,Nagpur,Wardha,151,2018-19,ANM,"KASABAI SCHOOL OF NURSING, SEVAGRAM,WARDHA",20,18
109,Amravati,Buldana,152,2018-19,ANM,"INDIRA BAHU. SHIKSHAN SANSTHS, SCHOOL OF NURSING, SAGWAN, BULDHANA",20,20
110,Amravati,Buldana,153,2018-19,ANM,"INDIRA BAHU SHIKSHAN SANSTHS, SCHOOL OF NURSING,BELAD MALKAPUR",20,20
111,Nagpur,Bhandara,155,2018-19,ANM,"SHARDA NURSING SCHOOL, KHAPA TUMSAR, BHANDARA",20,12
112,Chh. Sambhaji Nagar,Nanded,158,2018-19,ANM,"SHRI GURU GOVINDSINGHJI MEMORIAL HOSPITAL, SON, NANDED",20,18
113,Chh. Sambhaji Nagar,Nanded,159,2018-19,ANM,"SMT. PRAMILATAI BHALERAO SCHOOL OF NURSING, Nanded",30,29
114,Chh. Sambhaji Nagar,Dharashiv,161,2018-19,ANM,"GENERAL HOSPITAL, SON, OSMANABAD",20,19
115,Chh. Sambhaji Nagar,Chh. Sambhaji Nagar,168,2018-19,ANM,"SHRI DHANESHWARI MANAV VIKAS MANDAL,  AURANGABAD",20,20
116,Chh. Sambhaji Nagar,Jalna,169,2018-19,ANM,"SHRI SAI  INSTITUE OF NURSING, JALNA",20,20
117,Chh. Sambhaji Nagar,Parbhani,170,2018-19,ANM,"MAULI INSTITUTE OF NURSING, PARBHANI",20,12
118,Chh. Sambhaji Nagar,Latur,174,2018-19,ANM,"INDIRA GANDHI NURSING SCHOOL, LATUR",30,27
119,Konkan,Thane,201,2018-19,ANM,"INSTITUTE  OF  NURSING  EDUCATION , DOMBIVALI",20,17
120,Nashik,Nashik,206,2018-19,ANM,"SAHYADRI SEVA SANSTHA , INSTITUTE OF NURSING , NASIK",20,15
121,Pune,Pune,221,2018-19,ANM,"BAKUL TAMBAT INSTITUTE OF NURSING EDUCATION, PUNE",30,30
122,Pune,Pune,226,2018-19,ANM,"DWARIKA SANGAMNER INSTITUTE OF NURSING EDUCATION, PUNE",20,16
123,Pune,Sangli,228,2018-19,ANM,"LOKNETE RAJARAMBAPU PATIL , TRG. COLL. OF NURSING , ISLAMPUR, WALWA, SANGLI",20,16
124,Pune,Sangli,230,2018-19,ANM,"KASEGAON EDUCATION SOCIETY, SCHOOL OF NURSING, ISLAMPUR, SANGLI",20,20
125,Pune,Pune,231,2018-19,ANM,"C Y DANGAT PATIL SHIKSHAN AND KRIDA MANDAL, SCHOOL OF NURSING , PUNE",20,18
126,Pune,Pune,232,2018-19,ANM,"GIRIRAJ SCHOOL OF NURSING , BARAMATI",30,29
127,Pune,Satara,233,2018-19,ANM,"LATE NARAYANDAS BHAWANGDAS CHHABADA TRAINING COLLEGE OF NURSING, SATARA",20,19
128,Pune,Solapur,241,2018-19,ANM,"SAHARA INSTITUTE OF NURSING EDUCATION, AKLUJ , SOLAPUR",20,11
129,Nagpur,Nagpur,251,2018-19,ANM,"SURETECH COLLEGE OF NURSING, NAGPUR",30,29
130,Nagpur,Gadchiroli,253,2018-19,ANM,"DR. SALVE NURSING INSTITUTE  COLLEGE , GADCHIROLI",30,17
131,Amravati,Yavatmal,256,2018-19,ANM,"PRUTHVIRAJ DESHMUKH NURSING INSTITUTE, LOHARA, YAVATMAL",20,19
132,Chh. Sambhaji Nagar,Chh. Sambhaji Nagar,259,2018-19,ANM,"MAHATMA GANDHI MISSION INSTITUTE OF NURSING EDUCATION, AURANGABAD",20,20
133,Chh. Sambhaji Nagar,Latur,262,2018-19,ANM,"GENERAL HOSPITAL, LATUR",20,20
134,Nagpur,Nagpur,266,2018-19,ANM,"ARNEJA INSTITUTE OF NURSING SCIENCES , NAGPUR",20,7
135,Nagpur,Nagpur,267,2018-19,ANM,"ASHARAM SCHOOL OF NURSING , NAGPUR",20,18
136,Pune,Satara,270,2018-19,ANM,"SHAKUNTALA  INSTITUTE OF NURSING EDUCATION , SATARA",20,16
137,Chh. Sambhaji Nagar,Dharashiv,271,2018-19,ANM,"INDIRA GANDHI NURSING SCHOOL, OSMANABAD",20,20
138,Pune,Kolhapur,272,2018-19,ANM,"SAU. JEBELINA NURSING SCHOOL, GARGOTI, KOLHAPUR",20,20
139,Chh. Sambhaji Nagar,Nanded,273,2018-19,ANM,"INDIRA GANDHI NURSING SCHOOL, MUKHED, NANDED",20,20
140,Amravati,Amravati,274,2018-19,ANM,"UTTAMRAO UMAK MEMORIAL NURSING SCHOOL,  ANJANGAON, AMRAVATI",20,20
141,Amravati,Amravati,275,2018-19,ANM,"KAMLABAI UMAK NURSING SCHOOL, AMRAVATI",20,19
142,Amravati,Amravati,276,2018-19,ANM,"LAXMANRAO UMAK MEMORIAL NURSING SCHOOL, BADNERA, AMRAVATI",20,20
143,Nashik,Ahilyanagar,278,2018-19,ANM,"PARVATIBAI MHASKE INSTITUTE OF NURSING, AHMEDNAGAR",20,17
144,Chh. Sambhaji Nagar,Nanded,279,2018-19,ANM,"LOTUS NURSING INSTITUTE, NANDED",20,19
145,Nagpur,Nagpur,280,2018-19,ANM,"MATRU SEVA SANGH NURSING SCHOOL,SITABULDI ,MATERNITY HOME NAGPUR",40,15
146,Konkan,Ratnagiri,281,2018-19,ANM,"SAMARTH INSTITUTE OF NURSING EDUCATION, DERVAN",20,20
147,Nashik,Ahilyanagar,282,2018-19,ANM,"MAHARASHTRA HOMOEOPATHIC FOUNDATION'S SCHOOL OF NURSING , PATHAR ,  AHMEDNAGAR",20,19
148,Chh. Sambhaji Nagar,Jalna,283,2018-19,ANM,"VASANTRAO NAIK SHIKSHAN PRASARAK MANDAL, JALNA",20,14
149,Pune,Sangli,284,2018-19,ANM,"ADARSH NURSING SCHOOL, VITA, SANGLI",20,19
150,Chh. Sambhaji Nagar,Chh. Sambhaji Nagar,286,2018-19,ANM,"MATA GIRIJA SCHOOL OF NURSING, AURANGABAD.",20,20
151,Pune,Kolhapur,287,2018-19,ANM,"KURUNDWAD INST. OF NURSING EDUCATION,SHIROL, KOLHAPUR",20,20
152,Amravati,Akola,289,2018-19,ANM,"RADHIKA NURSING SCHOOL, AKOLA",20,20
153,Chh. Sambhaji Nagar,Parbhani,290,2018-19,ANM,"MATOSHRI NURSING SCHOOL, PARBHANI",20,20
154,Pune,Sangli,294,2018-19,ANM,"HUTATMA INSTITUTE OF NURSING , WALWA , SANGLI",20,15
155,Pune,Solapur,296,2018-19,ANM,"BINIT NURSING INSTITUTE , SOLAPUR",20,19
156,Nashik,Dhule,297,2018-19,ANM,"NANDA AAI BAHU. NURSING TRAINING CENTRE, DEOPUR, DHULE",20,10
157,Amravati,Akola,299,2018-19,ANM,"ANGLE OF MERCY INSTITUTE OF NURSING SCIENCE, AKOLA",20,18
158,Pune,Pune,301,2018-19,ANM,"PUKHRAJ NAGRAJ RANKA SCHOOL OF NURSING , PUNE",20,8
159,Pune,Satara,303,2018-19,ANM,"APARNA INST. OF NURSING EDUCATION , KARAD",20,8
160,Chh. Sambhaji Nagar,Nanded,304,2018-19,ANM,"DR. G. A. GAIKWAD INSTITUTE OF NURSING, DEGLOOR, NANDED",20,11
161,Pune,Kolhapur,305,2018-19,ANM,"CREATIVE NURSING SCHOOL , GADHINGLAJ , KOLHAPUR",20,20
162,Pune,Satara,306,2018-19,ANM,"SANJEEVAN MEDICAL COLLEGE OF NURSING , SATARA",30,30
163,Nashik,Ahilyanagar,307,2018-19,ANM,"WAMANRAO ITHAPE NURSING COLLEGE, SANGAMNER, AHMEDNAGAR",30,29
164,Chh. Sambhaji Nagar,Beed,308,2018-19,ANM,"YASHWANT NURSING SCHOOL, ASHTI, BEED",20,20
165,Nashik,Nashik,309,2018-19,ANM,"SHREE SWAMI NARAYAN  NURSING INSTITUE, NASIK",30,29
166,Chh. Sambhaji Nagar,Beed,310,2018-19,ANM,"S.S.P.M. NURSING COLLEGE, ASHTI, BEED",20,16
167,Chh. Sambhaji Nagar,Chh. Sambhaji Nagar,311,2018-19,ANM,"SAKOLKAR NURSING SCHOOL, AURANGABAD",20,20
168,Pune,Pune,312,2018-19,ANM,"GENERAL HOSPITAL, AUNDH, PUNE",20,20
169,Chh. Sambhaji Nagar,Beed,313,2018-19,ANM,"DR. T. M. DHONDE SCHOOL OF NURSING, ASHTI , BEED",30,30
170,Chh. Sambhaji Nagar,Beed,314,2018-19,ANM,"NEW NURSING SCHOOL, BEED",20,16
171,Chh. Sambhaji Nagar,Dharashiv,316,2018-19,ANM,"JEEVAN JYOT AROGYA SHIKSHAN SANSTHA, SCHOOL OF NURSING, OSMANABAD",20,13
172,Pune,Pune,317,2018-19,ANM,"TEJASWINI NURSING SCHOOL, JUNNAR, PUNE",20,20
173,Pune,Pune,318,2018-19,ANM,"SHARDABAI PAWAR INSTITUTE OF NURSING, PUNE",40,37
174,Amravati,Amravati,322,2018-19,ANM,"MAA GAYATRI SCHOOL OF NURSING, AMRAVATI",20,0
175,Nashik,Jalgaon,323,2018-19,ANM,"GODAVARI COLLEGE OF  NURSING , JALGAON",30,19
176,Nashik,Nashik,325,2018-19,ANM,"MATOSHRI SCHOOL OF A.N.M. NURSING , EKLAHARE, NASIK",20,20
177,Amravati,Amravati,326,2018-19,ANM,"BHAKTI VEDANT SCHOOL OF NURSING, AMRAVATI",20,20
178,Amravati,Washim,327,2018-19,ANM,"MANSI COLLEGE OF NURSING , WASHIM",20,20
179,Nagpur,Wardha,328,2018-19,ANM,"EKVIRA DEVI EDUCATION SOCIETY, SCHOOL OF NURSING, WARDHA",20,19
180,Nagpur,Nagpur,329,2018-19,ANM,"MOTHER TERESA NURSING INSTITUTE , NAGPUR",20,19
181,Nashik,Nashik,330,2018-19,ANM,"MATOSHRI SCHOOL OF A.N.M. NURSING , BABULGAON , NASIK",20,20
182,Nagpur,Wardha,331,2018-19,ANM,SARASWATI NURSING SCHOOL GUNJKHEDA WARDHA,20,20
183,Chh. Sambhaji Nagar,Chh. Sambhaji Nagar,332,2018-19,ANM,"RAMKRISHANA NURSING SCHOOL, SILLOD, AURANGABAD",20,10
184,Amravati,Amravati,333,2018-19,ANM,"FLORENCE NIGHTINGLE NURSING SCHOOL, AMRAVATI",30,30
185,Amravati,Amravati,334,2018-19,ANM,"EKVIRA SCHOOL OF NURSING , DARYAPUR , AMRAVATI",20,20
186,Chh. Sambhaji Nagar,Latur,335,2018-19,ANM,"G.B .PATIL SCHOOL OF NURSING, UDGIR, LATUR",20,20
187,Chh. Sambhaji Nagar,Latur,336,2018-19,ANM,"SHRI BHAGWAN NURSING SCHOOL, LATUR",20,15
188,Amravati,Amravati,341,2018-19,ANM,"M.J. PAWADE NURSING SCHOOL, WARUD,  AMRAVATI",20,19
189,Nashik,Ahilyanagar,342,2018-19,ANM,"SAI NURSING INSTITUTE , RAHATA, AHMEDNAGAR",20,13
190,Nagpur,Nagpur,343,2018-19,ANM,"MADHUKARRAO MAHAKALKAR NURSING SCHOOL , DIGHORI , NAGPUR",30,24
191,Chh. Sambhaji Nagar,Chh. Sambhaji Nagar,345,2018-19,ANM,"SWATANTRA SENANI UTTAMRAOJI PATIL NURSING SCHOOL, AURANGABAD",20,10
192,Chh. Sambhaji Nagar,Dharashiv,349,2018-19,ANM,"HALO NURSING SCHOOL, ANADUR, TULJAPUR",20,15
193,Amravati,Buldana,350,2018-19,ANM,"RAJSHREE SCHOOL OF NURSING, MEHKAR, BULDANA",20,20
194,Konkan,Ratnagiri,352,2018-19,ANM,M.E.S SCHOOL OF NURSING KHED RATNAGIRI,30,29
195,Chh. Sambhaji Nagar,Latur,353,2018-19,ANM,"YASHWANT NURSING TRAINING SCHOOL, AHMADPUR, LATUR",20,20
196,Pune,Kolhapur,355,2018-19,ANM,"SAHAKAR MAHARSHI TATYASHEB KORE NURSING SCHOOL , HATKANGALE, KOLHAPUR",20,20
197,Chh. Sambhaji Nagar,Latur,356,2018-19,ANM,"NAVJEEVAN CHARITABLE TRUST, LATUR",20,20
198,Amravati,Buldana,359,2018-19,ANM,"HARSH SCHOOL OF NURSING, KHAMGAON, BULDANA",20,16
199,Nagpur,Gadchiroli,360,2018-19,ANM,"NAVJEEVAN NURSING SCHOOL, CHAMORSHI, GADCHIROLI",20,20
200,Konkan,Sindhudurg,362,2018-19,ANM,"BR. NATH PAI INSTITUTE OF NURSING, PINGULI, SINDHUDURGA",40,28
201,Chh. Sambhaji Nagar,Latur,363,2018-19,ANM,"BHIVRAI NURSING SCHOOL, LATUR",20,0
202,Chh. Sambhaji Nagar,Latur,364,2018-19,ANM,"BALVIKAS MAHILA MANDAL, SCHOOL OF NURSING, LATUR",20,0
203,Chh. Sambhaji Nagar,Parbhani,365,2018-19,ANM,"BHARATRATNA MOTHER TERSA NURSING SCHOOL, SELU, PARBHANI",20,20
204,Chh. Sambhaji Nagar,Dharashiv,366,2018-19,ANM,"SAI NURSING SCHOOL, OSMANABAD",20,0
205,Chh. Sambhaji Nagar,Parbhani,367,2018-19,ANM,"INSTITUTE OF NURSING EDUCATION,MANWATH, PARBHANI",20,19
206,Nashik,Jalgaon,368,2018-19,ANM,"DADASAHEB DR. SURESH G. PATIL COLLEGE OF NURSING , CHOPDA , JALGAON",20,20
207,Nashik,Ahilyanagar,370,2018-19,ANM,"BAHUJAN SAMAJ PRABODHAN SCHOOL OF NURSING, AKOLE, AHMEDNAGAR",20,2
208,Chh. Sambhaji Nagar,Latur,371,2018-19,ANM,"LATE MAHALINGE SWAMI NURSING SCHOOL, LATUR",20,20
209,Amravati,Amravati,372,2018-19,ANM,"SMT. VASUNDHARABAI GHUIKHEDKAR NURSING SCHOOL, AMRAVATI",30,30
210,Nagpur,Wardha,373,2018-19,ANM,"PARVATIBAI SCHOOL OF NURSING, WARDHA",30,17
211,Chh. Sambhaji Nagar,Parbhani,374,2018-19,ANM,"TIRUPATI NURSING SCHOOL,PARBHANI",40,40
212,Amravati,Yavatmal,377,2018-19,ANM,"SHRI SWAMI SAMARTH NURSING SCHOOL, YAVATMAL",20,20
213,Nagpur,Bhandara,378,2018-19,ANM,"POOJA NURSING INSTITUTE , BHANDARA",20,19
214,Amravati,Amravati,381,2018-19,ANM,"MELGHAT NURSING SCHOOL , PARATWADA , AMRAVATI",20,19
215,Chh. Sambhaji Nagar,Latur,383,2018-19,ANM,"RASTRAMATA JIJAU NURSING SCHOOL, NILANGA, LATUR",20,18
216,Chh. Sambhaji Nagar,Beed,385,2018-19,ANM,"RAGHUNATHRAO MUNDHE INSTITUTE OF NURSING, AMBEJOGAI, BEED",20,15
217,Pune,Satara,386,2018-19,ANM,"SHIVRASHTRA COLLEGE OF NURSING , KARAD , SATARA",20,20
218,Pune,Pune,393,2018-19,ANM,"JAY INSTITUTE OF NURSING , INDAPUR , PUNE",20,20
219,Chh. Sambhaji Nagar,Latur,394,2018-19,ANM,"TIRMULLA  A.N.M. NURSING SCHOOL, JALKOT, LATUR",20,20
220,Pune,Solapur,395,2018-19,ANM,"RAJMATA JIJAU NURSING SCHOOL, PANDHARPUR",20,10
221,Konkan,Sindhudurg,400,2018-19,ANM,"GENERAL HOSPITAL,  SINDHUDURG",20,19
222,Chh. Sambhaji Nagar,Beed,401,2018-19,ANM,"VAIDYANATH NURSING SCHOOL, ,PARALI-VAIJNATH, BEED",40,2
223,Pune,Pune,405,2018-19,ANM,"JANAKI INSTITUTE OF NURSING EDUCATION , PUNE",20,12
224,Amravati,Yavatmal,410,2018-19,ANM,"SHRI VINAYAKRAOBAPU DESHMUKH NURSING SCHOOL , SAWARGAON , YAVATMAL",20,20
225,Chh. Sambhaji Nagar,Beed,412,2018-19,ANM,"JIJAMATA SCHOOL OF NURSING, MAJALGAON, BEED",20,10
226,Chh. Sambhaji Nagar,Chh. Sambhaji Nagar,415,2018-19,ANM,"AURANGABAD NURSING SCHOOL, BHALGAON, AURANGABAD",20,10
227,Chh. Sambhaji Nagar,Latur,420,2018-19,ANM,"SANT RAMBHAU A.N.M. SCHOOL , AHMEDPUR , LATUR",20,0
228,Chh. Sambhaji Nagar,Parbhani,421,2018-19,ANM,"MADHAV A.N.M. SCHOOL, PARBHANI",20,12
229,Chh. Sambhaji Nagar,Chh. Sambhaji Nagar,423,2018-19,ANM,"PAITHAN NURSING SCHOOL, PAITHAN, AURANGABAD",20,19
230,Chh. Sambhaji Nagar,Chh. Sambhaji Nagar,424,2018-19,ANM,"PRIYANKA GANDHI NURSING SCHOOL, AURANGABAD",20,11
231,Nashik,Dhule,425,2018-19,ANM,"KIRAN NURSING SCHOOL, KAPADNE, DHULE",20,11
232,Nagpur,Bhandara,426,2018-19,ANM,"PAWANRAJA NURSING SCHOOL , PAUNI , BHANDARA",30,28
233,Nashik,Dhule,427,2018-19,ANM,"SAU. R.G. MALI NURSING COLLEGE, AKLAD , DHULE",20,12
234,Pune,Kolhapur,428,2018-19,ANM,"SHRI BHAIRAVNATH NURSING SCHOOL , ICHALKARANJI  , KOLHAPUR",20,20
235,Amravati,Yavatmal,431,2018-19,ANM,"MATOSHRI ORGANIZATION OF NURSING EDUCATION , YAVATMAL",20,20
236,Chh. Sambhaji Nagar,Jalna,432,2018-19,ANM,"JALNA NURSING SCHOOL, SHELGAON, JALNA",20,10
237,Chh. Sambhaji Nagar,Jalna,446,2018-19,ANM,"GENERAL HOSPITAL, JALANA",20,19
238,Pune,Solapur,449,2018-19,ANM,"DHANVANTERI SCHOOL OF NURSING , MALSHIRAS , SOLAPUR",30,0
239,Chh. Sambhaji Nagar,Parbhani,476,2018-19,ANM,"Dr.Prafulla Patil Nursing School, Parbhani",20,20
240,Chh. Sambhaji Nagar,Parbhani,477,2018-19,ANM,"BELESHWAR INSTITUTE OF NURSING, PARBHANI",20,20
241,Pune,Satara,480,2018-19,ANM,"BEL AIR COLLEGE OF NURSING, PANCHAGANI, SATARA",30,30
242,Pune,Kolhapur,481,2018-19,ANM,"SAVITRIBAI PHULE COLLEGE OF NURSING, KOLHAPUR",20,11
243,Nagpur,Nagpur,482,2018-19,ANM,SMT. HANSABEN NURSING SCHOOL NAGPUR,20,20
244,Konkan,Thane,484,2018-19,ANM,"NAVJEEVAN SCHOOL OF NURSING, SHAHAPUR, THANE",20,18
245,Konkan,Thane,485,2018-19,ANM,"DAYANAND SCHOOL OF NURSING, VADOLI TALASARI THANE",25,25
246,Konkan,Raigarh,486,2018-19,ANM,"PRATIBHA SCHOOL OF NURSING, KOPERKHAIRANE, NAVI MUMBAI",20,20
247,Konkan,Sindhudurg,487,2018-19,ANM,"SARASWATI ANM NURSING SCHOOL, KANKAVLI, SINDHUDURG",20,20
248,Nashik,Nashik,488,2018-19,ANM,"SAI NURSING SCHOOL, MALEGAON NASHIK",20,20
249,Konkan,Thane,489,2018-19,ANM,"N. K. T. T. SCHOOL OF NURSING, BHIWANDI, THANE",20,20
250,Chh. Sambhaji Nagar,Chh. Sambhaji Nagar,490,2018-19,ANM,"Manik Nursing School, Garkhed, Aurangabad",20,20
251,Chh. Sambhaji Nagar,Latur,492,2018-19,ANM,"New Vision School of Nursing, Latur",20,18
252,Chh. Sambhaji Nagar,Beed,493,2018-19,ANM,MAULI NURSING SCHOOL BARSHI ROAD BEED,20,20
253,Chh. Sambhaji Nagar,Jalna,494,2018-19,ANM,"Mathsyodari Nursing School, Tal  Ambad, Jalna",20,20
254,Chh. Sambhaji Nagar,Beed,495,2018-19,ANM,"ANKITA DOUND INSTITUTE OF NURSING SCHOOL, AMBAJOGAI, BEED",20,10
255,Chh. Sambhaji Nagar,Parbhani,496,2018-19,ANM,"SAKSHI NURSING SCHOOL, MANWAT, PARBHANI",20,20
256,Nashik,Nashik,497,2018-19,ANM,"SWAMI VIVEKANAND SANSTHA, MALEGAON, NASHIK",20,10
257,Pune,Pune,499,2018-19,ANM,"Sushrusha Nursing School, Ap  Daund, Pune",20,18
258,Pune,Pune,500,2018-19,ANM,"SUSHILA NURSING SCHOOL, DAUND, PUNE",20,9
259,Pune,Sangli,501,2018-19,ANM,"CHINGUAAI INSTITUTE OF NURSING EDUCATION, KAVATHE MAHANKAL, SANGLI",20,10
260,Pune,Kolhapur,502,2018-19,ANM,"SANJEEVA NURSING SCHOOL, KOLHAPUR",20,20
261,Nashik,Ahilyanagar,505,2018-19,ANM,"SAVITRIBAI PHULE ANM NURSING COLLEGE, SHRIGONDA, AHMEDNAGAR",20,10
262,Nashik,Ahilyanagar,506,2018-19,ANM,"KOPERGAON TALUKA VIDYARTHI SAHAYYAK SCHOOL OF NURSING,KOPERGAON",20,20
263,Pune,Sangli,507,2018-19,ANM,"ABHINAV INSTITUTE OF NURSING EDUCATION, MIRAJ, SANGLI",20,19
264,Pune,Pune,508,2018-19,ANM,"PRIYADARSHINI SHAK. BAU. GRAM VIKAS MAHILA SEVABHAVI MANDAL, SCHOOL OF NURSING, SHIRUR, PUNE",20,20
265,Nagpur,Bhandara,512,2018-19,ANM,"ASHIRWAD NURSING SCHOOL OF ANM, SAKOLI BHANDARA",40,40
266,Amravati,Yavatmal,513,2018-19,ANM,"Jeevan Rekha  School of Nursing, Tal  Umarkhed, Yavatmal",20,20
267,Amravati,Yavatmal,514,2018-19,ANM,"Sanjeevan Nursing School, Yavatmal,",20,20
268,Nagpur,Nagpur,515,2018-19,ANM,"SUVARNA SCHOOL OF NURSING SAONER, NAGPUR",20,20
269,Nagpur,Nagpur,516,2018-19,ANM,"Indira Gandhi ANM Nursing School, Tal  Bhiwapur, Nagpur",20,20
270,Amravati,Yavatmal,517,2018-19,ANM,"Yash Institute of Nursing, Athori Bazar, Yavatmal",20,20
271,Nagpur,Wardha,523,2018-19,ANM,"NEW MAHARASHTRA INSTITUTE OF NURSING, MAHADEVPURA, WARDHA",20,15
272,Nashik,Ahilyanagar,524,2018-19,ANM,"SHREE SAI NURSING SCHOOL, JAMKHED, AHMEDNAGAR",20,11
273,Pune,Sangli,526,2018-19,ANM,"VIDYA SAGAR NURSING SCHOOL, SANGLI",20,17
274,Nagpur,Gondia,531,2018-19,ANM,"Shri Dattatraya Prabhu Bahu. Shikshan Sanstha, Tiroda, Gondia",30,30
275,Chh. Sambhaji Nagar,Nanded,533,2018-19,ANM,"Sharadrao Nursing College, Naigona Nanded",20,19
276,Chh. Sambhaji Nagar,Nanded,534,2018-19,ANM,DHARTI SCHOOL OF NURSING MALEGAON RD NANDED,20,20
277,Chh. Sambhaji Nagar,Nanded,535,2018-19,ANM,"Satabai Landge Nursing School, Nanded",20,20
278,Amravati,Amravati,539,2018-19,ANM,"SHRI SANT LAHANUJI MAHARAJ SCHOOL OF NURSING, DARYAPUR, AMRAVATI",20,20
279,Nashik,Nashik,541,2018-19,ANM,"KALWAN NURSING SCHOOL, KALWAN, NASHIK",20,20
280,Nashik,Nashik,542,2018-19,ANM,"DINDORI SCHOOL OF NURSING, DINDORI, NASHIK",20,20
281,Nashik,Nashik,543,2018-19,ANM,"YEOLA SCHOOL OF NURSING, YEOLA, NASHIK",20,20
282,Chh. Sambhaji Nagar,Chh. Sambhaji Nagar,545,2018-19,ANM,"Yeshwant Institute of Nursing, Paithan Road, Aurangabad",30,30
283,Chh. Sambhaji Nagar,Latur,546,2018-19,ANM,"SWAMI VIVEKANAND SHIKSHAN PRASARAK MANDAL, UDGIR, LATUR",20,10
284,Amravati,Washim,548,2018-19,ANM,"Nazarene Nursing Training College, Pusad Road, Washim",20,19
285,Nagpur,Gondia,550,2018-19,ANM,"Gondia Nursing College, Gondia",20,15
286,Nagpur,Gondia,552,2018-19,ANM,"S. CHANDRA SCHOOL OF NURSING, ARJUNI GONDIA",20,10
287,Amravati,Amravati,553,2018-19,ANM,"Sardar Nursing Institute, Walgaon Road, Amravati",20,0
288,Amravati,Amravati,555,2018-19,ANM,"M.J. Pawade Nurisng School, Tal - Morshi, Amravati",20,20
289,Nagpur,Wardha,557,2018-19,ANM,"Sunita Nursing School, Tal  Shelu, Wardha",20,20
290,Nagpur,Gondia,558,2018-19,ANM,"S.R.V. NURSING SCHOOL, DAWAKI, TAL DEORI DIST GONDIA",20,19
291,Chh. Sambhaji Nagar,Dharashiv,559,2018-19,ANM,"Late Changdevrao Banger Nursing School, Tal - Bhum, Osmanabad",20,14
292,Chh. Sambhaji Nagar,Chh. Sambhaji Nagar,561,2018-19,ANM,"Prabhavati Nursing School, Aurangabad",20,20
293,Chh. Sambhaji Nagar,Chh. Sambhaji Nagar,563,2018-19,ANM,GOGANATH BABA ANM NURSING SCHOOL CHITEGAON AURANGABAD,20,20
294,Chh. Sambhaji Nagar,Latur,565,2018-19,ANM,"Sarojini Naidu School of Nursing, Chakur, Latur",20,20
295,Chh. Sambhaji Nagar,Nanded,566,2018-19,ANM,"Indira Gandhi School of Nursing, Loha, Nanded",20,20
296,Nashik,Nashik,567,2018-19,ANM,"MATOSHRI ASARABAI DARADE SCHOOL OF NURSING, YEOLA, NASHIK",20,20
297,Amravati,Akola,568,2018-19,ANM,"MAHARSHI WALMIKI INSTITUTE OF NURSING MALKAPUR,AKOLA",30,30
298,Amravati,Akola,571,2018-19,ANM,"AZAD HIND NURSING SCHOOL, AKOLA",20,20
299,Amravati,Amravati,573,2018-19,ANM,"Gurumauli Institue of Nursing Science, Amravati",20,20
300,Chh. Sambhaji Nagar,Hingoli,580,2018-19,ANM,"L.D.H.T. SCHOOL OF NURSING, HINGOLI",20,20
301,Chh. Sambhaji Nagar,Hingoli,581,2018-19,ANM,"JAI HIND NURSING SCHOOL, HINGOLI",20,20
302,Pune,Kolhapur,582,2018-19,ANM,"SANT GAJANAN MAHARAJ SCHOOL OF NURSING, CHINCHEWADI, GADHINGLAJ, KOLHAPUR",20,20
303,Konkan,Sindhudurg,584,2018-19,ANM,"MAI NURSING SCHOOL, KUDAL",20,20
304,Nashik,Dhule,585,2018-19,ANM,"RANIMANSAHEB MANUBADEVI RAWAL NURSING SCHOOL, DONDAICHA, DHULE",20,20
305,Nashik,Dhule,586,2018-19,ANM,"D.S. NURSING SCHOOL, SAKRI, DHULE",20,12
306,Konkan,Thane,587,2018-19,ANM,"SHRI GAJANAN MAHARAJ TRAINING SCHOOL OF  NURSING, JAWAHAR, THANE",20,15
307,Nashik,Nashik,588,2018-19,ANM,"PETH NURSING SCHOOL, PETH, NASHIK",20,20
308,Nashik,Nashik,589,2018-19,ANM,"IGATPURI NURSING SCHOOL, IGATPURI, NASHIK",20,20
309,Nashik,Nashik,590,2018-19,ANM,"NIFAD NURSING SCHOOL, NIFAD, NASHIK",20,20
310,Nashik,Nashik,591,2018-19,ANM,"MANMAD NURSING SCHOOL, YEOLA, NASHIK",20,20
311,Nashik,Nashik,592,2018-19,ANM,"SAI CARE NURSING SCHOOL, NASHIK",20,20
312,Nashik,Nashik,593,2018-19,ANM,"JIJAMATA NURSING SCHOOL, MALEGAON, NASHIK",20,20
313,Konkan,Raigarh,595,2018-19,ANM,"D. D. VISPUTE SCHOOL OF NURSING, PANVEL, RAIGAD",30,21
314,Nashik,Nashik,597,2018-19,ANM,"RAJEEV GANDHI GNM NURSING COLLEGE, SINNAR, NASHIK",20,20
315,Nashik,Nashik,598,2018-19,ANM,"TANMAYI NURSING INSTITUTE, NASHIK",20,20
316,Nashik,Nashik,601,2018-19,ANM,"KARM. R. S. WAGH EDUCATION  HEALTH SANSTHAS SCHOOL OF NURSING, DINDORI, NASHIK",20,10
317,Nashik,Ahilyanagar,604,2018-19,ANM,"MANGALA NURSING SCHOOL, AHMEDNAGAR",20,14
318,Nashik,Ahilyanagar,608,2018-19,ANM,"ABHINAV NURSING SCHOOL, AHMEDNAGAR",20,20
319,Pune,Pune,610,2018-19,ANM,"SHIRUR SCHOOL OF NURSING, SHIRUR, PUNE",20,11
320,Nashik,Ahilyanagar,612,2018-19,ANM,"ASHIRWAD NURSING SCHOOL, RAHURI, AHMEDNAGAR",20,20
321,Pune,Kolhapur,616,2018-19,ANM,"SHRI SIDDHI NURSING SCHOOL, KAGAL, KOLHAPUR",20,20
322,Pune,Kolhapur,617,2018-19,ANM,"SIDDHAGIRI NURSING INSTITUTE, KARVEER, KOLHAPUR",20,17
323,Nashik,Ahilyanagar,618,2018-19,ANM,"SAI NURSING SCHOOL, SHEVGAON, AHMEDNAGAR",20,0
324,Nashik,Ahilyanagar,620,2018-19,ANM,"DR. RAMESH DHOKANE PATIL SCHOOL OF NURSING, NEWASA, AHMEDNAGAR",20,19
325,Nashik,Ahilyanagar,622,2018-19,ANM,"NITYASEVA NURSING SCHOOL, PARNER, AHMEDNAGAR",20,19
326,Pune,Sangli,623,2018-19,ANM,"KEDARNATH NURSING SCHOOL, ISLAMPUR, SANGLI",20,20
327,Nashik,Ahilyanagar,625,2018-19,ANM,"SHRUTI NURSING SCHOOL, SHRIRAMPUR, AHMEDNAGAR",20,12
328,Nashik,Ahilyanagar,626,2018-19,ANM,"KOPARGAON NURSING SCHOOL, KOPERGAON, AHMEDNAGAR",20,12
329,Pune,Sangli,627,2018-19,ANM,"LAXMIPRABHA NURSING INSTITUTE, MIRAJ, SANGLI",20,20
330,Pune,Sangli,628,2018-19,ANM,"SHABBIR AHMED ANSARI NURSING SCHOOL, MIRAJ, SANGLI",20,11
331,Nashik,Ahilyanagar,629,2018-19,ANM,"LATE BHAU DAJI PATIL DESHMUKH GRAMIN VIKAS PRATISHTHAN'S RANM SCHOOL, AHMEDNAGAR",20,20
332,Nashik,Ahilyanagar,630,2018-19,ANM,"SAWALI SCHOOL OF NURSING, PARNER, AHMEDNAGAR",20,14
333,Pune,Pune,633,2018-19,ANM,"TILAK MAHARASHTRA VIDYAPEETH INSTITUTE OF NURSING EDUCATION  RESEARCH, PUNE",20,11
334,Nashik,Ahilyanagar,634,2018-19,ANM,"JIJAMATA NURSING SCHOOL, SHEVGAON, AHMEDNAGAR",20,20
335,Pune,Sangli,635,2018-19,ANM,"DHANVANTARI INSTITUTE OF NURSING  PARAMEDICAL SCIENCES, SHIRALA, SANGLI",20,13
336,Pune,Solapur,636,2018-19,ANM,"VIJAYSINH MOHITE PATIL SCHOOL OF NURSING, MALSHIRAS, SOLAPUR",20,8
337,Pune,Pune,637,2018-19,ANM,"LATE UDHAVRAO TULSHIRAM JADHAVAR FOUNDATIONS INSTITUTE OF NURSING, PUNE",20,20
338,Pune,Solapur,638,2018-19,ANM,"SARDARBI INSTITUTE OF NURSING EDUCATION, MOHOL, SOLAPUR",20,17
339,Pune,Solapur,642,2018-19,ANM,"JANKALYAN INSTITUTE OF NURSING EDUCATION, PANDHARPUR, SOLAPUR",20,16
340,Pune,Satara,645,2018-19,ANM,"WILLIS F. PIERCE MEMORIAL HOSPITAL, WAI, SATARA",20,20
341,Pune,Pune,650,2018-19,ANM,"YASH INSTITUTE OF NURSING  PARAMEDICAL SCIENCES, INDAPUR, PUNE",20,20
342,Pune,Sangli,651,2018-19,ANM,"SHRI DATTA SCHOOL OF NURSING, SHIRALA, SANGLI",20,20
343,Pune,Solapur,652,2018-19,ANM,"DHANSHRI INSTITUTE OF NURSING, MADHA, SOLAPUR",20,20
344,Nagpur,Wardha,653,2018-19,ANM,"CHETNA NURSING INSTITUTE, WARDHA",20,20
345,Amravati,Buldana,654,2018-19,ANM,"JIJAMATA SCHOOL OF NURSING, BULDANA",20,20
346,Nagpur,Chandrapur,655,2018-19,ANM,"DEONIL SCHOOL OF NURSING, MUL, CHANDRAPUR",20,20
347,Amravati,Amravati,656,2018-19,ANM,"SARASWATI INSTITUTE OF NURSING SCIENCES AND RESEARCH, AMRAVATI",40,40
348,Nagpur,Bhandara,657,2018-19,ANM,"MAHALAXMI NURSING SCHOOL, TUMSAR, BHANDARA",20,20
349,Nagpur,Gondia,658,2018-19,ANM,"KAMALATAI BUDHE NURSING SCHOOL, GONDIA",20,20
350,Nagpur,Wardha,659,2018-19,ANM,"NANDATAI LOHAVE SCHOOL OF NURSING, WARDHA",20,20
351,Nagpur,Wardha,660,2018-19,ANM,"D. P. NURSING SCHOOL & RESEARCH INSTITUTE, WARDHA",20,19
352,Nagpur,Bhandara,661,2018-19,ANM,"SAI NURSING SCHOOL, TUMSAR, BHANDARA",20,20
353,Nagpur,Nagpur,663,2018-19,ANM,"SAIRAM SCHOOL OF NURSING, RAMTEK, NAGPUR",20,20
354,Nagpur,Chandrapur,664,2018-19,ANM,"MOTHER TERESA NURSING ACADAMY, BALLARPUR, CHANDRAPUR",30,4
355,Nagpur,Nagpur,666,2018-19,ANM,"ACHARYA VINOBA BHAVE SCHOOL OF NURSING, KATOL, NAGPUR",30,30
356,Amravati,Yavatmal,668,2018-19,ANM,"SWA. RUPESHKUMAR INGOLE SCHOOL OF NURSING, YAVATMAL",20,20
357,Amravati,Yavatmal,670,2018-19,ANM,"MAHAJAN NURSING SCHOOL, YAVATMAL",20,20
358,Amravati,Buldana,671,2018-19,ANM,"PAINGANGA INSTITUTE OF NURSING, BULDANA",20,20
359,Nagpur,Gadchiroli,672,2018-19,ANM,"SHRI SAI SCHOOL OF NURSING, ARMORI, GADCHIROLI",20,17
360,Amravati,Yavatmal,673,2018-19,ANM,"INDIRABAI BHOYAR SCHOOL OF NURSING, GHATANJI, YAVATMAL",20,12
361,Nagpur,Wardha,674,2018-19,ANM,"KINKAR SCHOOL OF NURSING, SELOO, WARDHA",20,18
362,Nagpur,Chandrapur,675,2018-19,ANM,"SANT GAJANAN MAHARAJ NURSING SCHOOL, SINDE WAHI, CHANDRAPUR",20,20
363,Amravati,Buldana,676,2018-19,ANM,"MAHATMA JYOTIBA PHULE BAHU. SHIKSHAN SANSTHAS NURSING SCHOOL, CHIKHALI, BULDHANA",20,20
364,Nagpur,Bhandara,679,2018-19,ANM,"AROMIRA SCHOOL OF NURSING, BHANDARA",20,14
365,Amravati,Buldana,680,2018-19,ANM,"DR. K. B. MAPRI INSTITUTE OF NURISNG, LONAR, BULDHANA",20,20
366,Amravati,Amravati,681,2018-19,ANM,"VIDHARBH SCHOOL OF NURSING, AMRAVATI",20,20
367,Amravati,Buldana,682,2018-19,ANM,"KALASKAR NURSING INSTITUTE, NANDURA, BULDHANA",20,20
368,Nagpur,Nagpur,683,2018-19,ANM,"SUMANTAI WASNIK INSTITUTE OF NURSING, NAGPUR",20,19
369,Nagpur,Wardha,686,2018-19,ANM,"SATAO NURSING TRAINING SCHOOL, WARDHA",20,18
370,Nagpur,Bhandara,687,2018-19,ANM,"NAV  YUVA NURSING SCHOOL, BHANDARA",30,29
371,Nagpur,Nagpur,688,2018-19,ANM,"POOJA NURSING SCHOOL, NAGPUR",40,40
372,Nagpur,Gondia,689,2018-19,ANM,"HEALTH CARE NURSING SCHOOL, AMGAON, GONDIA",20,20
373,Nagpur,Bhandara,690,2018-19,ANM,"G.S.NURSING SCHOOL, SAKOLI, BHANDARA",20,19
374,Chh. Sambhaji Nagar,Chh. Sambhaji Nagar,694,2018-19,ANM,"SHRI GORAKSHA NURSING SCHOOL, PHULAMBRI, AURANGABAD",20,20
375,Chh. Sambhaji Nagar,Latur,696,2018-19,ANM,"JIJAMATA NURSING SCHOOL, LATUR",20,20
376,Chh. Sambhaji Nagar,Beed,697,2018-19,ANM,"SHREE VENKATESHA NURSING SCHOOL, BEED",20,17
377,Chh. Sambhaji Nagar,Latur,699,2018-19,ANM,"S.G.NURSING SCHOOL, LATUR",20,0
378,Chh. Sambhaji Nagar,Beed,700,2018-19,ANM,"GANDHI NURSING SCHOOL, ASHTI, BEED",20,14
379,Chh. Sambhaji Nagar,Chh. Sambhaji Nagar,701,2018-19,ANM,"MAHARAJA  SAYAJIRAO GAIKWAD NURSING SCHOOL, AURANGABAD",20,20
380,Chh. Sambhaji Nagar,Beed,702,2018-19,ANM,"RASHTRAMATA JIJAU NURSING SCHOOL, PATODA, BEED",20,20
381,Chh. Sambhaji Nagar,Beed,704,2018-19,ANM,"VISHWAS SAWANT NURSING SCHOOL, BEED",20,14
382,Chh. Sambhaji Nagar,Parbhani,705,2018-19,ANM,"INDIRA GANDHI A.N.M. NURSING SCHOOL, PARBHANI",20,20
383,Chh. Sambhaji Nagar,Chh. Sambhaji Nagar,707,2018-19,ANM,"DR. DAHIPHALE MEDICAL FOUNDATION TRUST'S SCHOOL OF NURSING, AURANGABAD",20,20
384,Chh. Sambhaji Nagar,Nanded,709,2018-19,ANM,"GANSHANTI NURSING SCHOOL, NANDED",20,20
385,Chh. Sambhaji Nagar,Nanded,710,2018-19,ANM,"RAM RATAN NURSING INSTITUTE, BHOKAR, NANDED",20,20
386,Chh. Sambhaji Nagar,Dharashiv,711,2018-19,ANM,"BILL GATES NURSING SCHOOL, OSMANABAD",20,15
387,Chh. Sambhaji Nagar,Latur,714,2018-19,ANM,"JAWALGE NURSING SCHOOL, LATUR",20,20
388,Chh. Sambhaji Nagar,Nanded,717,2018-19,ANM,"GOVINDRAO PAUL NURSING SCHOOL, NANDED",30,30
389,Chh. Sambhaji Nagar,Dharashiv,718,2018-19,ANM,"RENUKA NURSING RANM SCHOOL, KALAMB, OSMANABAD",20,20
390,Chh. Sambhaji Nagar,Latur,719,2018-19,ANM,"DAYEE INSTITUTE OF NURSING,LATUR",20,20
391,Chh. Sambhaji Nagar,Chh. Sambhaji Nagar,721,2018-19,ANM,"SAVITRIBAI PHULE NURSING SCHOOL, KANNAD, AURANGABAD",20,20
392,Chh. Sambhaji Nagar,Parbhani,722,2018-19,ANM,"RAJMATA AHILYA DEVI INSTITUTION OF NURSING, PARBHANI",20,20
393,Chh. Sambhaji Nagar,Parbhani,725,2018-19,ANM,"KAI. MUNIRAM NIKE NURSING SCHOOL, SONPETH, PARBHANI",20,20
394,Chh. Sambhaji Nagar,Parbhani,727,2018-19,ANM,"RADHAI INSTITUTE OF NURSING SCHOOL, GANGAKHED, PARBHANI",20,17
395,Chh. Sambhaji Nagar,Latur,728,2018-19,ANM,"PUSHPAI NURSING SCHOOL, AHMEDPUR, LATUR",20,20
396,Chh. Sambhaji Nagar,Nanded,732,2018-19,ANM,"SWAMI RAMANAND TIRTH NURSING INSTITITUE, KANDHAR, NANDED",20,19
397,Chh. Sambhaji Nagar,Beed,733,2018-19,ANM,"PRAGATI NURSING SCHOOL, PATODA, BEED",20,16
398,Chh. Sambhaji Nagar,Beed,734,2018-19,ANM,"SAMARTH NURSING SCHOOL, WADVANI, BEED",20,19
399,Chh. Sambhaji Nagar,Parbhani,740,2018-19,ANM,"SAMARTH NURSING SCHOOL, PARBHANI",20,15
400,Chh. Sambhaji Nagar,Chh. Sambhaji Nagar,746,2018-19,ANM,"SHEETAL NURSING SCHOOL, AURANGABAD",20,11
401,Chh. Sambhaji Nagar,Latur,748,2018-19,ANM,"SAVITHRIBAI PULE NURSING SCHOOL, JALKOT, LATUR",20,19
402,Chh. Sambhaji Nagar,Nanded,749,2018-19,ANM,"GANGABAI PATIL NURSING SCHOOL, BILOLI, NANDED",20,20
403,Chh. Sambhaji Nagar,Beed,750,2018-19,ANM,"SANSKRUTI NURSING SCHOOL, BEED",20,16
404,Chh. Sambhaji Nagar,Hingoli,751,2018-19,ANM,"SHRAVNI INSTISUTE OF NURSING, BASMAT, HINGOLI",20,20
405,Chh. Sambhaji Nagar,Chh. Sambhaji Nagar,754,2018-19,ANM,"BHARTIYA NURSING SCHOOL, AURANGABAD",20,20
406,Chh. Sambhaji Nagar,Parbhani,756,2018-19,ANM,"SHRI SURESHDADA DESHMUKH INSTITUTE OF NURSING, PARBHANI",20,20
407,Chh. Sambhaji Nagar,Nanded,757,2018-19,ANM,"BHIVRAJ KALANTRI NURSING INSTITUTE, NANDED",20,18
408,Chh. Sambhaji Nagar,Beed,758,2018-19,ANM,"KAI BABURAO GHULE SCHOOL OF NURSING, AMBAJOGAI, BEED",20,20
409,Chh. Sambhaji Nagar,Nanded,760,2018-19,ANM,"RAJMATA JIJAU NURSING SCHOOL, NANDED",20,20
410,Chh. Sambhaji Nagar,Nanded,763,2018-19,ANM,"MOTHER TERESA NURSING SCHOOL, NANDED",20,16
411,Chh. Sambhaji Nagar,Nanded,764,2018-19,ANM,"OMKAR NURSING SCHOOL, BILOLI, NANDED",20,20
412,Chh. Sambhaji Nagar,Latur,765,2018-19,ANM,"MAHARASHTARA NURSING SCHOOL, CHAKUR, LATUR",20,19
413,Chh. Sambhaji Nagar,Nanded,767,2018-19,ANM,"ADARSHA NURSING SCHOOL, DEGLOOR, NANDED",20,19
414,Chh. Sambhaji Nagar,Beed,768,2018-19,ANM,"RAMLING VIGHNE NURSING SCHOOL, BEED",20,20
415,Nagpur,Gondia,769,2018-19,ANM,"S. CHANDRA NURSING SCHOOL, AMGAON, GONDIA",20,19
416,Nagpur,Gondia,770,2018-19,ANM,"SMT. GUNAMALA JAIN CHARITABLE TRUSTS INSTITUTE OF NURSING EDUCATION, GONDIA",20,20
417,Nagpur,Gondia,771,2018-19,ANM,"SMT. LAXMIBAI CHANDEKAR NURSING SCHOOL, GORGAON, GONDIA",20,20
418,Nagpur,Gondia,772,2018-19,ANM,"GONDIA CITY INSTITUTE OF NURSING & PARAMEDICAL SCIENCES, GONDIA",20,20
419,Chh. Sambhaji Nagar,Latur,775,2018-19,ANM,"MATRUBHOOMI NURSING SCHOOL, UDGIR, LATUR",30,30
420,Chh. Sambhaji Nagar,Dharashiv,777,2018-19,ANM,"K.T. PATIL SCHOOL OF  NURSING, OSMANABAD",20,20
421,Chh. Sambhaji Nagar,Chh. Sambhaji Nagar,779,2018-19,ANM,"AURANGABAD NURSING SCHOOL, AURANGABAD",20,20
422,Chh. Sambhaji Nagar,Chh. Sambhaji Nagar,780,2018-19,ANM,"SHAHNAWAZ NURSING SCHOOL, AURANGABAD",20,20
423,Chh. Sambhaji Nagar,Nanded,781,2018-19,ANM,"NARMADA NURSING INSTITUTE , LOHA, NANDED",20,0
424,Chh. Sambhaji Nagar,Chh. Sambhaji Nagar,783,2018-19,ANM,"SHAHU MAHARAJ NURSING SCHOOL, AURANGABAD",20,10
425,Chh. Sambhaji Nagar,Parbhani,786,2018-19,ANM,"TORJA NURSING SCHOOL, PARBHANI",20,20
426,Chh. Sambhaji Nagar,Dharashiv,787,2018-19,ANM,"SAI NURSING COLLEGE, UMERGA, OSMANABAD",20,19
427,Chh. Sambhaji Nagar,Latur,788,2018-19,ANM,"NEW MOTHER TERESA A.N.M. SCHOOL OF NURSING, UDGIR, LATUR",20,14
428,Chh. Sambhaji Nagar,Parbhani,790,2018-19,ANM,"SAISHA NURSING SCHOOL, PURNA, PARBHANI",20,20
429,Chh. Sambhaji Nagar,Hingoli,791,2018-19,ANM,"INDIRA GANDHI NURSING SCHOOL, BASMAT, HINGOLI",20,20
430,Chh. Sambhaji Nagar,Nanded,792,2018-19,ANM,"MUKTAI NURSING SCHOOL, NANDED",20,20
431,Chh. Sambhaji Nagar,Parbhani,794,2018-19,ANM,"YESHWANT INSTITUTE OF NURSING,  PARBHANI",20,19
432,Chh. Sambhaji Nagar,Hingoli,795,2018-19,ANM,"LATE S. D. MASKE SCHOOL OF NURSING, HINGOLI",20,19
433,Chh. Sambhaji Nagar,Beed,797,2018-19,ANM,"DIPTI AAHER NURSING SCHOOL, AMBAJOGAI, BEED",20,20
434,Chh. Sambhaji Nagar,Hingoli,798,2018-19,ANM,"MOTHER TERESA NURSING SCHOOL, HINGOLI",20,20
435,Chh. Sambhaji Nagar,Nanded,799,2018-19,ANM,"MOTHER TERESA NURSING INSTITUTE, KANDHAR, NANDED",20,20
436,Konkan,Ratnagiri,806,2018-19,ANM,"Devang A.N.M. Nursing School, Ratnagiri",20,20
437,Pune,Satara,807,2018-19,ANM,"RAJMATA NURSING SCHOOL, SATARA",20,16
438,Pune,Kolhapur,808,2018-19,ANM,"Late. Ushatai Nursing School, Kolhapur",20,17
439,Pune,Sangli,809,2018-19,ANM,"Smt. Padmini Institute of Nursing  Paramedical Sciences, Atpadi, Sangli",20,16
440,Nashik,Ahilyanagar,810,2018-19,ANM,"Saibaba Nursing School, Kolpewadi,  Ahmednagar",40,40
441,Nashik,Ahilyanagar,811,2018-19,ANM,"Raj Laxmi Nursing School, Ahmednagar",20,10
442,Nagpur,Wardha,813,2018-19,ANM,"Dimond Nursing Institute, Deoli, Wardha",20,19
443,Nagpur,Wardha,814,2018-19,ANM,"Kasturba Nursing School, Samudrapur, Wardha",20,20
444,Nagpur,Gondia,819,2018-19,ANM,"S.M.Nursing School, Gondia",20,20
445,Amravati,Buldana,820,2018-19,ANM,"Vision Nursing School, Buldhana",20,20
446,Amravati,Yavatmal,821,2018-19,ANM,"Varsharaj Nursing School, Wani, Yavatmal",20,17
447,Nagpur,Chandrapur,822,2018-19,ANM,"Jijamata Insitute of Nursing, Bhadrawati, Chandrapur",20,0
448,Nagpur,Chandrapur,824,2018-19,ANM,"Rashtriy Nursing School, Rajura, Chandrapur",20,17
449,Nagpur,Nagpur,825,2018-19,ANM,"Aakar School of Nursing, Nagpur",20,15
450,Nagpur,Nagpur,826,2018-19,ANM,"Tanisq School of Nursing, Nagpur",30,30
451,Chh. Sambhaji Nagar,Hingoli,829,2018-19,ANM,"Ananditai Bengal Nursing School, Sengaon, Hingoli",20,20
452,Chh. Sambhaji Nagar,Latur,831,2018-19,ANM,"RAJGURU SCHOOL OF NURSING, UDGIR, LATUR",20,20
453,Chh. Sambhaji Nagar,Beed,838,2018-19,ANM,"Swaraj Indira Gandhi Nursing School, Patoda, Beed",20,20
454,Konkan,Ratnagiri,870,2018-19,ANM,"The Yash Foundations College of  Nursing  Medical Research Institute, Ratnagiri",30,21
455,Nashik,Ahilyanagar,880,2018-19,ANM,"Praytna Nursing College, Ahmednagar",20,20
456,Pune,Pune,898,2018-19,ANM,"Dhareshwar Institute of Nursing, Pune",20,20
457,Nagpur,Nagpur,924,2018-19,ANM,"Shree Sai School of Nursing, Umrer, Nagpur",20,20
458,Nagpur,Bhandara,935,2018-19,ANM,"Spandan Nursing School, Pauni, Bhandara",20,15
459,Nagpur,Gondia,937,2018-19,ANM,"RADHABAI BAHEKAR SCHOOL OF NURSING,  GONDIA.",20,20
460,Chh. Sambhaji Nagar,Beed,939,2018-19,ANM,"District Hospital, Beed",20,17
461,Chh. Sambhaji Nagar,Chh. Sambhaji Nagar,942,2018-19,ANM,"Aurangabad Training School of Nursing,Shivajinagar, Aurangabad",20,7
462,Chh. Sambhaji Nagar,Nanded,971,2018-19,ANM,"Marathwada Nursing School, Nanded",20,20
463,Amravati,Yavatmal,1002,2018-19,ANM,"Devyani School of Nursing, Yavatmal",20,20
464,Amravati,Buldana,1003,2018-19,ANM,"Dnyandeep Vimukta Va Bhatkya  Jati, Jamati Shikshan Prasarak Mandal Nursing School, Buldhana",20,20
465,Konkan,Mumbai Suburban,1011,2018-19,ANM,"SMT. D.Y.SAWANT NURSING SCHOOL, BHANDUP",20,20
466,Chh. Sambhaji Nagar,Nanded,1014,2018-19,ANM,"TIRUMALA ANM SCHOOL OF NURSING,HADGAON,NANDED",20,20
467,Nashik,Ahilyanagar,1017,2018-19,ANM,"SHRIRAMPUR NURSING SCHOOL, SHRIAMPUR, AHMEDNAGAR",20,12
468,Chh. Sambhaji Nagar,Parbhani,1021,2018-19,ANM,"GENERAL HOSPITAL, PARBHANI",20,20
469,Konkan,Thane,1022,2018-19,ANM,"SAKET GYANPEETH TRUST, THANE",20,15
470,Konkan,Raigarh,1023,2018-19,ANM,"MANGAON EDUCATION TRUST, MANGAON, RAIGAD",20,15
471,Nagpur,Gondia,1025,2018-19,ANM,"K.T.S. GENERAL HOSPITAL, GONDIA",20,20
472,Chh. Sambhaji Nagar,Beed,1026,2018-19,ANM,"SOU RUKHMINI MANOHAR MACHALE  NURSING SCHOOL, BEED",20,20
473,Chh. Sambhaji Nagar,Beed,1028,2018-19,ANM,"UNIQUE RANM NURSING SCHOOL, PARLI, BEED",20,20
474,Chh. Sambhaji Nagar,Chh. Sambhaji Nagar,1029,2018-19,ANM,"MONICA NURSING SCHOOL, AURANGABAD",20,19
475,Amravati,Akola,1030,2018-19,ANM,"MAA ANUSAYA SCHOOL OF NURSING, AKOLA",20,20
476,Chh. Sambhaji Nagar,Jalna,1031,2018-19,ANM,"Sharda Nursing School,Jalna",20,20
477,Chh. Sambhaji Nagar,Parbhani,1032,2018-19,ANM,"Aai Institute of Nursing, Parbhani",20,20
478,Konkan,Sindhudurg,1034,2018-19,ANM,"LATE MRS. ABOLI KULDEEP PEDNEKAR NURSING INSTITUTE, TALERE, SINDHUDURG",20,16
479,Chh. Sambhaji Nagar,Chh. Sambhaji Nagar,1035,2018-19,ANM,"CIVIL HOSPITAL, AMKHAS MAIDAN, AURANGABAD",20,19
480,Chh. Sambhaji Nagar,Hingoli,1038,2018-19,ANM,"V.B.N. NURSING SCHOOL, HINGOLI",20,20
481,Chh. Sambhaji Nagar,Parbhani,1039,2018-19,ANM,"BLESSING INSTITUTE OF NURSING, PARBHANI",20,20
482,Nagpur,Nagpur,1040,2018-19,ANM,"INDIRA GANDHI SCHOOL OF NURSING,Golchha marg,sadar, NAGPUR",20,20
483,Nagpur,Gondia,1041,2018-19,ANM,"ASHWINI NURSING TRAINING SCHOOL, GONDIA",20,20
484,Amravati,Amravati,1043,2018-19,ANM,"ASHA NURSING SCHOOL, AMRAVATI",20,20
485,Nagpur,Nagpur,1044,2018-19,ANM,"AVATAR MEHER BABA SCHOOL OF NURSING, NAGPUR",20,20
486,Nagpur,Wardha,1045,2018-19,ANM,"MAHATMA GANDHI NURSING INSTITUTE, DEOLI, WARDHA",20,20
487,Amravati,Amravati,1049,2018-19,ANM,"SARSWATI NURSING SCHOOL, DHAMANGAON, AMRAVATI",20,20
488,Amravati,Washim,1050,2018-19,ANM,"GENERAL HOSPITAL, WASHIM",10,10
489,Chh. Sambhaji Nagar,Beed,1051,2018-19,ANM,"DISTRICT HOSPITAL, SAWARGAON, AMBAJOGAI, BEED",20,15
490,Pune,Solapur,1052,2018-19,ANM,"SMT. KAMALBEN PATEL INSTITUTE OF NURISNG, KUMBHARI, SOLAPUR",20,20
491,Pune,Solapur,1065,2018-19,ANM,"Shri Shivaji Shikshan Prasarak Mandals, College of Nursing, Solapur",30,0
492,Nashik,Nashik,1099,2018-19,ANM,"Training college of Nursing, general hospital malegaon nashik",20,20
493,Nashik,Nandurbar,1101,2018-19,ANM,"GENERAL HOSPITAL, NANDURBAR",10,10
494,Amravati,Yavatmal,1102,2018-19,ANM,"GENERAL HOSPITAL, PUSAD, YAVATMAL",10,10
495,Chh. Sambhaji Nagar,Hingoli,1103,2018-19,ANM,"GENERAL HOSPITAL, HINGOLI",10,10
496,Konkan,Thane,4,2018-19,GNM,"V. S. GENERAL HOSPITAL, THANE",20,20
497,Konkan,Raigarh,6,2018-19,GNM,"GENERAL HOSPITAL,  ALIBAG",20,20
498,Konkan,Ratnagiri,7,2018-19,GNM,"GENERAL HOSPITAL, RATNAGIRI",20,19
499,Nashik,Nashik,8,2018-19,GNM,"GENERAL HOSPITAL, NASIK",20,19
500,Nashik,Dhule,9,2018-19,GNM,"GENERAL HOSPITAL,  DHULE",20,20
501,Nashik,Jalgaon,10,2018-19,GNM,"GENERAL HOSPITAL,  JALGAON",20,18
502,Nashik,Nashik,12,2018-19,GNM,GANPATRAO ADKE INE.  NASIK,30,30
503,Nashik,Nashik,13,2018-19,GNM,"NASIK MEDICO TRAINING COLLEGE OF NURSING, NASIK",40,40
504,Konkan,Ratnagiri,14,2018-19,GNM,"RAMRAJE SCH. NSG, RCON DAPOLI, RATNAGIRI",40,40
505,Konkan,Raigarh,16,2018-19,GNM,"NOOTAN SCHOOL OF NURSING, RAIGAD",40,40
506,Konkan,Raigarh,26,2018-19,GNM,"KALAVATI INSTITUTE OF NURSING EDUCATION,  AIROLI NAVI MUMBAI",40,40
507,Konkan,Ratnagiri,29,2018-19,GNM,"PARKAR MEDICAL FOUNDATION SCHOOL OF NURSING, RATNAGIRI",20,20
508,Nashik,Nashik,33,2018-19,GNM,"NAMCO SCHOOL OF NURSING, NASIK",40,40
509,Konkan,Sindhudurg,35,2018-19,GNM,"SHREE ANANT SMRUTI SCHOOL OF NURSING, KASAL",20,18
510,Nashik,Nashik,38,2018-19,GNM,"NASHIK NURSING SCHOOL, NASHIK",40,40
511,Nashik,Ahilyanagar,39,2018-19,GNM,"GENERAL HOSPITAL,AHMEDNAGAR",20,20
512,Pune,Satara,40,2018-19,GNM,"GENERAL HOSPITAL, SATARA",20,20
513,Pune,Kolhapur,41,2018-19,GNM,"C.P.R. GENERAL HOSPITAL, KOLHAPUR",20,20
514,Pune,Solapur,42,2018-19,GNM,"DHANRAJGIRIJI HOSPITAL,  SOLAPUR",20,20
515,Nashik,Ahilyanagar,51,2018-19,GNM,KRANTI SCHOOL OF NURSING  AHMEDNAGAR,40,40
516,Pune,Kolhapur,53,2018-19,GNM,"DR. J. J. MAGDUM SON, SHIROL, KOLHAPUR",20,20
517,Pune,Solapur,54,2018-19,GNM,"ASHWINI SAHAKARI SON,  SOLAPUR",30,30
518,Pune,Pune,62,2018-19,GNM,"Sevadham Trust A.S.M.T. SON, MAVAL, PUNE,",20,18
519,Pune,Solapur,64,2018-19,GNM,"SHIVAJI SHIKSHAN PRASARAK MANDALS, SON, BARSHI, SOLAPUR",20,20
520,Pune,Pune,65,2018-19,GNM,"ANAND MEDICAL FOUNDATION, SON, KURULI, KHED, PUNE",20,20
521,Pune,Sangli,66,2018-19,GNM,"KAMAL INSTITUTE OF NURSING EDUCATION, JATH, SANGLI",20,19
522,Pune,Sangli,72,2018-19,GNM,"UMA INST. OF NURSING EDUCATION, SANGLI",20,18
523,Nashik,Ahilyanagar,73,2018-19,GNM,"SEVA NURSING SCHOOL, AHMEDNAGAR",40,40
524,Pune,Kolhapur,74,2018-19,GNM,"KEDARI REDEKAR  NURSING SCHOOL, GADHINGLAJ, KOLHAPUR",20,20
525,Pune,Satara,90,2018-19,GNM,"PHALTAN EDUCATION SOCIETY, SCHOOL OF NURSING, PHALTAN ,SATARA",40,40
526,Nagpur,Wardha,101,2018-19,GNM,"FLORENCE NIGHTINGALE TRAINING COLLEGE OF NURSING,WARDHA.",100,100
527,Amravati,Amravati,107,2018-19,GNM,"DIST.HOSPITAL FOR WOMEN , AMRAVATI",10,10
528,Nagpur,Chandrapur,109,2018-19,GNM,"GENERAL HOSPITAL,CHANDRAPUR",30,20
529,Nagpur,Bhandara,112,2018-19,GNM,"GENERAL HOSPITAL, BHANDARA",10,10
530,Nagpur,Gadchiroli,113,2018-19,GNM,GENERAL HOSPITAL  GADCHIROLI,10,9
531,Amravati,Yavatmal,115,2018-19,GNM,"HELEN ROSE SCHOOL OF NURSING UMRI, YAVATMAL",20,20
532,Amravati,Amravati,116,2018-19,GNM,"MAA GAYATRI SCHOOL OF NURSING, ACHALPUR, AMRAVATI",20,16
533,Amravati,Akola,118,2018-19,GNM,"INSTITUTE OF NURSING EDUCATION & RESEARCH, AKOLA",40,40
534,Amravati,Yavatmal,119,2018-19,GNM,"SUMITRABAI THAKARE TRAINING COLLEGE OF NURSING, YAVATMAL",40,40
535,Amravati,Akola,122,2018-19,GNM,"NATIONAL SCHOOL OF NURSING , AKOLA",20,20
536,Nagpur,Bhandara,126,2018-19,GNM,"SMT. K. N. PATEL  SCHOOL OF NURSING, BHANDARA",20,20
537,Nagpur,Chandrapur,131,2018-19,GNM,"PRABHADEVI NURSING SCHOOL, CHANDRAPUR",20,20
538,Amravati,Amravati,146,2018-19,GNM,DR. PANJABRAO DESHMUKH INST. OF NSG. AMRAVATI,30,30
539,Nagpur,Wardha,149,2018-19,GNM,"SHALOM SCHOOL OF NURSING, WARDHA",20,20
540,Nagpur,Wardha,151,2018-19,GNM,"KASABAI SCHOOL OF NURSING, SEVAGRAM,WARDHA",20,20
541,Chh. Sambhaji Nagar,Nanded,158,2018-19,GNM,"SHRI GURU GOVINDSINGHJI MEMORIAL HOSPITAL, SON, NANDED",50,19
542,Chh. Sambhaji Nagar,Dharashiv,161,2018-19,GNM,"GENERAL HOSPITAL, SON, OSMANABAD",20,20
543,Chh. Sambhaji Nagar,Beed,164,2018-19,GNM,"VITHAI HOSPITAL AND RESEARCH CENTRE, SON, BEED",40,39
544,Chh. Sambhaji Nagar,Chh. Sambhaji Nagar,168,2018-19,GNM,"SHRI DHANESHWARI MANAV VIKAS MANDAL,  AURANGABAD",20,20
545,Chh. Sambhaji Nagar,Jalna,169,2018-19,GNM,"SHRI SAI  INSTITUE OF NURSING, JALNA",20,20
546,Chh. Sambhaji Nagar,Parbhani,170,2018-19,GNM,"MAULI INSTITUTE OF NURSING, PARBHANI",40,40
547,Konkan,Mumbai City,175,2018-19,GNM,"G.T. HOSPITAL, MUMBAI",25,23
548,Konkan,Mumbai City,177,2018-19,GNM,"ST. GEORGES HOSPITAL, MUMBAI",20,20
549,Konkan,Mumbai City,178,2018-19,GNM,"B.Y.L.NAIR CHA. HOSP, MUMBAI",100,99
550,Konkan,Mumbai City,179,2018-19,GNM,"K.E.M. HOSPITAL , MUMBAI",100,98
551,Konkan,Mumbai Suburban,180,2018-19,GNM,"L.T.M.G.HOSPITAL, SION, MUMBAI",100,96
552,Konkan,Mumbai City,181,2018-19,GNM,"M.G.M.HOSPITAL, PAREL , MUMBAI",20,20
553,Konkan,Mumbai City,182,2018-19,GNM,"B.D.P. PARSEE GEN. HOSP.,MUMBAI",20,20
554,Konkan,Mumbai Suburban,186,2018-19,GNM,"HARILAL BHAGWATI MUNCIPAL GEN.HOSPITAL, SON, BORIVALI , MUMBAI",20,20
555,Konkan,Mumbai City,187,2018-19,GNM,"DR.R.N.COOPER HOSPITAL, SON, MUMBAI",30,29
556,Konkan,Mumbai City,188,2018-19,GNM,"K.J.SOMAIYA HOSPITAL  RES. CENTRE, SON, SION , MUMBAI",40,39
557,Konkan,Mumbai Suburban,189,2018-19,GNM,"HOLY SPIRIT HOSPITAL , ANDHERI , MUMBAI",30,28
558,Konkan,Mumbai Suburban,191,2018-19,GNM,"GURU NANAK HOSPITAL, SON, BANDRA , MUMBAI",20,20
559,Konkan,Mumbai Suburban,192,2018-19,GNM,"HOLY FAMILY INSTITUTE OF NURSING EDU., KURLA, MUMBAI",30,30
560,Konkan,Thane,193,2018-19,GNM,"SAU.MINATAI THAKARE INSTITUTE OF NURSING EDUCATION ,THANE",30,29
561,Konkan,Thane,194,2018-19,GNM,"UDAY GER SCHOOL OF NURSING, VASAI, THANE",25,25
562,Konkan,Raigarh,195,2018-19,GNM,"MGMS FLORENCE NIGHTINGALE INSTITUTE OF NSG EDU., NAVI MUMBAI",30,30
563,Nashik,Nashik,196,2018-19,GNM,M.V.P.SAMAJS Institute of Nursing education,60,59
564,Nashik,Nashik,197,2018-19,GNM,"GOKHALE EDUCATION SOCIETY , SON, VIDYANAGAR , NASIK",30,30
565,Nashik,Dhule,198,2018-19,GNM,"JAWAHAR MED.FOUNDATION, SON , DHULE",20,19
566,Konkan,Sindhudurg,199,2018-19,GNM,"MANAV SADHAN VIKAS SANSTHA, SON, KUDAL, SINDHUDURG",20,20
567,Konkan,Thane,201,2018-19,GNM,"INSTITUTE  OF  NURSING  EDUCATION , DOMBIVALI",20,20
568,Nashik,Nashik,203,2018-19,GNM,"GLOBAL HEALTH CARE INSTITUTE , COLLEGE OF NURSING , NASHIK",40,40
569,Konkan,Thane,204,2018-19,GNM,"BHAKTI VEDANTA HOSPITAL , SCHOOL OF NURSING , MIRAROAD,THANE",20,20
570,Konkan,Raigarh,205,2018-19,GNM,"YERALA MEDICAL TRUST & RESEARCH CENTRE, SCHOOL OF NURSING , KHARGHAR",60,60
571,Nashik,Nashik,206,2018-19,GNM,"SAHYADRI SEVA SANSTHA , INSTITUTE OF NURSING , NASIK",40,40
572,Nashik,Nandurbar,207,2018-19,GNM,"DEOMOGRA FOUNDATION TRUST , NANDURBAR",20,20
573,Konkan,Raigarh,208,2018-19,GNM,"PRABHAKAR PATIL INSTITUTE OF NURSING EDUCATION, PEN",20,20
574,Pune,Pune,210,2018-19,GNM,"K.E.M. HOSPITAL , PUNE",20,20
575,Pune,Pune,211,2018-19,GNM,"POONA HOSPITAL  RESEARCH CENTRE, SON, PUNE",40,37
576,Nashik,Ahilyanagar,212,2018-19,GNM,"E.BOOTH HOSPITAL, AHMEDNAGAR",20,19
577,Nashik,Ahilyanagar,213,2018-19,GNM,"ST.LUKES HOSPITAL, SHRIRAMPUR,   AHMEDNAGAR",25,24
578,Nashik,Ahilyanagar,214,2018-19,GNM,"PRAVARA MED. TRUST, COLLEGE OF NURSING, LONI, AHMEDNAGAR",100,100
579,Pune,Satara,215,2018-19,GNM,"KRISHNA HOSPITAL  MEDICAL RESEARCH CENTER , KARAD, SATARA",60,60
580,Pune,Sangli,216,2018-19,GNM,"WANLESS HOSPITAL COLLEGE OF NURSING, MIRAJ , DIST SANGLI",40,40
581,Pune,Sangli,217,2018-19,GNM,"GENERAL HOSPITAL, SANGLI",20,20
582,Pune,Solapur,218,2018-19,GNM,"GENERAL HOSPITAL, SOLAPUR",20,20
583,Pune,Pune,220,2018-19,GNM,"DR. D.Y. PATIL INST OF NURSING EDU , PIMPRI ,PUNE",30,30
584,Pune,Pune,221,2018-19,GNM,"BAKUL TAMBAT INSTITUTE OF NURSING EDUCATION, PUNE",60,59
585,Pune,Pune,222,2018-19,GNM,"BHAUSAHEB SARDESAI SCHOOL OF NURSING , TALEGAON GENERAL HOSPITAL , PUNE",20,20
586,Pune,Pune,223,2018-19,GNM,"BHARATI VIDYAPEETH COLLEGE OF NURSING , PUNE",50,50
587,Nashik,Ahilyanagar,224,2018-19,GNM,"SHRI VIVEKANAND SCHOOL OF NURSING , RAHURI , AHMEDNAGAR",40,40
588,Pune,Kolhapur,225,2018-19,GNM,"DR. D.Y.PATIL INSTITUTE OF NURSING EDUCATION , KOLHAPUR",30,30
589,Pune,Pune,226,2018-19,GNM,"DWARIKA SANGAMNER INSTITUTE OF NURSING EDUCATION, PUNE",20,18
590,Pune,Pune,227,2018-19,GNM,"N.M. WADIA HOSPITAL, SCHOOL OF NURSING, PUNE",20,20
591,Pune,Sangli,228,2018-19,GNM,"LOKNETE RAJARAMBAPU PATIL , TRG. COLL. OF NURSING , ISLAMPUR, WALWA, SANGLI",30,30
592,Pune,Sangli,230,2018-19,GNM,"KASEGAON EDUCATION SOCIETY, SCHOOL OF NURSING, ISLAMPUR, SANGLI",20,20
593,Pune,Pune,231,2018-19,GNM,"C Y DANGAT PATIL SHIKSHAN AND KRIDA MANDAL, SCHOOL OF NURSING , PUNE",20,20
594,Pune,Pune,232,2018-19,GNM,"GIRIRAJ SCHOOL OF NURSING , BARAMATI",30,30
595,Pune,Satara,233,2018-19,GNM,"LATE NARAYANDAS BHAWANGDAS CHHABADA TRAINING COLLEGE OF NURSING, SATARA",30,30
596,Nashik,Ahilyanagar,234,2018-19,GNM,"ANAND RISHIJI HOSPITAL  MEDICA RES CENTRE, SON, AHMEDNAGAR",30,29
597,Nashik,Ahilyanagar,235,2018-19,GNM,"PAD DR. V. VIKHE PATIL INSTITUTE OF NURSING EDUCATION, AHMEDNAGAR",80,80
598,Pune,Sangli,236,2018-19,GNM,"MARY BHORE GENERAL NURSING SCHOOL , MIRAJ",20,20
599,Pune,Sangli,238,2018-19,GNM,"GULABRAO PATIL INSTITUTE OF NURSING SCIENCES, MIRAJ, SANGLI",40,40
600,Pune,Pune,239,2018-19,GNM,"SUSHRUSHA NURSING SCHOOL, DAUND , PUNE",30,30
601,Pune,Satara,240,2018-19,GNM,"W.F.P.M., SCHOOL OF NURSING,  WAI, SATARA",30,29
602,Pune,Solapur,241,2018-19,GNM,"SAHARA INSTITUTE OF NURSING EDUCATION, AKLUJ , SOLAPUR",20,20
603,Nagpur,Nagpur,244,2018-19,GNM,"INDIRA GANDHI MEDICAL COLLEGE & HOSPITAL, NAGPUR",40,27
604,Nagpur,Nagpur,245,2018-19,GNM,"MURE MEMORIAL HOSPITAL SCHOOL OF NURSING, NAGPUR",30,30
605,Nagpur,Nagpur,246,2018-19,GNM,"MADHURIBAI DESHMUKH INST.OF NSG.EDU., NAGPUR",100,100
606,Nagpur,Wardha,247,2018-19,GNM,"KASTURBA HEALTH SOCIETY, SEVAGRAM, WARDHA",40,40
607,Amravati,Amravati,248,2018-19,GNM,"GENERAL HOSPITAL, AMRAVATI",20,20
608,Amravati,Akola,249,2018-19,GNM,"GENERAL  HOSPITAL, AKOLA",40,19
609,Nagpur,Nagpur,251,2018-19,GNM,"SURETECH COLLEGE OF NURSING, NAGPUR",40,40
610,Nagpur,Gadchiroli,253,2018-19,GNM,"DR. SALVE NURSING INSTITUTE  COLLEGE , GADCHIROLI",60,25
611,Amravati,Buldana,254,2018-19,GNM,"MOTHER TERESA SCHOOL OF NURSING , BULDANA",20,19
612,Amravati,Yavatmal,255,2018-19,GNM,"SAKSHI DESHMUKH INST OF NURSING , LOHARA , YAVATMAL",40,40
613,Amravati,Yavatmal,256,2018-19,GNM,"PRUTHVIRAJ DESHMUKH NURSING INSTITUTE, LOHARA, YAVATMAL",20,20
614,Chh. Sambhaji Nagar,Chh. Sambhaji Nagar,259,2018-19,GNM,"MAHATMA GANDHI MISSION INSTITUTE OF NURSING EDUCATION, AURANGABAD",100,96
615,Chh. Sambhaji Nagar,Jalna,260,2018-19,GNM,"JALNA MISSION HOSPITAL, JALNA",20,20
616,Chh. Sambhaji Nagar,Latur,262,2018-19,GNM,"GENERAL HOSPITAL, LATUR",20,20
617,Chh. Sambhaji Nagar,Beed,263,2018-19,GNM,"SHRI SWAMI VIVEKANAND SCHOOL OF NURSING, BEED",20,20
618,Chh. Sambhaji Nagar,Latur,264,2018-19,GNM,"SANT TUKARAM INSTITUTE OF NURSING EDUCATION, AHMEDPUR, LATUR",30,30
619,Chh. Sambhaji Nagar,Parbhani,265,2018-19,GNM,"INSTITUTE OF NURSING, PARBHANI",20,20
620,Nagpur,Nagpur,267,2018-19,GNM,"ASHARAM SCHOOL OF NURSING , NAGPUR",20,20
621,Chh. Sambhaji Nagar,Dharashiv,271,2018-19,GNM,"INDIRA GANDHI NURSING SCHOOL, OSMANABAD",30,30
622,Nashik,Ahilyanagar,278,2018-19,GNM,"PARVATIBAI MHASKE INSTITUTE OF NURSING, AHMEDNAGAR",20,20
623,Konkan,Ratnagiri,281,2018-19,GNM,"SAMARTH INSTITUTE OF NURSING EDUCATION, DERVAN",20,20
624,Nashik,Ahilyanagar,282,2018-19,GNM,"MAHARASHTRA HOMOEOPATHIC FOUNDATION'S SCHOOL OF NURSING , PATHAR ,  AHMEDNAGAR",20,20
625,Chh. Sambhaji Nagar,Jalna,283,2018-19,GNM,"VASANTRAO NAIK SHIKSHAN PRASARAK MANDAL, JALNA",40,40
626,Amravati,Buldana,300,2018-19,GNM,"ANANDI NURSING INSTITUTE  COLLEGE , BULDANA",20,20
627,Pune,Satara,303,2018-19,GNM,"APARNA INST. OF NURSING EDUCATION , KARAD",30,29
628,Chh. Sambhaji Nagar,Beed,308,2018-19,GNM,"YASHWANT NURSING SCHOOL, ASHTI, BEED",20,20
629,Pune,Pune,318,2018-19,GNM,"SHARDABAI PAWAR INSTITUTE OF NURSING, PUNE",20,20
630,Nashik,Jalgaon,323,2018-19,GNM,"GODAVARI COLLEGE OF  NURSING , JALGAON",100,100
631,Nagpur,Wardha,331,2018-19,GNM,SARASWATI NURSING SCHOOL GUNJKHEDA WARDHA,20,20
632,Chh. Sambhaji Nagar,Latur,335,2018-19,GNM,"G.B .PATIL SCHOOL OF NURSING, UDGIR, LATUR",20,20
633,Chh. Sambhaji Nagar,Latur,336,2018-19,GNM,"SHRI BHAGWAN NURSING SCHOOL, LATUR",20,20
634,Nashik,Ahilyanagar,342,2018-19,GNM,"SAI NURSING INSTITUTE , RAHATA, AHMEDNAGAR",20,20
635,Chh. Sambhaji Nagar,Latur,351,2018-19,GNM,"MAHARASHTRA COLLEGE OF NURSING, KAVA, LATUR",25,25
636,Konkan,Ratnagiri,352,2018-19,GNM,M.E.S SCHOOL OF NURSING KHED RATNAGIRI,40,40
637,Chh. Sambhaji Nagar,Latur,356,2018-19,GNM,"NAVJEEVAN CHARITABLE TRUST, LATUR",20,20
638,Nagpur,Gadchiroli,360,2018-19,GNM,"NAVJEEVAN NURSING SCHOOL, CHAMORSHI, GADCHIROLI",20,20
639,Konkan,Sindhudurg,362,2018-19,GNM,"BR. NATH PAI INSTITUTE OF NURSING, PINGULI, SINDHUDURGA",20,20
640,Nagpur,Bhandara,378,2018-19,GNM,"POOJA NURSING INSTITUTE , BHANDARA",40,40
641,Konkan,Sindhudurg,400,2018-19,GNM,"GENERAL HOSPITAL,  SINDHUDURG",20,20
642,Chh. Sambhaji Nagar,Beed,401,2018-19,GNM,"VAIDYANATH NURSING SCHOOL, ,PARALI-VAIJNATH, BEED",50,50
643,Chh. Sambhaji Nagar,Latur,408,2018-19,GNM,"MAHARASHTRA INSTITUTE OF MED. SCI & RE. NSG, LATUR",20,20
644,Chh. Sambhaji Nagar,Beed,412,2018-19,GNM,"JIJAMATA SCHOOL OF NURSING, MAJALGAON, BEED",20,20
645,Chh. Sambhaji Nagar,Chh. Sambhaji Nagar,415,2018-19,GNM,"AURANGABAD NURSING SCHOOL, BHALGAON, AURANGABAD",40,40
646,Pune,Kolhapur,428,2018-19,GNM,"SHRI BHAIRAVNATH NURSING SCHOOL , ICHALKARANJI  , KOLHAPUR",20,20
647,Pune,Pune,430,2018-19,GNM,"GURURAJ SCHOOL OF NURSING , PUNE",20,20
648,Konkan,Raigarh,444,2018-19,GNM,"DR. D. Y. PATIL INSTITUTE OF NURSING EDUCATION, NAVI MUMBAI",20,20
649,Chh. Sambhaji Nagar,Jalna,446,2018-19,GNM,"GENERAL HOSPITAL, JALANA",10,10
650,Chh. Sambhaji Nagar,Parbhani,477,2018-19,GNM,"BELESHWAR INSTITUTE OF NURSING, PARBHANI",30,30
651,Konkan,Thane,484,2018-19,GNM,"NAVJEEVAN SCHOOL OF NURSING, SHAHAPUR, THANE",20,20
652,Konkan,Raigarh,486,2018-19,GNM,"PRATIBHA SCHOOL OF NURSING, KOPERKHAIRANE, NAVI MUMBAI",20,20
653,Chh. Sambhaji Nagar,Chh. Sambhaji Nagar,490,2018-19,GNM,"Manik Nursing School, Garkhed, Aurangabad",20,20
654,Chh. Sambhaji Nagar,Latur,492,2018-19,GNM,"New Vision School of Nursing, Latur",20,20
655,Pune,Sangli,501,2018-19,GNM,"CHINGUAAI INSTITUTE OF NURSING EDUCATION, KAVATHE MAHANKAL, SANGLI",20,20
656,Nashik,Ahilyanagar,506,2018-19,GNM,"KOPERGAON TALUKA VIDYARTHI SAHAYYAK SCHOOL OF NURSING,KOPERGAON",20,20
657,Nashik,Ahilyanagar,524,2018-19,GNM,"SHREE SAI NURSING SCHOOL, JAMKHED, AHMEDNAGAR",60,50
658,Nashik,Nashik,541,2018-19,GNM,"KALWAN NURSING SCHOOL, KALWAN, NASHIK",20,20
659,Nashik,Nashik,542,2018-19,GNM,"DINDORI SCHOOL OF NURSING, DINDORI, NASHIK",20,20
660,Nashik,Nashik,543,2018-19,GNM,"YEOLA SCHOOL OF NURSING, YEOLA, NASHIK",30,30
661,Chh. Sambhaji Nagar,Chh. Sambhaji Nagar,545,2018-19,GNM,"Yeshwant Institute of Nursing, Paithan Road, Aurangabad",20,20
662,Chh. Sambhaji Nagar,Latur,546,2018-19,GNM,"SWAMI VIVEKANAND SHIKSHAN PRASARAK MANDAL, UDGIR, LATUR",20,20
663,Nagpur,Gondia,552,2018-19,GNM,"S. CHANDRA SCHOOL OF NURSING, ARJUNI GONDIA",20,20
664,Pune,Solapur,562,2018-19,GNM,"YASHODHARA NURSING INSTITUTE, SOLAPUR",20,20
665,Chh. Sambhaji Nagar,Beed,564,2018-19,GNM,"Late Ranghunathraoji Kendre Nursing School, Vaijnath, Beed",20,20
666,Amravati,Akola,568,2018-19,GNM,"MAHARSHI WALMIKI INSTITUTE OF NURSING MALKAPUR,AKOLA",20,20
667,Pune,Kolhapur,582,2018-19,GNM,"SANT GAJANAN MAHARAJ SCHOOL OF NURSING, CHINCHEWADI, GADHINGLAJ, KOLHAPUR",20,20
668,Konkan,Thane,587,2018-19,GNM,"SHRI GAJANAN MAHARAJ TRAINING SCHOOL OF  NURSING, JAWAHAR, THANE",30,30
669,Nashik,Nashik,592,2018-19,GNM,"SAI CARE NURSING SCHOOL, NASHIK",30,30
670,Nashik,Nashik,593,2018-19,GNM,"JIJAMATA NURSING SCHOOL, MALEGAON, NASHIK",20,20
671,Konkan,Raigarh,595,2018-19,GNM,"D. D. VISPUTE SCHOOL OF NURSING, PANVEL, RAIGAD",20,20
672,Nashik,Nashik,597,2018-19,GNM,"RAJEEV GANDHI GNM NURSING COLLEGE, SINNAR, NASHIK",20,20
673,Nashik,Ahilyanagar,604,2018-19,GNM,"MANGALA NURSING SCHOOL, AHMEDNAGAR",40,40
674,Pune,Kolhapur,606,2018-19,GNM,"LATE SOU ROSHANBI SHAMANJI NURSING SCHOOL, GADHINGLAJ, KOLHAPUR",20,19
675,Nashik,Ahilyanagar,625,2018-19,GNM,"SHRUTI NURSING SCHOOL, SHRIRAMPUR, AHMEDNAGAR",30,30
676,Nashik,Ahilyanagar,629,2018-19,GNM,"LATE BHAU DAJI PATIL DESHMUKH GRAMIN VIKAS PRATISHTHAN'S RANM SCHOOL, AHMEDNAGAR",20,20
677,Nashik,Ahilyanagar,634,2018-19,GNM,"JIJAMATA NURSING SCHOOL, SHEVGAON, AHMEDNAGAR",20,19
678,Pune,Solapur,636,2018-19,GNM,"VIJAYSINH MOHITE PATIL SCHOOL OF NURSING, MALSHIRAS, SOLAPUR",30,30
679,Pune,Pune,637,2018-19,GNM,"LATE UDHAVRAO TULSHIRAM JADHAVAR FOUNDATIONS INSTITUTE OF NURSING, PUNE",30,30
680,Pune,Solapur,638,2018-19,GNM,"SARDARBI INSTITUTE OF NURSING EDUCATION, MOHOL, SOLAPUR",20,19
681,Nashik,Ahilyanagar,647,2018-19,GNM,"SIDDHAKALA SCHOOL OF NURSING, SANGAMNER, AHMEDNAGAR",40,40
682,Pune,Pune,650,2018-19,GNM,"YASH INSTITUTE OF NURSING  PARAMEDICAL SCIENCES, INDAPUR, PUNE",20,20
683,Amravati,Amravati,656,2018-19,GNM,"SARASWATI INSTITUTE OF NURSING SCIENCES AND RESEARCH, AMRAVATI",40,40
684,Nagpur,Chandrapur,664,2018-19,GNM,"MOTHER TERESA NURSING ACADAMY, BALLARPUR, CHANDRAPUR",20,20
685,Nagpur,Bhandara,679,2018-19,GNM,"AROMIRA SCHOOL OF NURSING, BHANDARA",20,19
686,Chh. Sambhaji Nagar,Beed,693,2018-19,GNM,"KAMAL NURSING INSTITUTE, KAIJ, BEED",20,20
687,Chh. Sambhaji Nagar,Chh. Sambhaji Nagar,694,2018-19,GNM,"SHRI GORAKSHA NURSING SCHOOL, PHULAMBRI, AURANGABAD",20,20
688,Chh. Sambhaji Nagar,Latur,696,2018-19,GNM,"JIJAMATA NURSING SCHOOL, LATUR",20,20
689,Chh. Sambhaji Nagar,Parbhani,705,2018-19,GNM,"INDIRA GANDHI A.N.M. NURSING SCHOOL, PARBHANI",20,20
690,Chh. Sambhaji Nagar,Nanded,717,2018-19,GNM,"GOVINDRAO PAUL NURSING SCHOOL, NANDED",30,30
691,Chh. Sambhaji Nagar,Nanded,763,2018-19,GNM,"MOTHER TERESA NURSING SCHOOL, NANDED",30,29
692,Chh. Sambhaji Nagar,Dharashiv,777,2018-19,GNM,"K.T. PATIL SCHOOL OF  NURSING, OSMANABAD",20,20
693,Pune,Satara,807,2018-19,GNM,"RAJMATA NURSING SCHOOL, SATARA",20,20
694,Chh. Sambhaji Nagar,Hingoli,829,2018-19,GNM,"Ananditai Bengal Nursing School, Sengaon, Hingoli",20,20
695,Chh. Sambhaji Nagar,Latur,831,2018-19,GNM,"RAJGURU SCHOOL OF NURSING, UDGIR, LATUR",20,20
696,Chh. Sambhaji Nagar,Nanded,832,2018-19,GNM,"Akshay Nursing School, Nanded",20,20
697,Nashik,Dhule,852,2018-19,GNM,"SAROJINI SCHOOL OF NURSING, DHULE",30,29
698,Konkan,Thane,853,2018-19,GNM,"ANUSAYA NURSING COLLEGE, DAHANU, THANE",20,20
699,Konkan,Thane,859,2018-19,GNM,SGSPSS SHRI JAYRAMSETH CHAUDHARI SON MURBAD THANE,30,30
700,Nashik,Nashik,863,2018-19,GNM,"Tuljabhavani Adiwashi Shikshan Krida  Nursing Institute, Surgana, Nashik",30,30
701,Nashik,Nandurbar,864,2018-19,GNM,"Angel Nursing School, nandurbar",20,19
702,Nashik,Nashik,865,2018-19,GNM,"M.A.D.SCHOOL OF NURSING, YEOLA, NASHIK",20,18
703,Nashik,Nashik,867,2018-19,GNM,"LATE BHIKAJI DARADE SCHOOL OF NURSING YEOLA, NASHIK",20,19
704,Konkan,Ratnagiri,870,2018-19,GNM,"The Yash Foundations College of  Nursing  Medical Research Institute, Ratnagiri",30,30
705,Nashik,Nashik,871,2018-19,GNM,JAGADAMBA SCHOOL OF NURSING YEOLA NASHIK,20,20
706,Nashik,Ahilyanagar,878,2018-19,GNM,VIJAYA SCHOOL OF NURSING PARNER AHMEDNAGAR,30,28
707,Pune,Pune,879,2018-19,GNM,PIMPRI NURSING SCHOOL CHINCHWAD PUNE,30,30
708,Nashik,Ahilyanagar,880,2018-19,GNM,"Praytna Nursing College, Ahmednagar",40,40
709,Nashik,Ahilyanagar,884,2018-19,GNM,"Sant Eknath Institute of Nursing, Shevgaon, Ahmednagar",20,20
710,Pune,Kolhapur,888,2018-19,GNM,"YASHWANT NURSING INSTITUTE, KODOLI PANHALA KOLHAPUR",20,20
711,Nashik,Ahilyanagar,889,2018-19,GNM,"Swami Samarth Nursing College, Kolpewadi, Ahmednagar",40,40
712,Nashik,Ahilyanagar,896,2018-19,GNM,"Jijamata Nursing School, Newasa, Ahmednagar",20,20
713,Pune,Pune,898,2018-19,GNM,"Dhareshwar Institute of Nursing, Pune",40,40
714,Nashik,Ahilyanagar,902,2018-19,GNM,"Vamanrao Ithape RGNM School, Sangamner, Ahmednagar",40,40
715,Pune,Pune,903,2018-19,GNM,"Rajmata Jijau Shikshan Prasarak Mandal School of Nursing, Pune",20,20
716,Pune,Pune,905,2018-19,GNM,SNEHAL GNM INSTITUTE OF NURSING PUNE,20,20
717,Pune,Kolhapur,906,2018-19,GNM,"APEX NURSING SCHOOL KARVIR, KOLHAPUR",20,20
718,Amravati,Buldana,919,2018-19,GNM,VASANTPRABHA SCHOOL OF NURSING BULDHANA,20,20
719,Nagpur,Nagpur,920,2018-19,GNM,CENTRAL INDIA NURSING COLLEGE NAGPUR,20,20
720,Amravati,Buldana,921,2018-19,GNM,ONENESS SCHOOL OF NURSING BULDHANA,20,20
721,Nagpur,Chandrapur,923,2018-19,GNM,"St.Paul Nursing College, Ballarpur, Chandrapur",20,20
722,Nagpur,Nagpur,924,2018-19,GNM,"Shree Sai School of Nursing, Umrer, Nagpur",20,20
723,Amravati,Akola,928,2018-19,GNM,SAVITRIBAI FULE SCHOOL OF NURSING AKOLA,60,38
724,Nagpur,Chandrapur,929,2018-19,GNM,"Meerabai Kamble College of Nursing, Chandrapur",20,20
725,Amravati,Washim,930,2018-19,GNM,"Mother Teresa College of Nursing, Washim",30,30
726,Nagpur,Bhandara,935,2018-19,GNM,"Spandan Nursing School, Pauni, Bhandara",20,20
727,Amravati,Washim,936,2018-19,GNM,SAVITRIBAI PHULE INSTITUTE OF NURSING WASHIM,30,30
728,Nagpur,Gondia,937,2018-19,GNM,"RADHABAI BAHEKAR SCHOOL OF NURSING,  GONDIA.",20,20
729,Chh. Sambhaji Nagar,Beed,939,2018-19,GNM,"District Hospital, Beed",60,20
730,Chh. Sambhaji Nagar,Chh. Sambhaji Nagar,942,2018-19,GNM,"Aurangabad Training School of Nursing,Shivajinagar, Aurangabad",40,40
731,Chh. Sambhaji Nagar,Latur,950,2018-19,GNM,"Arman Nursing School, Latur",20,20
732,Chh. Sambhaji Nagar,Dharashiv,957,2018-19,GNM,Dr. SHIVAJIRAO GHOGARE NURSING SCHOOL OSMANABAD,40,40
733,Chh. Sambhaji Nagar,Dharashiv,958,2018-19,GNM,AASTHA SCHOOL OF NURSING OSMANABAD,20,20
734,Chh. Sambhaji Nagar,Dharashiv,959,2018-19,GNM,NAVIN NURSING SCHOOL OSMANABAD,20,20
735,Chh. Sambhaji Nagar,Latur,960,2018-19,GNM,"VEDANT RGNM NURSING SCHOOL, LATUR",40,40
736,Chh. Sambhaji Nagar,Beed,965,2018-19,GNM,"LOKSEVA NURSING SCHOOL, BEED",20,20
737,Chh. Sambhaji Nagar,Nanded,970,2018-19,GNM,"Shivaprasad Nursing Institute, Mukhed, Nanded",30,30
738,Chh. Sambhaji Nagar,Latur,973,2018-19,GNM,"FLORENCE SCHOOL OF NURSING, LATUR",20,20
739,Chh. Sambhaji Nagar,Beed,974,2018-19,GNM,"LATE PRAMODJI MAHAJAN GNM SCHOOL OF NURSING, AMBAJOGAI.  BEED",20,20
740,Chh. Sambhaji Nagar,Beed,978,2018-19,GNM,RENUKA NURSING SCHOOL KAIJ BEED,30,30
741,Chh. Sambhaji Nagar,Latur,982,2018-19,GNM,RAJIV GANDHI RGNM NURSING SCHOOL UDGIR LATUR,20,20
742,Chh. Sambhaji Nagar,Nanded,983,2018-19,GNM,"DAGDOJIRAO PATIL RGNM NURSING SCHOOL HADGAON, NANDED",20,20
743,Chh. Sambhaji Nagar,Latur,985,2018-19,GNM,"KASTURABAI NURSING SCHOOL, UDGIR, LATUR",20,20
744,Chh. Sambhaji Nagar,Parbhani,986,2018-19,GNM,"Late. Tulsabai Sapanrao Patil Institute of Nursing Education, Parbhani",20,20
745,Chh. Sambhaji Nagar,Jalna,988,2018-19,GNM,"Arjun School of Nursing, Jalna",20,20
746,Chh. Sambhaji Nagar,Jalna,990,2018-19,GNM,JAI AMBE SCHOOL OF NURSING JALNA,30,30
747,Chh. Sambhaji Nagar,Beed,993,2018-19,GNM,"GANGAA INSTITUTE OF MEDICAL SCIENCES, AMBAJOGAI, BEED",20,20
748,Amravati,Akola,994,2018-19,GNM,"Mahatma Fule Nursing School, Akola",25,20
749,Chh. Sambhaji Nagar,Beed,996,2018-19,GNM,"OM NURSING SCHOOL, BEED",20,20
750,Nashik,Nandurbar,1010,2018-19,GNM,"AAISAHEB JAYABAI G.N.M NURSING, PATHRAI, NANDURBAR",20,20
751,Amravati,Akola,1020,2018-19,GNM,"ANGEL OF MERCY INSTITUTE OF NURSING,  AKOLA",20,20
752,Chh. Sambhaji Nagar,Parbhani,1021,2018-19,GNM,"GENERAL HOSPITAL, PARBHANI",20,20
753,Nagpur,Gondia,1025,2018-19,GNM,"K.T.S. GENERAL HOSPITAL, GONDIA",20,20
754,Chh. Sambhaji Nagar,Nanded,1042,2018-19,GNM,"SHRI GURURGOVIND SINGHJI MEMORIAL SCHOOL OF NURSING, ARDHAPUR, NANDED",20,20
755,Chh. Sambhaji Nagar,Beed,1048,2018-19,GNM,"PRAJAKATA NURSING SCHOOL, PARLI, BEED",20,20
756,Amravati,Washim,1050,2018-19,GNM,"GENERAL HOSPITAL, WASHIM",10,10
757,Chh. Sambhaji Nagar,Beed,1094,2018-19,GNM,"S.R.T.R. Govt. Med. College  Hospital, Ambejogai",20,19
758,Nashik,Nashik,1099,2018-19,GNM,"Training college of Nursing, general hospital malegaon nashik",20,20
759,Chh. Sambhaji Nagar,Nanded,1100,2018-19,GNM,New Rajmata Jijau RGNM Nursing School,20,20
760,Nashik,Nandurbar,1101,2018-19,GNM,"GENERAL HOSPITAL, NANDURBAR",10,10
761,Chh. Sambhaji Nagar,Hingoli,1103,2018-19,GNM,"GENERAL HOSPITAL, HINGOLI",10,10
762,Konkan,Mumbai City,1,2019-20,ANM,"CAMA  ALBLESS HOSPITAL , MUMBAI",20,20
763,Konkan,Mumbai City,2,2019-20,ANM,"AKI INSTITUTE OF NURSING, NAGPADA, MUMBAI",20,14
764,Konkan,Mumbai City,3,2019-20,ANM,"SMT. S. C. NANAVATI OF POLYTECHNIC SCHOOL OF NURSING, MUMBAI",40,40
765,Konkan,Thane,4,2019-20,ANM,"V. S. GENERAL HOSPITAL, THANE",20,20
766,Konkan,Raigarh,5,2019-20,ANM,"WOMENS INDIA TRUST, PANVEL",20,20
767,Konkan,Raigarh,6,2019-20,ANM,"GENERAL HOSPITAL,  ALIBAG",20,20
768,Konkan,Ratnagiri,7,2019-20,ANM,"GENERAL HOSPITAL, RATNAGIRI",20,20
769,Nashik,Nashik,8,2019-20,ANM,"GENERAL HOSPITAL, NASIK",20,18
770,Nashik,Dhule,9,2019-20,ANM,"GENERAL HOSPITAL,  DHULE",20,19
771,Nashik,Jalgaon,10,2019-20,ANM,"GENERAL HOSPITAL,  JALGAON",20,20
772,Nashik,Nashik,12,2019-20,ANM,GANPATRAO ADKE INE.  NASIK,20,7
773,Nashik,Nashik,13,2019-20,ANM,"NASIK MEDICO TRAINING COLLEGE OF NURSING, NASIK",40,16
774,Konkan,Ratnagiri,14,2019-20,ANM,"RAMRAJE SCH. NSG, RCON DAPOLI, RATNAGIRI",20,18
775,Konkan,Raigarh,16,2019-20,ANM,"NOOTAN SCHOOL OF NURSING, RAIGAD",30,14
776,Nashik,Nashik,17,2019-20,ANM,"RACHANA SCHOOL OF NURSING, NASHIK",40,39
777,Nashik,Nashik,18,2019-20,ANM,"S.N.D. SCHOOL OF NURSING, JES, YEOLA,  NASIK",30,30
778,Nashik,Nandurbar,19,2019-20,ANM,"K.D. GAVIT NURSING SCHOOL, PATHRAI , NANDURBAR",20,18
779,Nashik,Dhule,22,2019-20,ANM,RAJANI SMRUTI NSG SCH. DONDAICHA SHINDKHEDA DHULE,30,19
780,Konkan,Raigarh,23,2019-20,ANM,"LIFE LINE HOSPITAL, PANVEL",20,17
781,Konkan,Raigarh,26,2019-20,ANM,"KALAVATI INSTITUTE OF NURSING EDUCATION,  AIROLI NAVI MUMBAI",40,15
782,Nashik,Jalgaon,27,2019-20,ANM,"BHAGINI MANDAL SCHOOL OF NURSING, CHOPDA , JALGAON",25,25
783,Konkan,Ratnagiri,29,2019-20,ANM,"PARKAR MEDICAL FOUNDATION SCHOOL OF NURSING, RATNAGIRI",20,19
784,Nashik,Nashik,30,2019-20,ANM,"KARUNA SCHOOL OF NURSING, MANMAD, NASHIK",30,30
785,Nashik,Jalgaon,31,2019-20,ANM,"KHANDESH NURISNG INSTITUTE, CHALISGAON, JALGAON",20,12
786,Nashik,Nashik,33,2019-20,ANM,"NAMCO SCHOOL OF NURSING, NASIK",30,30
787,Konkan,Sindhudurg,35,2019-20,ANM,"SHREE ANANT SMRUTI SCHOOL OF NURSING, KASAL",20,6
788,Konkan,Sindhudurg,36,2019-20,ANM,"IDEAL NURSING SCHOOL, KANKAVALI, SINDHUDURG",20,19
789,Nashik,Nashik,37,2019-20,ANM,"VISHWASATTAYA SCHOOL OF NURSING, OZAR",30,10
790,Nashik,Nashik,38,2019-20,ANM,"NASHIK NURSING SCHOOL, NASHIK",20,20
791,Nashik,Ahilyanagar,39,2019-20,ANM,"GENERAL HOSPITAL,AHMEDNAGAR",20,20
792,Pune,Satara,40,2019-20,ANM,"GENERAL HOSPITAL, SATARA",20,19
793,Pune,Kolhapur,41,2019-20,ANM,"C.P.R. GENERAL HOSPITAL, KOLHAPUR",20,20
794,Pune,Solapur,42,2019-20,ANM,"DHANRAJGIRIJI HOSPITAL,  SOLAPUR",20,11
795,Pune,Pune,45,2019-20,ANM,"SETH TARACHAND R.C.A. SCH. OF NSG HOSPITAL, PUNE",20,14
796,Pune,Pune,46,2019-20,ANM,"Maharashtra Arogya Mandal's Institute of Nursing Education,Malwadi,Hadapsar,Pune",40,37
797,Pune,Pune,47,2019-20,ANM,"JANASEVA FOUNDATION SCH. OF NSG, PUNE",30,28
798,Nashik,Ahilyanagar,48,2019-20,ANM,"F.J.F.M. HOSPITAL SCH OF NSG, NEWASA, DISTAHMEDNAGAR",30,13
799,Nashik,Ahilyanagar,51,2019-20,ANM,KRANTI SCHOOL OF NURSING  AHMEDNAGAR,20,16
800,Pune,Kolhapur,53,2019-20,ANM,"DR. J. J. MAGDUM SON, SHIROL, KOLHAPUR",20,18
801,Pune,Solapur,56,2019-20,ANM,"BHAKTI MEDICAL FOUNDATION SCHOOL OF NURSING, SOLAPUR, PANDHARPUR",20,19
802,Pune,Sangli,57,2019-20,ANM,"SAHAKARMAHARSHI VISHNUANNA PATIL NURSING SCHOOL, SANGLI",20,9
803,Pune,Sangli,58,2019-20,ANM,"DESAI CHARITABLE TRUST TAL. MIRAJ, SANGLI",30,30
804,Pune,Kolhapur,59,2019-20,ANM,"WESTERN MAHARASHTRA SCHOOL OF NURSING, TILWANI, KOLHAPUR",20,19
805,Pune,Sangli,60,2019-20,ANM,"ABHINAV SCHOOL OF NURSING ASHTA, WALWA, SANGLI",30,30
806,Pune,Pune,62,2019-20,ANM,"Sevadham Trust A.S.M.T. SON, MAVAL, PUNE,",20,10
807,Pune,Solapur,64,2019-20,ANM,"SHIVAJI SHIKSHAN PRASARAK MANDALS, SON, BARSHI, SOLAPUR",30,28
808,Pune,Pune,65,2019-20,ANM,"ANAND MEDICAL FOUNDATION, SON, KURULI, KHED, PUNE",20,20
809,Pune,Sangli,66,2019-20,ANM,"KAMAL INSTITUTE OF NURSING EDUCATION, JATH, SANGLI",20,10
810,Nashik,Ahilyanagar,67,2019-20,ANM,"VIJAY GANGA RURAL, MED  RES FOUNDATION, SON, AHMEDNAGAR",20,20
811,Pune,Pune,68,2019-20,ANM,"SANT DNYANESHWAR MED EDU'S,SCHOOL OF NURSING, PUNE",20,14
812,Pune,Sangli,70,2019-20,ANM,"HON.R.R.PATIL INSTITUTE OF NSG EDUCATION,SANGLI",30,26
813,Pune,Sangli,71,2019-20,ANM,"KRANTIAGRANI G.D.BAPU LAD SCH OF NS, SANGLI",20,20
814,Pune,Sangli,72,2019-20,ANM,"UMA INST. OF NURSING EDUCATION, SANGLI",20,13
815,Nashik,Ahilyanagar,73,2019-20,ANM,"SEVA NURSING SCHOOL, AHMEDNAGAR",35,35
816,Pune,Kolhapur,74,2019-20,ANM,"KEDARI REDEKAR  NURSING SCHOOL, GADHINGLAJ, KOLHAPUR",30,21
817,Pune,Solapur,75,2019-20,ANM,"SHRI MARKANDEY SOLAPUR SAHAKARI RUGNALAYA, SOLAPUR",20,0
818,Pune,Pune,76,2019-20,ANM,"MEERA  NURSING SCHOOL, SASWAD, PUNE",30,24
819,Nashik,Ahilyanagar,77,2019-20,ANM,"INDIRA GANDHI NSG, COLLEGE, PARNER, AHMEDNAGAR",20,14
820,Pune,Kolhapur,78,2019-20,ANM,"Sant Gajanan Maharaj School of Nursing, Tal - Gadhinglaj, Kolhapur",20,15
821,Pune,Sangli,82,2019-20,ANM,"KULLOLLI CH.TRUST'S, SCHOOL OF NURSING, MIRAJ, SANGLI",30,30
822,Pune,Kolhapur,83,2019-20,ANM,"MAHALAXMI NURSING INSTITUTE, KOLHAPUR",20,20
823,Pune,Satara,84,2019-20,ANM,"SMT. INDUMATI RAMCHANDRA DESHMUKH SCHOOL OF NURSING, KHATAV, SATARA",20,20
824,Pune,Kolhapur,89,2019-20,ANM,"Y.D. MANE SCHOOL OF NURSING, KAGAL, KOLHAPUR",30,28
825,Pune,Satara,90,2019-20,ANM,"PHALTAN EDUCATION SOCIETY, SCHOOL OF NURSING, PHALTAN ,SATARA",20,19
826,Pune,Satara,91,2019-20,ANM,"KANISHKA CHARITABLE TRUST'S, SCHOOL OF NURSING ,SATARA",20,14
827,Pune,Kolhapur,92,2019-20,ANM,"ADHAAR NURSING SCHOOL, AJRA KOLHAPUR",20,20
828,Pune,Kolhapur,93,2019-20,ANM,"KAI. BALWANTRAO HANUMANTRAO PATIL SHIKSHAN PRASARAK MANDAL, KARVIR, KOLHAPUR",20,20
829,Nashik,Ahilyanagar,94,2019-20,ANM,"PRAVARA MEDICAL TRUST,SON, SHEVGAON, AHMEDNAGAR",40,37
830,Pune,Kolhapur,96,2019-20,ANM,"SARASWATI GAIKWAD NURSING SCHOOL , KOTOLI, PANHALA, KOLHAPUR",20,19
831,Nashik,Ahilyanagar,98,2019-20,ANM,"NITYASEVA HOSPITAL NURSING SCHOOL, SHEVGAON, AHMEDNAGAR",30,29
832,Nagpur,Wardha,101,2019-20,ANM,"FLORENCE NIGHTINGALE TRAINING COLLEGE OF NURSING,WARDHA.",60,60
833,Nagpur,Nagpur,103,2019-20,ANM,"MAHAL MATERNITY HOM, SON, NAGPUR",15,13
834,Nagpur,Wardha,105,2019-20,ANM,"GENERAL HOSPITAL, WARDHA",20,19
835,Nagpur,Nagpur,106,2019-20,ANM,"DAGA MEMORIAL HOSPITAL, NAGPUR",20,20
836,Amravati,Amravati,107,2019-20,ANM,"DIST.HOSPITAL FOR WOMEN , AMRAVATI",20,18
837,Amravati,Akola,108,2019-20,ANM,"DIST.HOSPITAL FOR WOMEN, AKOLA",20,20
838,Nagpur,Chandrapur,109,2019-20,ANM,"GENERAL HOSPITAL,CHANDRAPUR",20,20
839,Amravati,Yavatmal,110,2019-20,ANM,"GENERAL HOSPITAL ,YAVATMAL",30,20
840,Amravati,Buldana,111,2019-20,ANM,"GENERAL HOSPITAL, BULDANA",20,20
841,Nagpur,Bhandara,112,2019-20,ANM,"GENERAL HOSPITAL, BHANDARA",20,20
842,Nagpur,Gadchiroli,113,2019-20,ANM,GENERAL HOSPITAL  GADCHIROLI,20,20
843,Nagpur,Nagpur,114,2019-20,ANM,"SWAMI VIVEKANAND MED MISSION, PARSODI, SON, KHAPRI , NAGPUR",20,17
844,Amravati,Yavatmal,115,2019-20,ANM,"HELEN ROSE SCHOOL OF NURSING UMRI, YAVATMAL",20,20
845,Amravati,Amravati,116,2019-20,ANM,"MAA GAYATRI SCHOOL OF NURSING, ACHALPUR, AMRAVATI",20,14
846,Nagpur,Wardha,117,2019-20,ANM,"BHARTIYA MAHILA VIKAS NURSING SCHOOL, RAMNAGAR, WARDHA",30,18
847,Amravati,Akola,118,2019-20,ANM,"INSTITUTE OF NURSING EDUCATION & RESEARCH, AKOLA",30,30
848,Amravati,Yavatmal,119,2019-20,ANM,"SUMITRABAI THAKARE TRAINING COLLEGE OF NURSING, YAVATMAL",30,29
849,Nagpur,Nagpur,120,2019-20,ANM,"DR.DALVI MEMORIAL HOSPITAL, SON, NAGPUR",40,11
850,Nagpur,Nagpur,121,2019-20,ANM,"RIGHT VALUE INSTITUTE OF NURSING, NAGPUR",20,19
851,Amravati,Akola,122,2019-20,ANM,"NATIONAL SCHOOL OF NURSING , AKOLA",30,20
852,Nagpur,Nagpur,123,2019-20,ANM,"TIRPUDE NURSING TRAINING SCHOOL, NAGPUR",40,40
853,Amravati,Washim,124,2019-20,ANM,"MAA GANGA NURSING SCHOOL, WASHIM",20,20
854,Amravati,Yavatmal,125,2019-20,ANM,"PADOLE NURSING SCHOOL, YAVATMAL",20,20
855,Konkan,Raigarh,129,2019-20,ANM,"ANURADHA NURSING SCHOOL , CHIKHALI",30,27
856,Nagpur,Chandrapur,130,2019-20,ANM,"KALYAN INSTITUTE OF NURSING EDUCATION, RAJURA, CHANDRAPUR",20,20
857,Nagpur,Chandrapur,131,2019-20,ANM,"PRABHADEVI SCHOOL OF NURSING, CHANDRAPUR",40,40
858,Amravati,Yavatmal,134,2019-20,ANM,"TULSHIRAMJI SHEBE SCHOOL OF NURSING, PUSAD, YAVATMAL",30,30
859,Amravati,Yavatmal,136,2019-20,ANM,"MUNGASAJI MAHARAJ NURSING SCHOOL, YAVATMAL",60,60
860,Amravati,Yavatmal,137,2019-20,ANM,"MUNGASAJI MAHARAJ NURSING SCHOOL, DHARWA, YAVATMAL",20,20
861,Amravati,Yavatmal,138,2019-20,ANM,DR. ARCHANATAI GADE PATIL SCHOOL OF NURSING LOHARA YAVATMAL,25,25
862,Nagpur,Wardha,139,2019-20,ANM,"SHRI RADHASWAMI  NURSING SCHOOL, WARDHA",13,13
863,Nagpur,Wardha,140,2019-20,ANM,"JANATA NURSING SCHOOL, HINGANGHAT, WARDHA",20,12
864,Nagpur,Nagpur,141,2019-20,ANM,"KALYANI NURSING SCHOOL, NAGPUR",20,16
865,Nagpur,Nagpur,142,2019-20,ANM,"RENUKA NURSING SCHOOL, HINGANA, NAGPUR",20,9
866,Amravati,Amravati,144,2019-20,ANM,"SUJATA SCHOOL OF NURSING, AMRAVATI",30,21
867,Amravati,Amravati,146,2019-20,ANM,DR. PANJABRAO DESHMUKH INST. OF NSG. AMRAVATI,30,30
868,Amravati,Akola,148,2019-20,ANM,"DR VANDANTAI DHONE NURSING SCHOOL, AKOLA",30,30
869,Nagpur,Wardha,149,2019-20,ANM,"SHALOM SCHOOL OF NURSING, WARDHA",40,40
870,Nagpur,Wardha,151,2019-20,ANM,"KASABAI SCHOOL OF NURSING, SEVAGRAM,WARDHA",20,10
871,Amravati,Buldana,152,2019-20,ANM,"INDIRA BAHU. SHIKSHAN SANSTHS, SCHOOL OF NURSING, SAGWAN, BULDHANA",20,20
872,Amravati,Buldana,153,2019-20,ANM,"INDIRA BAHU SHIKSHAN SANSTHS, SCHOOL OF NURSING,BELAD MALKAPUR",20,20
873,Nagpur,Bhandara,155,2019-20,ANM,"SHARDA NURSING SCHOOL, KHAPA TUMSAR, BHANDARA",20,20
874,Chh. Sambhaji Nagar,Nanded,158,2019-20,ANM,"SHRI GURU GOVINDSINGHJI MEMORIAL HOSPITAL, SON, NANDED",20,20
875,Chh. Sambhaji Nagar,Nanded,159,2019-20,ANM,"SMT. PRAMILATAI BHALERAO SCHOOL OF NURSING, Nanded",30,30
876,Chh. Sambhaji Nagar,Dharashiv,161,2019-20,ANM,"GENERAL HOSPITAL, SON, OSMANABAD",20,20
877,Chh. Sambhaji Nagar,Chh. Sambhaji Nagar,168,2019-20,ANM,"SHRI DHANESHWARI MANAV VIKAS MANDAL,  AURANGABAD",20,20
878,Chh. Sambhaji Nagar,Jalna,169,2019-20,ANM,"SHRI SAI  INSTITUE OF NURSING, JALNA",20,10
879,Chh. Sambhaji Nagar,Parbhani,170,2019-20,ANM,"MAULI INSTITUTE OF NURSING, PARBHANI",20,12
880,Chh. Sambhaji Nagar,Latur,174,2019-20,ANM,"INDIRA GANDHI NURSING SCHOOL, LATUR",30,28
881,Konkan,Thane,201,2019-20,ANM,"INSTITUTE  OF  NURSING  EDUCATION , DOMBIVALI",20,13
882,Nashik,Nashik,206,2019-20,ANM,"SAHYADRI SEVA SANSTHA , INSTITUTE OF NURSING , NASIK",20,15
883,Pune,Pune,221,2019-20,ANM,"BAKUL TAMBAT INSTITUTE OF NURSING EDUCATION, PUNE",30,23
884,Pune,Pune,226,2019-20,ANM,"DWARIKA SANGAMNER INSTITUTE OF NURSING EDUCATION, PUNE",20,20
885,Pune,Sangli,228,2019-20,ANM,"LOKNETE RAJARAMBAPU PATIL , TRG. COLL. OF NURSING , ISLAMPUR, WALWA, SANGLI",20,18
886,Pune,Sangli,230,2019-20,ANM,"KASEGAON EDUCATION SOCIETY, SCHOOL OF NURSING, ISLAMPUR, SANGLI",20,20
887,Pune,Pune,231,2019-20,ANM,"C Y DANGAT PATIL SHIKSHAN AND KRIDA MANDAL, SCHOOL OF NURSING , PUNE",20,19
888,Pune,Pune,232,2019-20,ANM,"GIRIRAJ SCHOOL OF NURSING , BARAMATI",30,30
889,Pune,Satara,233,2019-20,ANM,"LATE NARAYANDAS BHAWANGDAS CHHABADA TRAINING COLLEGE OF NURSING, SATARA",20,20
890,Pune,Solapur,241,2019-20,ANM,"SAHARA INSTITUTE OF NURSING EDUCATION, AKLUJ , SOLAPUR",20,19
891,Nagpur,Nagpur,251,2019-20,ANM,"SURETECH COLLEGE OF NURSING, NAGPUR",30,25
892,Nagpur,Gadchiroli,253,2019-20,ANM,"DR. SALVE NURSING INSTITUTE  COLLEGE , GADCHIROLI",30,19
893,Amravati,Yavatmal,256,2019-20,ANM,"PRUTHVIRAJ DESHMUKH NURSING INSTITUTE, LOHARA, YAVATMAL",20,20
894,Chh. Sambhaji Nagar,Chh. Sambhaji Nagar,259,2019-20,ANM,"MAHATMA GANDHI MISSION INSTITUTE OF NURSING EDUCATION, AURANGABAD",20,16
895,Chh. Sambhaji Nagar,Latur,262,2019-20,ANM,"GENERAL HOSPITAL, LATUR",20,20
896,Nagpur,Nagpur,266,2019-20,ANM,"ARNEJA INSTITUTE OF NURSING SCIENCES , NAGPUR",20,15
897,Nagpur,Nagpur,267,2019-20,ANM,"ASHARAM SCHOOL OF NURSING , NAGPUR",20,20
898,Pune,Satara,270,2019-20,ANM,"SHAKUNTALA  INSTITUTE OF NURSING EDUCATION , SATARA",20,13
899,Chh. Sambhaji Nagar,Dharashiv,271,2019-20,ANM,"INDIRA GANDHI NURSING SCHOOL, OSMANABAD",20,20
900,Pune,Kolhapur,272,2019-20,ANM,"SAU. JEBELINA NURSING SCHOOL, GARGOTI, KOLHAPUR",20,20
901,Chh. Sambhaji Nagar,Nanded,273,2019-20,ANM,"INDIRA GANDHI NURSING SCHOOL, MUKHED, NANDED",20,20
902,Amravati,Amravati,274,2019-20,ANM,"UTTAMRAO UMAK MEMORIAL NURSING SCHOOL,  ANJANGAON, AMRAVATI",20,20
903,Amravati,Amravati,275,2019-20,ANM,"KAMLABAI UMAK NURSING SCHOOL, AMRAVATI",20,20
904,Amravati,Amravati,276,2019-20,ANM,"LAXMANRAO UMAK MEMORIAL NURSING SCHOOL, BADNERA, AMRAVATI",20,20
905,Nashik,Ahilyanagar,278,2019-20,ANM,"PARVATIBAI MHASKE INSTITUTE OF NURSING, AHMEDNAGAR",20,19
906,Chh. Sambhaji Nagar,Nanded,279,2019-20,ANM,"LOTUS NURSING INSTITUTE, NANDED",20,20
907,Nagpur,Nagpur,280,2019-20,ANM,"MATRU SEVA SANGH NURSING SCHOOL,SITABULDI ,MATERNITY HOME NAGPUR",40,20
908,Konkan,Ratnagiri,281,2019-20,ANM,"SAMARTH INSTITUTE OF NURSING EDUCATION, DERVAN",20,20
909,Nashik,Ahilyanagar,282,2019-20,ANM,"MAHARASHTRA HOMOEOPATHIC FOUNDATION'S SCHOOL OF NURSING , PATHAR ,  AHMEDNAGAR",20,19
910,Chh. Sambhaji Nagar,Jalna,283,2019-20,ANM,"VASANTRAO NAIK SHIKSHAN PRASARAK MANDAL, JALNA",20,8
911,Pune,Sangli,284,2019-20,ANM,"ADARSH NURSING SCHOOL, VITA, SANGLI",20,13
912,Chh. Sambhaji Nagar,Chh. Sambhaji Nagar,286,2019-20,ANM,"MATA GIRIJA SCHOOL OF NURSING, AURANGABAD.",20,20
913,Pune,Kolhapur,287,2019-20,ANM,"KURUNDWAD INST. OF NURSING EDUCATION,SHIROL, KOLHAPUR",20,20
914,Amravati,Akola,289,2019-20,ANM,"RADHIKA NURSING SCHOOL, AKOLA",20,20
915,Chh. Sambhaji Nagar,Parbhani,290,2019-20,ANM,"MATOSHRI NURSING SCHOOL, PARBHANI",20,20
916,Pune,Sangli,294,2019-20,ANM,"HUTATMA INSTITUTE OF NURSING , WALWA , SANGLI",20,17
917,Pune,Solapur,296,2019-20,ANM,"BINIT NURSING INSTITUTE , SOLAPUR",20,11
918,Nashik,Dhule,297,2019-20,ANM,"NANDA AAI BAHU. NURSING TRAINING CENTRE, DEOPUR, DHULE",20,6
919,Amravati,Akola,299,2019-20,ANM,"ANGLE OF MERCY INSTITUTE OF NURSING SCIENCE, AKOLA",20,13
920,Pune,Pune,301,2019-20,ANM,"PUKHRAJ NAGRAJ RANKA SCHOOL OF NURSING , PUNE",20,11
921,Pune,Satara,303,2019-20,ANM,"APARNA INST. OF NURSING EDUCATION , KARAD",20,0
922,Chh. Sambhaji Nagar,Nanded,304,2019-20,ANM,"DR. G. A. GAIKWAD INSTITUTE OF NURSING, DEGLOOR, NANDED",20,20
923,Pune,Kolhapur,305,2019-20,ANM,"CREATIVE NURSING SCHOOL , GADHINGLAJ , KOLHAPUR",20,20
924,Pune,Satara,306,2019-20,ANM,"SANJEEVAN MEDICAL COLLEGE OF NURSING , SATARA",30,30
925,Nashik,Ahilyanagar,307,2019-20,ANM,"WAMANRAO ITHAPE NURSING COLLEGE, SANGAMNER, AHMEDNAGAR",30,22
926,Chh. Sambhaji Nagar,Beed,308,2019-20,ANM,"YASHWANT NURSING SCHOOL, ASHTI, BEED",20,20
927,Nashik,Nashik,309,2019-20,ANM,"SHREE SWAMI NARAYAN  NURSING INSTITUE, NASIK",30,29
928,Chh. Sambhaji Nagar,Beed,310,2019-20,ANM,"S.S.P.M. NURSING COLLEGE, ASHTI, BEED",20,19
929,Chh. Sambhaji Nagar,Chh. Sambhaji Nagar,311,2019-20,ANM,"SAKOLKAR NURSING SCHOOL, AURANGABAD",20,10
930,Pune,Pune,312,2019-20,ANM,"GENERAL HOSPITAL, AUNDH, PUNE",20,18
931,Chh. Sambhaji Nagar,Beed,313,2019-20,ANM,"DR. T. M. DHONDE SCHOOL OF NURSING, ASHTI , BEED",30,30
932,Chh. Sambhaji Nagar,Beed,314,2019-20,ANM,"NEW NURSING SCHOOL, BEED",20,13
933,Chh. Sambhaji Nagar,Dharashiv,316,2019-20,ANM,"JEEVAN JYOT AROGYA SHIKSHAN SANSTHA, SCHOOL OF NURSING, OSMANABAD",20,15
934,Pune,Pune,317,2019-20,ANM,"TEJASWINI NURSING SCHOOL, JUNNAR, PUNE",20,20
935,Pune,Pune,318,2019-20,ANM,"SHARDABAI PAWAR INSTITUTE OF NURSING, PUNE",40,39
936,Nashik,Jalgaon,323,2019-20,ANM,"GODAVARI COLLEGE OF  NURSING , JALGAON",30,20
937,Nashik,Nashik,325,2019-20,ANM,"MATOSHRI SCHOOL OF A.N.M. NURSING , EKLAHARE, NASIK",20,20
938,Amravati,Amravati,326,2019-20,ANM,"BHAKTI VEDANT SCHOOL OF NURSING, AMRAVATI",20,20
939,Amravati,Washim,327,2019-20,ANM,"MANSI COLLEGE OF NURSING , WASHIM",20,20
940,Nagpur,Wardha,328,2019-20,ANM,"EKVIRA DEVI EDUCATION SOCIETY, SCHOOL OF NURSING, WARDHA",20,15
941,Nagpur,Nagpur,329,2019-20,ANM,"MOTHER TERESA NURSING INSTITUTE , NAGPUR",20,20
942,Nashik,Nashik,330,2019-20,ANM,"MATOSHRI SCHOOL OF A.N.M. NURSING , BABULGAON , NASIK",20,20
943,Nagpur,Wardha,331,2019-20,ANM,SARASWATI NURSING SCHOOL GUNJKHEDA WARDHA,20,20
944,Chh. Sambhaji Nagar,Chh. Sambhaji Nagar,332,2019-20,ANM,"RAMKRISHANA NURSING SCHOOL, SILLOD, AURANGABAD",20,15
945,Amravati,Amravati,333,2019-20,ANM,"FLORENCE NIGHTINGLE NURSING SCHOOL, AMRAVATI",30,30
946,Amravati,Amravati,334,2019-20,ANM,"EKVIRA SCHOOL OF NURSING , DARYAPUR , AMRAVATI",20,20
947,Chh. Sambhaji Nagar,Latur,335,2019-20,ANM,"G.B .PATIL SCHOOL OF NURSING, UDGIR, LATUR",20,20
948,Chh. Sambhaji Nagar,Latur,336,2019-20,ANM,"SHRI BHAGWAN NURSING SCHOOL, LATUR",20,11
949,Amravati,Amravati,341,2019-20,ANM,"M.J. PAWADE NURSING SCHOOL, WARUD,  AMRAVATI",20,20
950,Nashik,Ahilyanagar,342,2019-20,ANM,"SAI NURSING INSTITUTE , RAHATA, AHMEDNAGAR",20,14
951,Nagpur,Nagpur,343,2019-20,ANM,"MADHUKARRAO MAHAKALKAR NURSING SCHOOL , DIGHORI , NAGPUR",30,21
952,Chh. Sambhaji Nagar,Chh. Sambhaji Nagar,345,2019-20,ANM,"SWATANTRA SENANI UTTAMRAOJI PATIL NURSING SCHOOL, AURANGABAD",20,0
953,Chh. Sambhaji Nagar,Dharashiv,349,2019-20,ANM,"HALO NURSING SCHOOL, ANADUR, TULJAPUR",20,11
954,Amravati,Buldana,350,2019-20,ANM,"RAJSHREE SCHOOL OF NURSING, MEHKAR, BULDANA",20,20
955,Konkan,Ratnagiri,352,2019-20,ANM,M.E.S SCHOOL OF NURSING KHED RATNAGIRI,30,22
956,Chh. Sambhaji Nagar,Latur,353,2019-20,ANM,"YASHWANT NURSING TRAINING SCHOOL, AHMADPUR, LATUR",20,20
957,Pune,Kolhapur,355,2019-20,ANM,"SAHAKAR MAHARSHI TATYASHEB KORE NURSING SCHOOL , HATKANGALE, KOLHAPUR",20,18
958,Chh. Sambhaji Nagar,Latur,356,2019-20,ANM,"NAVJEEVAN CHARITABLE TRUST, LATUR",20,15
959,Amravati,Buldana,359,2019-20,ANM,"HARSH SCHOOL OF NURSING, KHAMGAON, BULDANA",20,20
960,Nagpur,Gadchiroli,360,2019-20,ANM,"NAVJEEVAN NURSING SCHOOL, CHAMORSHI, GADCHIROLI",20,20
961,Konkan,Sindhudurg,362,2019-20,ANM,"BR. NATH PAI INSTITUTE OF NURSING, PINGULI, SINDHUDURGA",40,13
962,Chh. Sambhaji Nagar,Latur,363,2019-20,ANM,"BHIVRAI NURSING SCHOOL, LATUR",20,18
963,Chh. Sambhaji Nagar,Latur,364,2019-20,ANM,"BALVIKAS MAHILA MANDAL, SCHOOL OF NURSING, LATUR",20,20
964,Chh. Sambhaji Nagar,Parbhani,365,2019-20,ANM,"BHARATRATNA MOTHER TERSA NURSING SCHOOL, SELU, PARBHANI",20,20
965,Chh. Sambhaji Nagar,Dharashiv,366,2019-20,ANM,"SAI NURSING SCHOOL, OSMANABAD",20,0
966,Chh. Sambhaji Nagar,Parbhani,367,2019-20,ANM,"INSTITUTE OF NURSING EDUCATION,MANWATH, PARBHANI",20,20
967,Nashik,Jalgaon,368,2019-20,ANM,"DADASAHEB DR. SURESH G. PATIL COLLEGE OF NURSING , CHOPDA , JALGAON",20,20
968,Nashik,Ahilyanagar,370,2019-20,ANM,"BAHUJAN SAMAJ PRABODHAN SCHOOL OF NURSING, AKOLE, AHMEDNAGAR",20,2
969,Chh. Sambhaji Nagar,Latur,371,2019-20,ANM,"LATE MAHALINGE SWAMI NURSING SCHOOL, LATUR",20,20
970,Amravati,Amravati,372,2019-20,ANM,"SMT. VASUNDHARABAI GHUIKHEDKAR NURSING SCHOOL, AMRAVATI",30,29
971,Nagpur,Wardha,373,2019-20,ANM,"PARVATIBAI SCHOOL OF NURSING, WARDHA",30,25
972,Chh. Sambhaji Nagar,Parbhani,374,2019-20,ANM,"TIRUPATI NURSING SCHOOL,PARBHANI",40,40
973,Amravati,Yavatmal,377,2019-20,ANM,"SHRI SWAMI SAMARTH NURSING SCHOOL, YAVATMAL",20,20
974,Nagpur,Bhandara,378,2019-20,ANM,"POOJA NURSING INSTITUTE , BHANDARA",20,20
975,Amravati,Amravati,381,2019-20,ANM,"MELGHAT NURSING SCHOOL , PARATWADA , AMRAVATI",20,11
976,Chh. Sambhaji Nagar,Latur,383,2019-20,ANM,"RASTRAMATA JIJAU NURSING SCHOOL, NILANGA, LATUR",20,20
977,Chh. Sambhaji Nagar,Beed,385,2019-20,ANM,"RAGHUNATHRAO MUNDHE INSTITUTE OF NURSING, AMBEJOGAI, BEED",20,16
978,Pune,Satara,386,2019-20,ANM,"SHIVRASHTRA COLLEGE OF NURSING , KARAD , SATARA",20,20
979,Pune,Pune,393,2019-20,ANM,"JAY INSTITUTE OF NURSING , INDAPUR , PUNE",20,20
980,Chh. Sambhaji Nagar,Latur,394,2019-20,ANM,"TIRMULLA  A.N.M. NURSING SCHOOL, JALKOT, LATUR",20,20
981,Pune,Solapur,395,2019-20,ANM,"RAJMATA JIJAU NURSING SCHOOL, PANDHARPUR",20,20
982,Konkan,Sindhudurg,400,2019-20,ANM,"GENERAL HOSPITAL,  SINDHUDURG",20,20
983,Chh. Sambhaji Nagar,Beed,401,2019-20,ANM,"VAIDYANATH NURSING SCHOOL, ,PARALI-VAIJNATH, BEED",40,24
984,Pune,Pune,405,2019-20,ANM,"JANAKI INSTITUTE OF NURSING EDUCATION , PUNE",20,19
985,Amravati,Yavatmal,410,2019-20,ANM,"SHRI VINAYAKRAOBAPU DESHMUKH NURSING SCHOOL , SAWARGAON , YAVATMAL",60,60
986,Chh. Sambhaji Nagar,Beed,412,2019-20,ANM,"JIJAMATA SCHOOL OF NURSING, MAJALGAON, BEED",20,17
987,Chh. Sambhaji Nagar,Chh. Sambhaji Nagar,415,2019-20,ANM,"AURANGABAD NURSING SCHOOL, BHALGAON, AURANGABAD",20,7
988,Chh. Sambhaji Nagar,Latur,420,2019-20,ANM,"SANT RAMBHAU A.N.M. SCHOOL , AHMEDPUR , LATUR",20,6
989,Chh. Sambhaji Nagar,Parbhani,421,2019-20,ANM,"MADHAV A.N.M. SCHOOL, PARBHANI",20,20
990,Chh. Sambhaji Nagar,Chh. Sambhaji Nagar,423,2019-20,ANM,"PAITHAN NURSING SCHOOL, PAITHAN, AURANGABAD",20,15
991,Chh. Sambhaji Nagar,Chh. Sambhaji Nagar,424,2019-20,ANM,"PRIYANKA GANDHI NURSING SCHOOL, AURANGABAD",20,0
992,Nashik,Dhule,425,2019-20,ANM,"KIRAN NURSING SCHOOL, KAPADNE, DHULE",20,17
993,Nagpur,Bhandara,426,2019-20,ANM,"PAWANRAJA NURSING SCHOOL , PAUNI , BHANDARA",30,30
994,Nashik,Dhule,427,2019-20,ANM,"SAU. R.G. MALI NURSING COLLEGE, AKLAD , DHULE",20,17
995,Pune,Kolhapur,428,2019-20,ANM,"SHRI BHAIRAVNATH NURSING SCHOOL , ICHALKARANJI  , KOLHAPUR",20,20
996,Amravati,Yavatmal,431,2019-20,ANM,"MATOSHRI ORGANIZATION OF NURSING EDUCATION , YAVATMAL",20,20
997,Chh. Sambhaji Nagar,Jalna,432,2019-20,ANM,"JALNA NURSING SCHOOL, SHELGAON, JALNA",20,0
998,Chh. Sambhaji Nagar,Jalna,446,2019-20,ANM,"GENERAL HOSPITAL, JALANA",20,20
999,Pune,Solapur,449,2019-20,ANM,"DHANVANTERI SCHOOL OF NURSING , MALSHIRAS , SOLAPUR",30,30
1000,Chh. Sambhaji Nagar,Parbhani,476,2019-20,ANM,"Dr.Prafulla Patil Nursing School, Parbhani",20,20
1001,Chh. Sambhaji Nagar,Parbhani,477,2019-20,ANM,"BELESHWAR INSTITUTE OF NURSING, PARBHANI",20,20
1002,Pune,Satara,480,2019-20,ANM,"BEL AIR COLLEGE OF NURSING, PANCHAGANI, SATARA",30,30
1003,Pune,Kolhapur,481,2019-20,ANM,"SAVITRIBAI PHULE COLLEGE OF NURSING, KOLHAPUR",20,17
1004,Nagpur,Nagpur,482,2019-20,ANM,SMT. HANSABEN NURSING SCHOOL NAGPUR,20,20
1005,Konkan,Thane,484,2019-20,ANM,"NAVJEEVAN SCHOOL OF NURSING, SHAHAPUR, THANE",20,14
1006,Konkan,Thane,485,2019-20,ANM,"DAYANAND SCHOOL OF NURSING, VADOLI TALASARI THANE",25,24
1007,Konkan,Raigarh,486,2019-20,ANM,"PRATIBHA SCHOOL OF NURSING, KOPERKHAIRANE, NAVI MUMBAI",20,20
1008,Konkan,Sindhudurg,487,2019-20,ANM,"SARASWATI ANM NURSING SCHOOL, KANKAVLI, SINDHUDURG",20,20
1009,Nashik,Nashik,488,2019-20,ANM,"SAI NURSING SCHOOL, MALEGAON NASHIK",20,20
1010,Konkan,Thane,489,2019-20,ANM,"N. K. T. T. SCHOOL OF NURSING, BHIWANDI, THANE",20,20
1011,Chh. Sambhaji Nagar,Chh. Sambhaji Nagar,490,2019-20,ANM,"Manik Nursing School, Garkhed, Aurangabad",20,20
1012,Chh. Sambhaji Nagar,Latur,492,2019-20,ANM,"New Vision School of Nursing, Latur",20,19
1013,Chh. Sambhaji Nagar,Beed,493,2019-20,ANM,MAULI NURSING SCHOOL BARSHI ROAD BEED,20,20
1014,Chh. Sambhaji Nagar,Jalna,494,2019-20,ANM,"Mathsyodari Nursing School, Tal  Ambad, Jalna",20,20
1015,Chh. Sambhaji Nagar,Beed,495,2019-20,ANM,"ANKITA DOUND INSTITUTE OF NURSING SCHOOL, AMBAJOGAI, BEED",20,10
1016,Chh. Sambhaji Nagar,Parbhani,496,2019-20,ANM,"SAKSHI NURSING SCHOOL, MANWAT, PARBHANI",20,20
1017,Nashik,Nashik,497,2019-20,ANM,"SWAMI VIVEKANAND SANSTHA, MALEGAON, NASHIK",20,11
1018,Pune,Pune,499,2019-20,ANM,"Sushrusha Nursing School, Ap  Daund, Pune",20,20
1019,Pune,Pune,500,2019-20,ANM,"SUSHILA NURSING SCHOOL, DAUND, PUNE",20,20
1020,Pune,Sangli,501,2019-20,ANM,"CHINGUAAI INSTITUTE OF NURSING EDUCATION, KAVATHE MAHANKAL, SANGLI",20,10
1021,Pune,Kolhapur,502,2019-20,ANM,"SANJEEVA NURSING SCHOOL, KOLHAPUR",20,20
1022,Nashik,Ahilyanagar,505,2019-20,ANM,"SAVITRIBAI PHULE ANM NURSING COLLEGE, SHRIGONDA, AHMEDNAGAR",20,0
1023,Nashik,Ahilyanagar,506,2019-20,ANM,"KOPERGAON TALUKA VIDYARTHI SAHAYYAK SCHOOL OF NURSING,KOPERGAON",20,20
1024,Pune,Sangli,507,2019-20,ANM,"ABHINAV INSTITUTE OF NURSING EDUCATION, MIRAJ, SANGLI",20,20
1025,Pune,Pune,508,2019-20,ANM,"PRIYADARSHINI SHAK. BAU. GRAM VIKAS MAHILA SEVABHAVI MANDAL, SCHOOL OF NURSING, SHIRUR, PUNE",20,20
1026,Nagpur,Bhandara,512,2019-20,ANM,"ASHIRWAD NURSING SCHOOL OF ANM, SAKOLI BHANDARA",40,40
1027,Amravati,Yavatmal,513,2019-20,ANM,"Jeevan Rekha  School of Nursing, Tal  Umarkhed, Yavatmal",20,20
1028,Amravati,Yavatmal,514,2019-20,ANM,"Sanjeevan Nursing School, Yavatmal,",20,20
1029,Nagpur,Nagpur,515,2019-20,ANM,"SUVARNA SCHOOL OF NURSING SAONER, NAGPUR",20,20
1030,Nagpur,Nagpur,516,2019-20,ANM,"Indira Gandhi ANM Nursing School, Tal  Bhiwapur, Nagpur",20,20
1031,Amravati,Yavatmal,517,2019-20,ANM,"Yash Institute of Nursing, Athori Bazar, Yavatmal",20,20
1032,Nagpur,Wardha,523,2019-20,ANM,"NEW MAHARASHTRA INSTITUTE OF NURSING, MAHADEVPURA, WARDHA",20,19
1033,Nashik,Ahilyanagar,524,2019-20,ANM,"SHREE SAI NURSING SCHOOL, JAMKHED, AHMEDNAGAR",20,15
1034,Pune,Sangli,526,2019-20,ANM,"VIDYA SAGAR NURSING SCHOOL, SANGLI",20,19
1035,Nagpur,Gondia,531,2019-20,ANM,"Shri Dattatraya Prabhu Bahu. Shikshan Sanstha, Tiroda, Gondia",30,30
1036,Chh. Sambhaji Nagar,Nanded,533,2019-20,ANM,"Sharadrao Nursing College, Naigona Nanded",20,20
1037,Chh. Sambhaji Nagar,Nanded,534,2019-20,ANM,DHARTI SCHOOL OF NURSING MALEGAON RD NANDED,20,20
1038,Chh. Sambhaji Nagar,Nanded,535,2019-20,ANM,"Satabai Landge Nursing School, Nanded",20,20
1039,Amravati,Amravati,539,2019-20,ANM,"SHRI SANT LAHANUJI MAHARAJ SCHOOL OF NURSING, DARYAPUR, AMRAVATI",20,20
1040,Nashik,Nashik,541,2019-20,ANM,"KALWAN NURSING SCHOOL, KALWAN, NASHIK",20,20
1041,Nashik,Nashik,542,2019-20,ANM,"DINDORI SCHOOL OF NURSING, DINDORI, NASHIK",20,20
1042,Nashik,Nashik,543,2019-20,ANM,"YEOLA SCHOOL OF NURSING, YEOLA, NASHIK",20,20
1043,Chh. Sambhaji Nagar,Chh. Sambhaji Nagar,545,2019-20,ANM,"Yeshwant Institute of Nursing, Paithan Road, Aurangabad",30,30
1044,Chh. Sambhaji Nagar,Latur,546,2019-20,ANM,"SWAMI VIVEKANAND SHIKSHAN PRASARAK MANDAL, UDGIR, LATUR",20,0
1045,Amravati,Washim,548,2019-20,ANM,"Nazarene Nursing Training College, Pusad Road, Washim",20,20
1046,Nagpur,Gondia,550,2019-20,ANM,"Gondia Nursing College, Gondia",20,20
1047,Nagpur,Gondia,552,2019-20,ANM,"S. CHANDRA SCHOOL OF NURSING, ARJUNI GONDIA",20,15
1048,Amravati,Amravati,553,2019-20,ANM,"Sardar Nursing Institute, Walgaon Road, Amravati",20,17
1049,Amravati,Amravati,555,2019-20,ANM,"M.J. Pawade Nurisng School, Tal - Morshi, Amravati",20,20
1050,Nagpur,Wardha,557,2019-20,ANM,"Sunita Nursing School, Tal  Shelu, Wardha",20,20
1051,Nagpur,Gondia,558,2019-20,ANM,"S.R.V. NURSING SCHOOL, DAWAKI, TAL DEORI DIST GONDIA",20,18
1052,Chh. Sambhaji Nagar,Dharashiv,559,2019-20,ANM,"Late Changdevrao Banger Nursing School, Tal - Bhum, Osmanabad",20,16
1053,Chh. Sambhaji Nagar,Chh. Sambhaji Nagar,561,2019-20,ANM,"Prabhavati Nursing School, Aurangabad",20,20
1054,Chh. Sambhaji Nagar,Chh. Sambhaji Nagar,563,2019-20,ANM,GOGANATH BABA ANM NURSING SCHOOL CHITEGAON AURANGABAD,20,20
1055,Chh. Sambhaji Nagar,Beed,564,2019-20,ANM,"Late Ranghunathraoji Kendre Nursing School, Vaijnath, Beed",20,14
1056,Chh. Sambhaji Nagar,Latur,565,2019-20,ANM,"Sarojini Naidu School of Nursing, Chakur, Latur",20,20
1057,Chh. Sambhaji Nagar,Nanded,566,2019-20,ANM,"Indira Gandhi School of Nursing, Loha, Nanded",20,20
1058,Nashik,Nashik,567,2019-20,ANM,"MATOSHRI ASARABAI DARADE SCHOOL OF NURSING, YEOLA, NASHIK",20,20
1059,Amravati,Akola,568,2019-20,ANM,"MAHARSHI WALMIKI INSTITUTE OF NURSING MALKAPUR,AKOLA",30,29
1060,Amravati,Akola,571,2019-20,ANM,"AZAD HIND NURSING SCHOOL, AKOLA",20,20
1061,Amravati,Amravati,573,2019-20,ANM,"Gurumauli Institue of Nursing Science, Amravati",20,20
1062,Chh. Sambhaji Nagar,Hingoli,580,2019-20,ANM,"L.D.H.T. SCHOOL OF NURSING, HINGOLI",20,20
1063,Chh. Sambhaji Nagar,Hingoli,581,2019-20,ANM,"JAI HIND NURSING SCHOOL, HINGOLI",20,20
1064,Pune,Kolhapur,582,2019-20,ANM,"SANT GAJANAN MAHARAJ SCHOOL OF NURSING, CHINCHEWADI, GADHINGLAJ, KOLHAPUR",20,16
1065,Konkan,Sindhudurg,584,2019-20,ANM,"MAI NURSING SCHOOL, KUDAL",20,19
1066,Nashik,Dhule,585,2019-20,ANM,"RANIMANSAHEB MANUBADEVI RAWAL NURSING SCHOOL, DONDAICHA, DHULE",40,25
1067,Nashik,Dhule,586,2019-20,ANM,"D.S. NURSING SCHOOL, SAKRI, DHULE",20,18
1068,Konkan,Thane,587,2019-20,ANM,"SHRI GAJANAN MAHARAJ TRAINING SCHOOL OF  NURSING, JAWAHAR, THANE",20,11
1069,Nashik,Nashik,588,2019-20,ANM,"PETH NURSING SCHOOL, PETH, NASHIK",20,20
1070,Nashik,Nashik,589,2019-20,ANM,"IGATPURI NURSING SCHOOL, IGATPURI, NASHIK",20,20
1071,Nashik,Nashik,590,2019-20,ANM,"NIFAD NURSING SCHOOL, NIFAD, NASHIK",20,20
1072,Nashik,Nashik,591,2019-20,ANM,"MANMAD NURSING SCHOOL, YEOLA, NASHIK",20,20
1073,Nashik,Nashik,592,2019-20,ANM,"SAI CARE NURSING SCHOOL, NASHIK",20,20
1074,Nashik,Nashik,593,2019-20,ANM,"JIJAMATA NURSING SCHOOL, MALEGAON, NASHIK",20,20
1075,Konkan,Raigarh,595,2019-20,ANM,"D. D. VISPUTE SCHOOL OF NURSING, PANVEL, RAIGAD",30,11
1076,Nashik,Nashik,597,2019-20,ANM,"RAJEEV GANDHI GNM NURSING COLLEGE, SINNAR, NASHIK",20,20
1077,Nashik,Nashik,598,2019-20,ANM,"TANMAYI NURSING INSTITUTE, NASHIK",20,20
1078,Nashik,Nashik,601,2019-20,ANM,"KARM. R. S. WAGH EDUCATION  HEALTH SANSTHAS SCHOOL OF NURSING, DINDORI, NASHIK",20,7
1079,Nashik,Ahilyanagar,604,2019-20,ANM,"MANGALA NURSING SCHOOL, AHMEDNAGAR",20,6
1080,Nashik,Ahilyanagar,608,2019-20,ANM,"ABHINAV NURSING SCHOOL, AHMEDNAGAR",20,20
1081,Pune,Pune,610,2019-20,ANM,"SHIRUR SCHOOL OF NURSING, SHIRUR, PUNE",20,19
1082,Nashik,Ahilyanagar,612,2019-20,ANM,"ASHIRWAD NURSING SCHOOL, RAHURI, AHMEDNAGAR",20,20
1083,Pune,Kolhapur,616,2019-20,ANM,"SHRI SIDDHI NURSING SCHOOL, KAGAL, KOLHAPUR",20,20
1084,Pune,Kolhapur,617,2019-20,ANM,"SIDDHAGIRI NURSING INSTITUTE, KARVEER, KOLHAPUR",20,20
1085,Nashik,Ahilyanagar,618,2019-20,ANM,"SAI NURSING SCHOOL, SHEVGAON, AHMEDNAGAR",20,20
1086,Nashik,Ahilyanagar,620,2019-20,ANM,"DR. RAMESH DHOKANE PATIL SCHOOL OF NURSING, NEWASA, AHMEDNAGAR",20,20
1087,Nashik,Ahilyanagar,622,2019-20,ANM,"NITYASEVA NURSING SCHOOL, PARNER, AHMEDNAGAR",20,17
1088,Pune,Sangli,623,2019-20,ANM,"KEDARNATH NURSING SCHOOL, ISLAMPUR, SANGLI",20,20
1089,Nashik,Ahilyanagar,625,2019-20,ANM,"SHRUTI NURSING SCHOOL, SHRIRAMPUR, AHMEDNAGAR",20,0
1090,Nashik,Ahilyanagar,626,2019-20,ANM,"KOPARGAON NURSING SCHOOL, KOPERGAON, AHMEDNAGAR",20,0
1091,Pune,Sangli,627,2019-20,ANM,"LAXMIPRABHA NURSING INSTITUTE, MIRAJ, SANGLI",20,20
1092,Pune,Sangli,628,2019-20,ANM,"SHABBIR AHMED ANSARI NURSING SCHOOL, MIRAJ, SANGLI",20,16
1093,Nashik,Ahilyanagar,629,2019-20,ANM,"LATE BHAU DAJI PATIL DESHMUKH GRAMIN VIKAS PRATISHTHAN'S RANM SCHOOL, AHMEDNAGAR",20,19
1094,Nashik,Ahilyanagar,630,2019-20,ANM,"SAWALI SCHOOL OF NURSING, PARNER, AHMEDNAGAR",20,19
1095,Pune,Pune,633,2019-20,ANM,"TILAK MAHARASHTRA VIDYAPEETH INSTITUTE OF NURSING EDUCATION  RESEARCH, PUNE",20,3
1096,Nashik,Ahilyanagar,634,2019-20,ANM,"JIJAMATA NURSING SCHOOL, SHEVGAON, AHMEDNAGAR",20,18
1097,Pune,Sangli,635,2019-20,ANM,"DHANVANTARI INSTITUTE OF NURSING  PARAMEDICAL SCIENCES, SHIRALA, SANGLI",20,16
1098,Pune,Solapur,636,2019-20,ANM,"VIJAYSINH MOHITE PATIL SCHOOL OF NURSING, MALSHIRAS, SOLAPUR",20,10
1099,Pune,Pune,637,2019-20,ANM,"LATE UDHAVRAO TULSHIRAM JADHAVAR FOUNDATIONS INSTITUTE OF NURSING, PUNE",20,20
1100,Pune,Solapur,638,2019-20,ANM,"SARDARBI INSTITUTE OF NURSING EDUCATION, MOHOL, SOLAPUR",20,20
1101,Pune,Solapur,642,2019-20,ANM,"JANKALYAN INSTITUTE OF NURSING EDUCATION, PANDHARPUR, SOLAPUR",20,19
1102,Pune,Satara,645,2019-20,ANM,"WILLIS F. PIERCE MEMORIAL HOSPITAL, WAI, SATARA",20,20
1103,Pune,Pune,650,2019-20,ANM,"YASH INSTITUTE OF NURSING  PARAMEDICAL SCIENCES, INDAPUR, PUNE",20,20
1104,Pune,Sangli,651,2019-20,ANM,"SHRI DATTA SCHOOL OF NURSING, SHIRALA, SANGLI",20,19
1105,Pune,Solapur,652,2019-20,ANM,"DHANSHRI INSTITUTE OF NURSING, MADHA, SOLAPUR",20,20
1106,Nagpur,Wardha,653,2019-20,ANM,"CHETNA NURSING INSTITUTE, WARDHA",20,20
1107,Amravati,Buldana,654,2019-20,ANM,"JIJAMATA SCHOOL OF NURSING, BULDANA",20,20
1108,Nagpur,Chandrapur,655,2019-20,ANM,"DEONIL SCHOOL OF NURSING, MUL, CHANDRAPUR",20,16
1109,Amravati,Amravati,656,2019-20,ANM,"SARASWATI INSTITUTE OF NURSING SCIENCES AND RESEARCH, AMRAVATI",40,38
1110,Nagpur,Bhandara,657,2019-20,ANM,"MAHALAXMI NURSING SCHOOL, TUMSAR, BHANDARA",20,20
1111,Nagpur,Gondia,658,2019-20,ANM,"KAMALATAI BUDHE NURSING SCHOOL, GONDIA",20,20
1112,Nagpur,Wardha,659,2019-20,ANM,"NANDATAI LOHAVE SCHOOL OF NURSING, WARDHA",20,20
1113,Nagpur,Wardha,660,2019-20,ANM,"D. P. NURSING SCHOOL & RESEARCH INSTITUTE, WARDHA",20,19
1114,Nagpur,Bhandara,661,2019-20,ANM,"SAI NURSING SCHOOL, TUMSAR, BHANDARA",20,20
1115,Nagpur,Nagpur,663,2019-20,ANM,"SAIRAM SCHOOL OF NURSING, RAMTEK, NAGPUR",20,20
1116,Nagpur,Chandrapur,664,2019-20,ANM,"MOTHER TERESA NURSING ACADAMY, BALLARPUR, CHANDRAPUR",30,11
1117,Nagpur,Nagpur,666,2019-20,ANM,"ACHARYA VINOBA BHAVE SCHOOL OF NURSING, KATOL, NAGPUR",30,30
1118,Amravati,Yavatmal,668,2019-20,ANM,"SWA. RUPESHKUMAR INGOLE SCHOOL OF NURSING, YAVATMAL",20,20
1119,Amravati,Yavatmal,670,2019-20,ANM,"MAHAJAN NURSING SCHOOL, YAVATMAL",20,20
1120,Amravati,Buldana,671,2019-20,ANM,"PAINGANGA INSTITUTE OF NURSING, BULDANA",20,19
1121,Nagpur,Gadchiroli,672,2019-20,ANM,"SHRI SAI SCHOOL OF NURSING, ARMORI, GADCHIROLI",20,20
1122,Amravati,Yavatmal,673,2019-20,ANM,"INDIRABAI BHOYAR SCHOOL OF NURSING, GHATANJI, YAVATMAL",20,13
1123,Nagpur,Wardha,674,2019-20,ANM,"KINKAR SCHOOL OF NURSING, SELOO, WARDHA",20,20
1124,Nagpur,Chandrapur,675,2019-20,ANM,"SANT GAJANAN MAHARAJ NURSING SCHOOL, SINDE WAHI, CHANDRAPUR",20,20
1125,Amravati,Buldana,676,2019-20,ANM,"MAHATMA JYOTIBA PHULE BAHU. SHIKSHAN SANSTHAS NURSING SCHOOL, CHIKHALI, BULDHANA",20,20
1126,Nagpur,Bhandara,679,2019-20,ANM,"AROMIRA SCHOOL OF NURSING, BHANDARA",20,19
1127,Amravati,Buldana,680,2019-20,ANM,"DR. K. B. MAPRI INSTITUTE OF NURISNG, LONAR, BULDHANA",20,20
1128,Amravati,Amravati,681,2019-20,ANM,"VIDHARBH SCHOOL OF NURSING, AMRAVATI",20,20
1129,Amravati,Buldana,682,2019-20,ANM,"KALASKAR NURSING INSTITUTE, NANDURA, BULDHANA",20,20
1130,Nagpur,Nagpur,683,2019-20,ANM,"SUMANTAI WASNIK INSTITUTE OF NURSING, NAGPUR",20,20
1131,Nagpur,Wardha,686,2019-20,ANM,"SATAO NURSING TRAINING SCHOOL, WARDHA",20,17
1132,Nagpur,Bhandara,687,2019-20,ANM,"NAV  YUVA NURSING SCHOOL, BHANDARA",30,30
1133,Nagpur,Nagpur,688,2019-20,ANM,"POOJA NURSING SCHOOL, NAGPUR",40,40
1134,Nagpur,Gondia,689,2019-20,ANM,"HEALTH CARE NURSING SCHOOL, AMGAON, GONDIA",20,20
1135,Nagpur,Bhandara,690,2019-20,ANM,"G.S.NURSING SCHOOL, SAKOLI, BHANDARA",20,20
1136,Chh. Sambhaji Nagar,Chh. Sambhaji Nagar,694,2019-20,ANM,"SHRI GORAKSHA NURSING SCHOOL, PHULAMBRI, AURANGABAD",20,20
1137,Chh. Sambhaji Nagar,Latur,696,2019-20,ANM,"JIJAMATA NURSING SCHOOL, LATUR",20,17
1138,Chh. Sambhaji Nagar,Beed,697,2019-20,ANM,"SHREE VENKATESHA NURSING SCHOOL, BEED",20,20
1139,Chh. Sambhaji Nagar,Latur,699,2019-20,ANM,"S.G.NURSING SCHOOL, LATUR",20,0
1140,Chh. Sambhaji Nagar,Beed,700,2019-20,ANM,"GANDHI NURSING SCHOOL, ASHTI, BEED",20,20
1141,Chh. Sambhaji Nagar,Chh. Sambhaji Nagar,701,2019-20,ANM,"MAHARAJA  SAYAJIRAO GAIKWAD NURSING SCHOOL, AURANGABAD",20,20
1142,Chh. Sambhaji Nagar,Beed,702,2019-20,ANM,"RASHTRAMATA JIJAU NURSING SCHOOL, PATODA, BEED",20,20
1143,Chh. Sambhaji Nagar,Beed,704,2019-20,ANM,"VISHWAS SAWANT NURSING SCHOOL, BEED",20,20
1144,Chh. Sambhaji Nagar,Parbhani,705,2019-20,ANM,"INDIRA GANDHI A.N.M. NURSING SCHOOL, PARBHANI",20,20
1145,Chh. Sambhaji Nagar,Chh. Sambhaji Nagar,707,2019-20,ANM,"DR. DAHIPHALE MEDICAL FOUNDATION TRUST'S SCHOOL OF NURSING, AURANGABAD",20,20
1146,Chh. Sambhaji Nagar,Nanded,708,2019-20,ANM,"KOMALBAI MUNDE NURSING SCHOOL, MUKHED, NANDED",20,17
1147,Chh. Sambhaji Nagar,Nanded,709,2019-20,ANM,"GANSHANTI NURSING SCHOOL, NANDED",20,20
1148,Chh. Sambhaji Nagar,Nanded,710,2019-20,ANM,"RAM RATAN NURSING INSTITUTE, BHOKAR, NANDED",20,20
1149,Chh. Sambhaji Nagar,Dharashiv,711,2019-20,ANM,"BILL GATES NURSING SCHOOL, OSMANABAD",20,20
1150,Chh. Sambhaji Nagar,Nanded,712,2019-20,ANM,"SHAKUNTALA NURSING INSTITUTE, MUDKHED, NANDED",20,20
1151,Chh. Sambhaji Nagar,Latur,714,2019-20,ANM,"JAWALGE NURSING SCHOOL, LATUR",20,20
1152,Chh. Sambhaji Nagar,Nanded,717,2019-20,ANM,"GOVINDRAO PAUL NURSING SCHOOL, NANDED",30,30
1153,Chh. Sambhaji Nagar,Dharashiv,718,2019-20,ANM,"RENUKA NURSING RANM SCHOOL, KALAMB, OSMANABAD",20,20
1154,Chh. Sambhaji Nagar,Latur,719,2019-20,ANM,"DAYEE INSTITUTE OF NURSING,LATUR",20,20
1155,Chh. Sambhaji Nagar,Chh. Sambhaji Nagar,721,2019-20,ANM,"SAVITRIBAI PHULE NURSING SCHOOL, KANNAD, AURANGABAD",20,20
1156,Chh. Sambhaji Nagar,Parbhani,722,2019-20,ANM,"RAJMATA AHILYA DEVI INSTITUTION OF NURSING, PARBHANI",20,20
1157,Chh. Sambhaji Nagar,Nanded,723,2019-20,ANM,"SUBHADRA INSTITUTE NURSING SCHOOL, BILOLI, NANDED",20,16
1158,Chh. Sambhaji Nagar,Parbhani,724,2019-20,ANM,"LATE ANNASAHEB KAKDE NURSING SCHOOL, SAILU, PARBHANI",20,19
1159,Chh. Sambhaji Nagar,Parbhani,725,2019-20,ANM,"KAI. MUNIRAM NIKE NURSING SCHOOL, SONPETH, PARBHANI",20,20
1160,Chh. Sambhaji Nagar,Parbhani,727,2019-20,ANM,"RADHAI INSTITUTE OF NURSING SCHOOL, GANGAKHED, PARBHANI",20,20
1161,Chh. Sambhaji Nagar,Latur,728,2019-20,ANM,"PUSHPAI NURSING SCHOOL, AHMEDPUR, LATUR",20,20
1162,Chh. Sambhaji Nagar,Nanded,732,2019-20,ANM,"SWAMI RAMANAND TIRTH NURSING INSTITITUE, KANDHAR, NANDED",20,20
1163,Chh. Sambhaji Nagar,Beed,733,2019-20,ANM,"PRAGATI NURSING SCHOOL, PATODA, BEED",20,20
1164,Chh. Sambhaji Nagar,Beed,734,2019-20,ANM,"SAMARTH NURSING SCHOOL, WADVANI, BEED",20,20
1165,Chh. Sambhaji Nagar,Parbhani,740,2019-20,ANM,"SAMARTH NURSING SCHOOL, PARBHANI",20,20
1166,Chh. Sambhaji Nagar,Chh. Sambhaji Nagar,742,2019-20,ANM,"SHRI SWAMI SAMARTH NURSING SCHOOL, AURANGABAD",20,14
1167,Chh. Sambhaji Nagar,Chh. Sambhaji Nagar,743,2019-20,ANM,"HUDCO NURSING SCHOOL, AURANGABAD",20,20
1168,Chh. Sambhaji Nagar,Chh. Sambhaji Nagar,745,2019-20,ANM,"NEW NURSING SCHOOL, AURANGABAD",20,20
1169,Chh. Sambhaji Nagar,Chh. Sambhaji Nagar,746,2019-20,ANM,"SHEETAL NURSING SCHOOL, AURANGABAD",20,0
1170,Chh. Sambhaji Nagar,Latur,748,2019-20,ANM,"SAVITHRIBAI PULE NURSING SCHOOL, JALKOT, LATUR",20,20
1171,Chh. Sambhaji Nagar,Nanded,749,2019-20,ANM,"GANGABAI PATIL NURSING SCHOOL, BILOLI, NANDED",20,20
1172,Chh. Sambhaji Nagar,Beed,750,2019-20,ANM,"SANSKRUTI NURSING SCHOOL, BEED",20,17
1173,Chh. Sambhaji Nagar,Hingoli,751,2019-20,ANM,"SHRAVNI INSTISUTE OF NURSING, BASMAT, HINGOLI",20,20
1174,Chh. Sambhaji Nagar,Chh. Sambhaji Nagar,754,2019-20,ANM,"BHARTIYA NURSING SCHOOL, AURANGABAD",20,20
1175,Chh. Sambhaji Nagar,Hingoli,755,2019-20,ANM,"YESHWANT INSTITUTE OF NURSING SCHOOL, HINGOLI",20,14
1176,Chh. Sambhaji Nagar,Parbhani,756,2019-20,ANM,"SHRI SURESHDADA DESHMUKH INSTITUTE OF NURSING, PARBHANI",20,17
1177,Chh. Sambhaji Nagar,Nanded,757,2019-20,ANM,"BHIVRAJ KALANTRI NURSING INSTITUTE, NANDED",20,20
1178,Chh. Sambhaji Nagar,Beed,758,2019-20,ANM,"KAI BABURAO GHULE SCHOOL OF NURSING, AMBAJOGAI, BEED",20,20
1179,Chh. Sambhaji Nagar,Nanded,760,2019-20,ANM,"RAJMATA JIJAU NURSING SCHOOL, NANDED",20,20
1180,Chh. Sambhaji Nagar,Nanded,763,2019-20,ANM,"MOTHER TERESA NURSING SCHOOL, NANDED",20,18
1181,Chh. Sambhaji Nagar,Nanded,764,2019-20,ANM,"OMKAR NURSING SCHOOL, BILOLI, NANDED",20,20
1182,Chh. Sambhaji Nagar,Latur,765,2019-20,ANM,"MAHARASHTARA NURSING SCHOOL, CHAKUR, LATUR",20,20
1183,Chh. Sambhaji Nagar,Nanded,767,2019-20,ANM,"ADARSHA NURSING SCHOOL, DEGLOOR, NANDED",20,20
1184,Chh. Sambhaji Nagar,Beed,768,2019-20,ANM,"RAMLING VIGHNE NURSING SCHOOL, BEED",20,20
1185,Nagpur,Gondia,769,2019-20,ANM,"S. CHANDRA NURSING SCHOOL, AMGAON, GONDIA",20,14
1186,Nagpur,Gondia,770,2019-20,ANM,"SMT. GUNAMALA JAIN CHARITABLE TRUSTS INSTITUTE OF NURSING EDUCATION, GONDIA",20,10
1187,Nagpur,Gondia,771,2019-20,ANM,"SMT. LAXMIBAI CHANDEKAR NURSING SCHOOL, GORGAON, GONDIA",20,20
1188,Nagpur,Gondia,772,2019-20,ANM,"GONDIA CITY INSTITUTE OF NURSING & PARAMEDICAL SCIENCES, GONDIA",20,20
1189,Chh. Sambhaji Nagar,Latur,775,2019-20,ANM,"MATRUBHOOMI NURSING SCHOOL, UDGIR, LATUR",30,30
1190,Chh. Sambhaji Nagar,Dharashiv,777,2019-20,ANM,"K.T. PATIL SCHOOL OF  NURSING, OSMANABAD",20,20
1191,Chh. Sambhaji Nagar,Chh. Sambhaji Nagar,779,2019-20,ANM,"AURANGABAD NURSING SCHOOL, AURANGABAD",20,20
1192,Chh. Sambhaji Nagar,Chh. Sambhaji Nagar,780,2019-20,ANM,"SHAHNAWAZ NURSING SCHOOL, AURANGABAD",20,19
1193,Chh. Sambhaji Nagar,Nanded,781,2019-20,ANM,"NARMADA NURSING INSTITUTE , LOHA, NANDED",20,19
1194,Chh. Sambhaji Nagar,Parbhani,782,2019-20,ANM,"DNYANAI INSTITUTE OF NURSING SCHOOL, PARBHANI",40,40
1195,Chh. Sambhaji Nagar,Chh. Sambhaji Nagar,783,2019-20,ANM,"SHAHU MAHARAJ NURSING SCHOOL, AURANGABAD",20,15
1196,Chh. Sambhaji Nagar,Parbhani,786,2019-20,ANM,"TORJA NURSING SCHOOL, PARBHANI",20,20
1197,Chh. Sambhaji Nagar,Dharashiv,787,2019-20,ANM,"SAI NURSING COLLEGE, UMERGA, OSMANABAD",20,20
1198,Chh. Sambhaji Nagar,Latur,788,2019-20,ANM,"NEW MOTHER TERESA A.N.M. SCHOOL OF NURSING, UDGIR, LATUR",20,17
1199,Chh. Sambhaji Nagar,Parbhani,790,2019-20,ANM,"SAISHA NURSING SCHOOL, PURNA, PARBHANI",20,20
1200,Chh. Sambhaji Nagar,Hingoli,791,2019-20,ANM,"INDIRA GANDHI NURSING SCHOOL, BASMAT, HINGOLI",20,20
1201,Chh. Sambhaji Nagar,Nanded,792,2019-20,ANM,"MUKTAI NURSING SCHOOL, NANDED",20,20
1202,Chh. Sambhaji Nagar,Parbhani,793,2019-20,ANM,"SHRI SAI INSTITUTION OF NURSING SCHOOL, JINTOR, PARBHANI",20,20
1203,Chh. Sambhaji Nagar,Parbhani,794,2019-20,ANM,"YESHWANT INSTITUTE OF NURSING,  PARBHANI",20,20
1204,Chh. Sambhaji Nagar,Hingoli,795,2019-20,ANM,"LATE S. D. MASKE SCHOOL OF NURSING, HINGOLI",20,19
1205,Chh. Sambhaji Nagar,Beed,797,2019-20,ANM,"DIPTI AAHER NURSING SCHOOL, AMBAJOGAI, BEED",20,20
1206,Chh. Sambhaji Nagar,Hingoli,798,2019-20,ANM,"MOTHER TERESA NURSING SCHOOL, HINGOLI",20,16
1207,Chh. Sambhaji Nagar,Nanded,799,2019-20,ANM,"MOTHER TERESA NURSING INSTITUTE, KANDHAR, NANDED",20,20
1208,Nashik,Dhule,804,2019-20,ANM,"Palak Nursing Institute, Shirpur, Dhule",20,20
1209,Konkan,Ratnagiri,806,2019-20,ANM,"Devang A.N.M. Nursing School, Ratnagiri",20,20
1210,Pune,Satara,807,2019-20,ANM,"RAJMATA NURSING SCHOOL, SATARA",20,16
1211,Pune,Kolhapur,808,2019-20,ANM,"Late. Ushatai Nursing School, Kolhapur",20,15
1212,Pune,Sangli,809,2019-20,ANM,"Smt. Padmini Institute of Nursing  Paramedical Sciences, Atpadi, Sangli",20,16
1213,Nashik,Ahilyanagar,810,2019-20,ANM,"Saibaba Nursing School, Kolpewadi,  Ahmednagar",40,40
1214,Nashik,Ahilyanagar,811,2019-20,ANM,"Raj Laxmi Nursing School, Ahmednagar",20,10
1215,Nagpur,Wardha,813,2019-20,ANM,"Dimond Nursing Institute, Deoli, Wardha",20,20
1216,Nagpur,Wardha,814,2019-20,ANM,"Kasturba Nursing School, Samudrapur, Wardha",20,20
1217,Nagpur,Gondia,819,2019-20,ANM,"S.M.Nursing School, Gondia",20,20
1218,Amravati,Buldana,820,2019-20,ANM,"Vision Nursing School, Buldhana",20,19
1219,Amravati,Yavatmal,821,2019-20,ANM,"Varsharaj Nursing School, Wani, Yavatmal",20,20
1220,Nagpur,Chandrapur,822,2019-20,ANM,"Jijamata Insitute of Nursing, Bhadrawati, Chandrapur",20,18
1221,Nagpur,Chandrapur,824,2019-20,ANM,"Rashtriy Nursing School, Rajura, Chandrapur",20,20
1222,Nagpur,Nagpur,825,2019-20,ANM,"Aakar School of Nursing, Nagpur",20,20
1223,Nagpur,Nagpur,826,2019-20,ANM,"Tanisq School of Nursing, Nagpur",30,30
1224,Chh. Sambhaji Nagar,Hingoli,829,2019-20,ANM,"Ananditai Bengal Nursing School, Sengaon, Hingoli",20,20
1225,Chh. Sambhaji Nagar,Jalna,830,2019-20,ANM,"Om Shanti Nursing School, Bhokardan, Jalna",20,12
1226,Chh. Sambhaji Nagar,Latur,831,2019-20,ANM,"RAJGURU SCHOOL OF NURSING, UDGIR, LATUR",20,20
1227,Chh. Sambhaji Nagar,Nanded,832,2019-20,ANM,"Akshay Nursing School, Nanded",20,16
1228,Chh. Sambhaji Nagar,Parbhani,834,2019-20,ANM,"Kalpana Chawala Nursing School, Parbhani",20,20
1229,Chh. Sambhaji Nagar,Beed,838,2019-20,ANM,"Swaraj Indira Gandhi Nursing School, Patoda, Beed",20,20
1230,Konkan,Ratnagiri,870,2019-20,ANM,"The Yash Foundations College of  Nursing  Medical Research Institute, Ratnagiri",30,30
1231,Nashik,Ahilyanagar,880,2019-20,ANM,"Praytna Nursing College, Ahmednagar",20,20
1232,Pune,Pune,898,2019-20,ANM,"Dhareshwar Institute of Nursing, Pune",20,20
1233,Nagpur,Nagpur,924,2019-20,ANM,"Shree Sai School of Nursing, Umrer, Nagpur",20,20
1234,Nagpur,Bhandara,935,2019-20,ANM,"Spandan Nursing School, Pauni, Bhandara",20,20
1235,Nagpur,Gondia,937,2019-20,ANM,"RADHABAI BAHEKAR SCHOOL OF NURSING,  GONDIA.",20,19
1236,Chh. Sambhaji Nagar,Beed,939,2019-20,ANM,"District Hospital, Beed",20,20
1237,Chh. Sambhaji Nagar,Chh. Sambhaji Nagar,942,2019-20,ANM,"Aurangabad Training School of Nursing,Shivajinagar, Aurangabad",20,7
1238,Chh. Sambhaji Nagar,Nanded,971,2019-20,ANM,"Marathwada Nursing School, Nanded",20,20
1239,Amravati,Yavatmal,1002,2019-20,ANM,"Devyani School of Nursing, Yavatmal",20,20
1240,Amravati,Buldana,1003,2019-20,ANM,"Dnyandeep Vimukta Va Bhatkya  Jati, Jamati Shikshan Prasarak Mandal Nursing School, Buldhana",20,20
1241,Chh. Sambhaji Nagar,Nanded,1005,2019-20,ANM,"Matoshri Nursing School, Nanded",20,20
1242,Konkan,Mumbai Suburban,1011,2019-20,ANM,"SMT. D.Y.SAWANT NURSING SCHOOL, BHANDUP",20,18
1243,Chh. Sambhaji Nagar,Nanded,1014,2019-20,ANM,"TIRUMALA ANM SCHOOL OF NURSING,HADGAON,NANDED",20,20
1244,Nashik,Ahilyanagar,1017,2019-20,ANM,"SHRIRAMPUR NURSING SCHOOL, SHRIAMPUR, AHMEDNAGAR",20,0
1245,Chh. Sambhaji Nagar,Parbhani,1021,2019-20,ANM,"GENERAL HOSPITAL, PARBHANI",20,19
1246,Konkan,Thane,1022,2019-20,ANM,"SAKET GYANPEETH TRUST, THANE",20,0
1247,Konkan,Raigarh,1023,2019-20,ANM,"MANGAON EDUCATION TRUST, MANGAON, RAIGAD",20,11
1248,Nagpur,Gondia,1025,2019-20,ANM,"K.T.S. GENERAL HOSPITAL, GONDIA",20,20
1249,Chh. Sambhaji Nagar,Beed,1026,2019-20,ANM,"SOU RUKHMINI MANOHAR MACHALE  NURSING SCHOOL, BEED",20,16
1250,Chh. Sambhaji Nagar,Beed,1028,2019-20,ANM,"UNIQUE RANM NURSING SCHOOL, PARLI, BEED",20,20
1251,Chh. Sambhaji Nagar,Chh. Sambhaji Nagar,1029,2019-20,ANM,"MONICA NURSING SCHOOL, AURANGABAD",20,20
1252,Amravati,Akola,1030,2019-20,ANM,"MAA ANUSAYA SCHOOL OF NURSING, AKOLA",20,20
1253,Chh. Sambhaji Nagar,Jalna,1031,2019-20,ANM,"Sharda Nursing School,Jalna",20,20
1254,Chh. Sambhaji Nagar,Parbhani,1032,2019-20,ANM,"Aai Institute of Nursing, Parbhani",20,20
1255,Konkan,Sindhudurg,1034,2019-20,ANM,"LATE MRS. ABOLI KULDEEP PEDNEKAR NURSING INSTITUTE, TALERE, SINDHUDURG",20,10
1256,Chh. Sambhaji Nagar,Chh. Sambhaji Nagar,1035,2019-20,ANM,"CIVIL HOSPITAL, AMKHAS MAIDAN, AURANGABAD",20,19
1257,Chh. Sambhaji Nagar,Hingoli,1038,2019-20,ANM,"V.B.N. NURSING SCHOOL, HINGOLI",20,20
1258,Chh. Sambhaji Nagar,Parbhani,1039,2019-20,ANM,"BLESSING INSTITUTE OF NURSING, PARBHANI",20,20
1259,Nagpur,Nagpur,1040,2019-20,ANM,"INDIRA GANDHI SCHOOL OF NURSING,Golchha marg,sadar, NAGPUR",20,20
1260,Nagpur,Gondia,1041,2019-20,ANM,"ASHWINI NURSING TRAINING SCHOOL, GONDIA",20,20
1261,Amravati,Amravati,1043,2019-20,ANM,"ASHA NURSING SCHOOL, AMRAVATI",20,20
1262,Nagpur,Nagpur,1044,2019-20,ANM,"AVATAR MEHER BABA SCHOOL OF NURSING, NAGPUR",20,20
1263,Nagpur,Wardha,1045,2019-20,ANM,"MAHATMA GANDHI NURSING INSTITUTE, DEOLI, WARDHA",20,20
1264,Amravati,Amravati,1049,2019-20,ANM,"SARSWATI NURSING SCHOOL, DHAMANGAON, AMRAVATI",20,20
1265,Amravati,Washim,1050,2019-20,ANM,"GENERAL HOSPITAL, WASHIM",10,9
1266,Chh. Sambhaji Nagar,Beed,1051,2019-20,ANM,"DISTRICT HOSPITAL, SAWARGAON, AMBAJOGAI, BEED",20,19
1267,Pune,Solapur,1052,2019-20,ANM,"SMT. KAMALBEN PATEL INSTITUTE OF NURISNG, KUMBHARI, SOLAPUR",20,19
1268,Nashik,Nashik,1099,2019-20,ANM,"Training college of Nursing, general hospital malegaon nashik",20,19
1269,Nashik,Nandurbar,1101,2019-20,ANM,"GENERAL HOSPITAL, NANDURBAR",10,9
1270,Amravati,Yavatmal,1102,2019-20,ANM,"GENERAL HOSPITAL, PUSAD, YAVATMAL",10,10
1271,Chh. Sambhaji Nagar,Hingoli,1103,2019-20,ANM,"GENERAL HOSPITAL, HINGOLI",10,10
1272,Amravati,Yavatmal,1106,2019-20,ANM,"Chintamani School of Nursing, Kalamb, Yavatmal",60,60
1273,Konkan,Thane,4,2019-20,GNM,"V. S. GENERAL HOSPITAL, THANE",20,20
1274,Konkan,Raigarh,6,2019-20,GNM,"GENERAL HOSPITAL,  ALIBAG",20,20
1275,Konkan,Ratnagiri,7,2019-20,GNM,"GENERAL HOSPITAL, RATNAGIRI",20,20
1276,Nashik,Nashik,8,2019-20,GNM,"GENERAL HOSPITAL, NASIK",20,19
1277,Nashik,Jalgaon,10,2019-20,GNM,"GENERAL HOSPITAL,  JALGAON",20,17
1278,Nashik,Nashik,12,2019-20,GNM,GANPATRAO ADKE INE.  NASIK,40,34
1279,Nashik,Nashik,13,2019-20,GNM,"NASIK MEDICO TRAINING COLLEGE OF NURSING, NASIK",40,40
1280,Konkan,Ratnagiri,14,2019-20,GNM,"RAMRAJE SCH. NSG, RCON DAPOLI, RATNAGIRI",40,39
1281,Konkan,Raigarh,16,2019-20,GNM,"NOOTAN SCHOOL OF NURSING, RAIGAD",40,40
1282,Konkan,Raigarh,26,2019-20,GNM,"KALAVATI INSTITUTE OF NURSING EDUCATION,  AIROLI NAVI MUMBAI",40,40
1283,Konkan,Ratnagiri,29,2019-20,GNM,"PARKAR MEDICAL FOUNDATION SCHOOL OF NURSING, RATNAGIRI",20,20
1284,Nashik,Nashik,33,2019-20,GNM,"NAMCO SCHOOL OF NURSING, NASIK",40,40
1285,Konkan,Sindhudurg,35,2019-20,GNM,"SHREE ANANT SMRUTI SCHOOL OF NURSING, KASAL",20,19
1286,Nashik,Nashik,38,2019-20,GNM,"NASHIK NURSING SCHOOL, NASHIK",40,40
1287,Nashik,Ahilyanagar,39,2019-20,GNM,"GENERAL HOSPITAL,AHMEDNAGAR",20,20
1288,Pune,Satara,40,2019-20,GNM,"GENERAL HOSPITAL, SATARA",20,20
1289,Pune,Kolhapur,41,2019-20,GNM,"C.P.R. GENERAL HOSPITAL, KOLHAPUR",20,20
1290,Pune,Solapur,42,2019-20,GNM,"DHANRAJGIRIJI HOSPITAL,  SOLAPUR",20,20
1291,Nashik,Ahilyanagar,51,2019-20,GNM,KRANTI SCHOOL OF NURSING  AHMEDNAGAR,40,40
1292,Pune,Kolhapur,53,2019-20,GNM,"DR. J. J. MAGDUM SON, SHIROL, KOLHAPUR",40,40
1293,Pune,Solapur,54,2019-20,GNM,"ASHWINI SAHAKARI SON,  SOLAPUR",30,30
1294,Pune,Pune,62,2019-20,GNM,"Sevadham Trust A.S.M.T. SON, MAVAL, PUNE,",20,15
1295,Pune,Solapur,64,2019-20,GNM,"SHIVAJI SHIKSHAN PRASARAK MANDALS, SON, BARSHI, SOLAPUR",20,20
1296,Pune,Pune,65,2019-20,GNM,"ANAND MEDICAL FOUNDATION, SON, KURULI, KHED, PUNE",20,20
1297,Pune,Sangli,66,2019-20,GNM,"KAMAL INSTITUTE OF NURSING EDUCATION, JATH, SANGLI",20,18
1298,Pune,Sangli,72,2019-20,GNM,"UMA INST. OF NURSING EDUCATION, SANGLI",20,19
1299,Nashik,Ahilyanagar,73,2019-20,GNM,"SEVA NURSING SCHOOL, AHMEDNAGAR",80,80
1300,Pune,Kolhapur,74,2019-20,GNM,"KEDARI REDEKAR  NURSING SCHOOL, GADHINGLAJ, KOLHAPUR",20,20
1301,Pune,Satara,90,2019-20,GNM,"PHALTAN EDUCATION SOCIETY, SCHOOL OF NURSING, PHALTAN ,SATARA",40,40
1302,Nagpur,Wardha,101,2019-20,GNM,"FLORENCE NIGHTINGALE TRAINING COLLEGE OF NURSING,WARDHA.",100,100
1303,Amravati,Amravati,107,2019-20,GNM,"DIST.HOSPITAL FOR WOMEN , AMRAVATI",10,10
1304,Nagpur,Chandrapur,109,2019-20,GNM,"GENERAL HOSPITAL,CHANDRAPUR",30,20
1305,Nagpur,Bhandara,112,2019-20,GNM,"GENERAL HOSPITAL, BHANDARA",10,10
1306,Nagpur,Gadchiroli,113,2019-20,GNM,GENERAL HOSPITAL  GADCHIROLI,10,10
1307,Amravati,Yavatmal,115,2019-20,GNM,"HELEN ROSE SCHOOL OF NURSING UMRI, YAVATMAL",20,20
1308,Amravati,Amravati,116,2019-20,GNM,"MAA GAYATRI SCHOOL OF NURSING, ACHALPUR, AMRAVATI",20,19
1309,Amravati,Akola,118,2019-20,GNM,"INSTITUTE OF NURSING EDUCATION & RESEARCH, AKOLA",40,40
1310,Amravati,Yavatmal,119,2019-20,GNM,"SUMITRABAI THAKARE TRAINING COLLEGE OF NURSING, YAVATMAL",40,40
1311,Amravati,Akola,122,2019-20,GNM,"NATIONAL SCHOOL OF NURSING , AKOLA",20,20
1312,Nagpur,Bhandara,126,2019-20,GNM,"SMT. K. N. PATEL  SCHOOL OF NURSING, BHANDARA",20,20
1313,Nagpur,Chandrapur,131,2019-20,GNM,"PRABHADEVI SCHOOL OF NURSING, CHANDRAPUR",20,20
1314,Amravati,Yavatmal,136,2019-20,GNM,"MUNGASAJI MAHARAJ NURSING SCHOOL, YAVATMAL",60,60
1315,Amravati,Amravati,146,2019-20,GNM,DR. PANJABRAO DESHMUKH INST. OF NSG. AMRAVATI,30,30
1316,Nagpur,Wardha,149,2019-20,GNM,"SHALOM SCHOOL OF NURSING, WARDHA",20,20
1317,Nagpur,Wardha,151,2019-20,GNM,"KASABAI SCHOOL OF NURSING, SEVAGRAM,WARDHA",20,20
1318,Chh. Sambhaji Nagar,Nanded,158,2019-20,GNM,"SHRI GURU GOVINDSINGHJI MEMORIAL HOSPITAL, SON, NANDED",50,20
1319,Chh. Sambhaji Nagar,Dharashiv,161,2019-20,GNM,"GENERAL HOSPITAL, SON, OSMANABAD",20,20
1320,Chh. Sambhaji Nagar,Beed,164,2019-20,GNM,"VITHAI HOSPITAL AND RESEARCH CENTRE, SON, BEED",40,40
1321,Chh. Sambhaji Nagar,Chh. Sambhaji Nagar,168,2019-20,GNM,"SHRI DHANESHWARI MANAV VIKAS MANDAL,  AURANGABAD",20,20
1322,Chh. Sambhaji Nagar,Jalna,169,2019-20,GNM,"SHRI SAI  INSTITUE OF NURSING, JALNA",20,20
1323,Chh. Sambhaji Nagar,Parbhani,170,2019-20,GNM,"MAULI INSTITUTE OF NURSING, PARBHANI",40,40
1324,Konkan,Mumbai City,175,2019-20,GNM,"G.T. HOSPITAL, MUMBAI",25,22
1325,Konkan,Mumbai City,177,2019-20,GNM,"ST. GEORGES HOSPITAL, MUMBAI",20,20
1326,Konkan,Mumbai City,178,2019-20,GNM,"B.Y.L.NAIR CHA. HOSP, MUMBAI",100,90
1327,Konkan,Mumbai City,179,2019-20,GNM,"K.E.M. HOSPITAL , MUMBAI",100,87
1328,Konkan,Mumbai Suburban,180,2019-20,GNM,"L.T.M.G.HOSPITAL, SION, MUMBAI",100,88
1329,Konkan,Mumbai City,181,2019-20,GNM,"M.G.M.HOSPITAL, PAREL , MUMBAI",20,20
1330,Konkan,Mumbai City,182,2019-20,GNM,"B.D.P. PARSEE GEN. HOSP.,MUMBAI",20,0
1331,Konkan,Mumbai Suburban,186,2019-20,GNM,"HARILAL BHAGWATI MUNCIPAL GEN.HOSPITAL, SON, BORIVALI , MUMBAI",20,16
1332,Konkan,Mumbai City,187,2019-20,GNM,"DR.R.N.COOPER HOSPITAL, SON, MUMBAI",30,27
1333,Konkan,Mumbai City,188,2019-20,GNM,"K.J.SOMAIYA HOSPITAL  RES. CENTRE, SON, SION , MUMBAI",40,40
1334,Konkan,Mumbai Suburban,189,2019-20,GNM,"HOLY SPIRIT HOSPITAL , ANDHERI , MUMBAI",30,30
1335,Konkan,Mumbai Suburban,191,2019-20,GNM,"GURU NANAK HOSPITAL, SON, BANDRA , MUMBAI",20,20
1336,Konkan,Mumbai Suburban,192,2019-20,GNM,"HOLY FAMILY INSTITUTE OF NURSING EDU., KURLA, MUMBAI",30,30
1337,Konkan,Thane,193,2019-20,GNM,"SAU.MINATAI THAKARE INSTITUTE OF NURSING EDUCATION ,THANE",30,30
1338,Konkan,Thane,194,2019-20,GNM,"UDAY GER SCHOOL OF NURSING, VASAI, THANE",25,25
1339,Konkan,Raigarh,195,2019-20,GNM,"MGMS FLORENCE NIGHTINGALE INSTITUTE OF NSG EDU., NAVI MUMBAI",30,30
1340,Nashik,Nashik,196,2019-20,GNM,M.V.P.SAMAJS Institute of Nursing education,60,60
1341,Nashik,Nashik,197,2019-20,GNM,"GOKHALE EDUCATION SOCIETY , SON, VIDYANAGAR , NASIK",30,30
1342,Nashik,Dhule,198,2019-20,GNM,"JAWAHAR MED.FOUNDATION, SON , DHULE",20,20
1343,Konkan,Sindhudurg,199,2019-20,GNM,"MANAV SADHAN VIKAS SANSTHA, SON, KUDAL, SINDHUDURG",20,20
1344,Konkan,Thane,201,2019-20,GNM,"INSTITUTE  OF  NURSING  EDUCATION , DOMBIVALI",20,19
1345,Nashik,Nashik,203,2019-20,GNM,"GLOBAL HEALTH CARE INSTITUTE , COLLEGE OF NURSING , NASHIK",40,40
1346,Konkan,Thane,204,2019-20,GNM,"BHAKTI VEDANTA HOSPITAL , SCHOOL OF NURSING , MIRAROAD,THANE",20,20
1347,Konkan,Raigarh,205,2019-20,GNM,"YERALA MEDICAL TRUST & RESEARCH CENTRE, SCHOOL OF NURSING , KHARGHAR",60,60
1348,Nashik,Nashik,206,2019-20,GNM,"SAHYADRI SEVA SANSTHA , INSTITUTE OF NURSING , NASIK",40,40
1349,Nashik,Nandurbar,207,2019-20,GNM,"DEOMOGRA FOUNDATION TRUST , NANDURBAR",20,20
1350,Konkan,Raigarh,208,2019-20,GNM,"PRABHAKAR PATIL INSTITUTE OF NURSING EDUCATION, PEN",20,20
1351,Pune,Pune,210,2019-20,GNM,"K.E.M. HOSPITAL , PUNE",20,20
1352,Pune,Pune,211,2019-20,GNM,"POONA HOSPITAL  RESEARCH CENTRE, SON, PUNE",40,35
1353,Nashik,Ahilyanagar,212,2019-20,GNM,"E.BOOTH HOSPITAL, AHMEDNAGAR",20,18
1354,Nashik,Ahilyanagar,213,2019-20,GNM,"ST.LUKES HOSPITAL, SHRIRAMPUR,   AHMEDNAGAR",25,25
1355,Nashik,Ahilyanagar,214,2019-20,GNM,"PRAVARA MED. TRUST, COLLEGE OF NURSING, LONI, AHMEDNAGAR",100,100
1356,Pune,Satara,215,2019-20,GNM,"KRISHNA HOSPITAL  MEDICAL RESEARCH CENTER , KARAD, SATARA",60,60
1357,Pune,Sangli,216,2019-20,GNM,"WANLESS HOSPITAL COLLEGE OF NURSING, MIRAJ , DIST SANGLI",40,40
1358,Pune,Sangli,217,2019-20,GNM,"GENERAL HOSPITAL, SANGLI",20,19
1359,Pune,Solapur,218,2019-20,GNM,"GENERAL HOSPITAL, SOLAPUR",20,20
1360,Pune,Pune,220,2019-20,GNM,"DR. D.Y. PATIL INST OF NURSING EDU , PIMPRI ,PUNE",30,28
1361,Pune,Pune,221,2019-20,GNM,"BAKUL TAMBAT INSTITUTE OF NURSING EDUCATION, PUNE",60,60
1362,Pune,Pune,222,2019-20,GNM,"BHAUSAHEB SARDESAI SCHOOL OF NURSING , TALEGAON GENERAL HOSPITAL , PUNE",20,20
1363,Pune,Pune,223,2019-20,GNM,"BHARATI VIDYAPEETH COLLEGE OF NURSING , PUNE",50,50
1364,Nashik,Ahilyanagar,224,2019-20,GNM,"SHRI VIVEKANAND SCHOOL OF NURSING , RAHURI , AHMEDNAGAR",40,40
1365,Pune,Kolhapur,225,2019-20,GNM,"DR. D.Y.PATIL INSTITUTE OF NURSING EDUCATION , KOLHAPUR",30,30
1366,Pune,Pune,226,2019-20,GNM,"DWARIKA SANGAMNER INSTITUTE OF NURSING EDUCATION, PUNE",20,20
1367,Pune,Pune,227,2019-20,GNM,"N.M. WADIA HOSPITAL, SCHOOL OF NURSING, PUNE",20,20
1368,Pune,Sangli,228,2019-20,GNM,"LOKNETE RAJARAMBAPU PATIL , TRG. COLL. OF NURSING , ISLAMPUR, WALWA, SANGLI",30,30
1369,Pune,Sangli,230,2019-20,GNM,"KASEGAON EDUCATION SOCIETY, SCHOOL OF NURSING, ISLAMPUR, SANGLI",20,20
1370,Pune,Pune,231,2019-20,GNM,"C Y DANGAT PATIL SHIKSHAN AND KRIDA MANDAL, SCHOOL OF NURSING , PUNE",20,20
1371,Pune,Pune,232,2019-20,GNM,"GIRIRAJ SCHOOL OF NURSING , BARAMATI",30,30
1372,Pune,Satara,233,2019-20,GNM,"LATE NARAYANDAS BHAWANGDAS CHHABADA TRAINING COLLEGE OF NURSING, SATARA",30,30
1373,Nashik,Ahilyanagar,234,2019-20,GNM,"ANAND RISHIJI HOSPITAL  MEDICA RES CENTRE, SON, AHMEDNAGAR",40,39
1374,Nashik,Ahilyanagar,235,2019-20,GNM,"PAD DR. V. VIKHE PATIL INSTITUTE OF NURSING EDUCATION, AHMEDNAGAR",80,80
1375,Pune,Sangli,236,2019-20,GNM,"MARY BHORE GENERAL NURSING SCHOOL , MIRAJ",20,19
1376,Pune,Sangli,238,2019-20,GNM,"GULABRAO PATIL INSTITUTE OF NURSING SCIENCES, MIRAJ, SANGLI",40,40
1377,Pune,Pune,239,2019-20,GNM,"SUSHRUSHA NURSING SCHOOL, DAUND , PUNE",30,30
1378,Pune,Satara,240,2019-20,GNM,"W.F.P.M., SCHOOL OF NURSING,  WAI, SATARA",30,30
1379,Pune,Solapur,241,2019-20,GNM,"SAHARA INSTITUTE OF NURSING EDUCATION, AKLUJ , SOLAPUR",20,20
1380,Nagpur,Nagpur,244,2019-20,GNM,"INDIRA GANDHI MEDICAL COLLEGE & HOSPITAL, NAGPUR",40,24
1381,Nagpur,Nagpur,245,2019-20,GNM,"MURE MEMORIAL HOSPITAL SCHOOL OF NURSING, NAGPUR",30,30
1382,Nagpur,Nagpur,246,2019-20,GNM,"MADHURIBAI DESHMUKH INST.OF NSG.EDU., NAGPUR",100,100
1383,Nagpur,Wardha,247,2019-20,GNM,"KASTURBA HEALTH SOCIETY, SEVAGRAM, WARDHA",40,40
1384,Amravati,Amravati,248,2019-20,GNM,"GENERAL HOSPITAL, AMRAVATI",20,20
1385,Amravati,Akola,249,2019-20,GNM,"GENERAL  HOSPITAL, AKOLA",40,19
1386,Nagpur,Nagpur,251,2019-20,GNM,"SURETECH COLLEGE OF NURSING, NAGPUR",40,40
1387,Nagpur,Gadchiroli,253,2019-20,GNM,"DR. SALVE NURSING INSTITUTE  COLLEGE , GADCHIROLI",60,25
1388,Amravati,Buldana,254,2019-20,GNM,"MOTHER TERESA SCHOOL OF NURSING , BULDANA",20,20
1389,Amravati,Yavatmal,255,2019-20,GNM,"SAKSHI DESHMUKH INST OF NURSING , LOHARA , YAVATMAL",40,40
1390,Amravati,Yavatmal,256,2019-20,GNM,"PRUTHVIRAJ DESHMUKH NURSING INSTITUTE, LOHARA, YAVATMAL",20,20
1391,Chh. Sambhaji Nagar,Chh. Sambhaji Nagar,259,2019-20,GNM,"MAHATMA GANDHI MISSION INSTITUTE OF NURSING EDUCATION, AURANGABAD",100,98
1392,Chh. Sambhaji Nagar,Jalna,260,2019-20,GNM,"JALNA MISSION HOSPITAL, JALNA",20,20
1393,Chh. Sambhaji Nagar,Latur,262,2019-20,GNM,"GENERAL HOSPITAL, LATUR",20,20
1394,Chh. Sambhaji Nagar,Beed,263,2019-20,GNM,"SHRI SWAMI VIVEKANAND SCHOOL OF NURSING, BEED",20,20
1395,Chh. Sambhaji Nagar,Latur,264,2019-20,GNM,"SANT TUKARAM INSTITUTE OF NURSING EDUCATION, AHMEDPUR, LATUR",30,30
1396,Chh. Sambhaji Nagar,Parbhani,265,2019-20,GNM,"INSTITUTE OF NURSING, PARBHANI",20,20
1397,Nagpur,Nagpur,267,2019-20,GNM,"ASHARAM SCHOOL OF NURSING , NAGPUR",20,20
1398,Chh. Sambhaji Nagar,Dharashiv,271,2019-20,GNM,"INDIRA GANDHI NURSING SCHOOL, OSMANABAD",30,30
1399,Nashik,Ahilyanagar,278,2019-20,GNM,"PARVATIBAI MHASKE INSTITUTE OF NURSING, AHMEDNAGAR",60,60
1400,Konkan,Ratnagiri,281,2019-20,GNM,"SAMARTH INSTITUTE OF NURSING EDUCATION, DERVAN",20,20
1401,Nashik,Ahilyanagar,282,2019-20,GNM,"MAHARASHTRA HOMOEOPATHIC FOUNDATION'S SCHOOL OF NURSING , PATHAR ,  AHMEDNAGAR",80,80
1402,Chh. Sambhaji Nagar,Jalna,283,2019-20,GNM,"VASANTRAO NAIK SHIKSHAN PRASARAK MANDAL, JALNA",40,37
1403,Amravati,Buldana,300,2019-20,GNM,"ANANDI NURSING INSTITUTE  COLLEGE , BULDANA",20,20
1404,Pune,Satara,303,2019-20,GNM,"APARNA INST. OF NURSING EDUCATION , KARAD",30,30
1405,Chh. Sambhaji Nagar,Beed,308,2019-20,GNM,"YASHWANT NURSING SCHOOL, ASHTI, BEED",20,20
1406,Pune,Pune,318,2019-20,GNM,"SHARDABAI PAWAR INSTITUTE OF NURSING, PUNE",20,20
1407,Nashik,Jalgaon,323,2019-20,GNM,"GODAVARI COLLEGE OF  NURSING , JALGAON",100,100
1408,Nagpur,Wardha,331,2019-20,GNM,SARASWATI NURSING SCHOOL GUNJKHEDA WARDHA,20,20
1409,Chh. Sambhaji Nagar,Latur,335,2019-20,GNM,"G.B .PATIL SCHOOL OF NURSING, UDGIR, LATUR",20,20
1410,Chh. Sambhaji Nagar,Latur,336,2019-20,GNM,"SHRI BHAGWAN NURSING SCHOOL, LATUR",20,20
1411,Nashik,Ahilyanagar,342,2019-20,GNM,"SAI NURSING INSTITUTE , RAHATA, AHMEDNAGAR",20,20
1412,Chh. Sambhaji Nagar,Latur,351,2019-20,GNM,"MAHARASHTRA COLLEGE OF NURSING, KAVA, LATUR",25,25
1413,Konkan,Ratnagiri,352,2019-20,GNM,M.E.S SCHOOL OF NURSING KHED RATNAGIRI,40,40
1414,Chh. Sambhaji Nagar,Latur,356,2019-20,GNM,"NAVJEEVAN CHARITABLE TRUST, LATUR",20,20
1415,Nagpur,Gadchiroli,360,2019-20,GNM,"NAVJEEVAN NURSING SCHOOL, CHAMORSHI, GADCHIROLI",20,20
1416,Konkan,Sindhudurg,362,2019-20,GNM,"BR. NATH PAI INSTITUTE OF NURSING, PINGULI, SINDHUDURGA",20,20
1417,Nagpur,Bhandara,378,2019-20,GNM,"POOJA NURSING INSTITUTE , BHANDARA",40,40
1418,Konkan,Sindhudurg,400,2019-20,GNM,"GENERAL HOSPITAL,  SINDHUDURG",20,20
1419,Chh. Sambhaji Nagar,Beed,401,2019-20,GNM,"VAIDYANATH NURSING SCHOOL, ,PARALI-VAIJNATH, BEED",50,50
1420,Chh. Sambhaji Nagar,Latur,408,2019-20,GNM,"MAHARASHTRA INSTITUTE OF MED. SCI & RE. NSG, LATUR",20,20
1421,Amravati,Yavatmal,410,2019-20,GNM,"SHRI VINAYAKRAOBAPU DESHMUKH NURSING SCHOOL , SAWARGAON , YAVATMAL",60,60
1422,Chh. Sambhaji Nagar,Beed,412,2019-20,GNM,"JIJAMATA SCHOOL OF NURSING, MAJALGAON, BEED",20,20
1423,Chh. Sambhaji Nagar,Chh. Sambhaji Nagar,415,2019-20,GNM,"AURANGABAD NURSING SCHOOL, BHALGAON, AURANGABAD",40,40
1424,Pune,Kolhapur,428,2019-20,GNM,"SHRI BHAIRAVNATH NURSING SCHOOL , ICHALKARANJI  , KOLHAPUR",20,20
1425,Pune,Pune,430,2019-20,GNM,"GURURAJ SCHOOL OF NURSING , PUNE",20,20
1426,Konkan,Raigarh,444,2019-20,GNM,"DR. D. Y. PATIL INSTITUTE OF NURSING EDUCATION, NAVI MUMBAI",20,20
1427,Chh. Sambhaji Nagar,Jalna,446,2019-20,GNM,"GENERAL HOSPITAL, JALANA",10,10
1428,Chh. Sambhaji Nagar,Parbhani,477,2019-20,GNM,"BELESHWAR INSTITUTE OF NURSING, PARBHANI",30,30
1429,Konkan,Thane,484,2019-20,GNM,"NAVJEEVAN SCHOOL OF NURSING, SHAHAPUR, THANE",20,20
1430,Konkan,Raigarh,486,2019-20,GNM,"PRATIBHA SCHOOL OF NURSING, KOPERKHAIRANE, NAVI MUMBAI",20,20
1431,Chh. Sambhaji Nagar,Chh. Sambhaji Nagar,490,2019-20,GNM,"Manik Nursing School, Garkhed, Aurangabad",20,20
1432,Chh. Sambhaji Nagar,Latur,492,2019-20,GNM,"New Vision School of Nursing, Latur",20,20
1433,Chh. Sambhaji Nagar,Beed,493,2019-20,GNM,MAULI NURSING SCHOOL BARSHI ROAD BEED,20,20
1434,Chh. Sambhaji Nagar,Beed,495,2019-20,GNM,"ANKITA DOUND INSTITUTE OF NURSING SCHOOL, AMBAJOGAI, BEED",20,20
1435,Pune,Sangli,501,2019-20,GNM,"CHINGUAAI INSTITUTE OF NURSING EDUCATION, KAVATHE MAHANKAL, SANGLI",20,20
1436,Nashik,Ahilyanagar,506,2019-20,GNM,"KOPERGAON TALUKA VIDYARTHI SAHAYYAK SCHOOL OF NURSING,KOPERGAON",20,20
1437,Nashik,Ahilyanagar,524,2019-20,GNM,"SHREE SAI NURSING SCHOOL, JAMKHED, AHMEDNAGAR",60,32
1438,Nashik,Nashik,541,2019-20,GNM,"KALWAN NURSING SCHOOL, KALWAN, NASHIK",20,20
1439,Nashik,Nashik,542,2019-20,GNM,"DINDORI SCHOOL OF NURSING, DINDORI, NASHIK",20,20
1440,Nashik,Nashik,543,2019-20,GNM,"YEOLA SCHOOL OF NURSING, YEOLA, NASHIK",30,30
1441,Chh. Sambhaji Nagar,Chh. Sambhaji Nagar,545,2019-20,GNM,"Yeshwant Institute of Nursing, Paithan Road, Aurangabad",20,20
1442,Chh. Sambhaji Nagar,Latur,546,2019-20,GNM,"SWAMI VIVEKANAND SHIKSHAN PRASARAK MANDAL, UDGIR, LATUR",20,20
1443,Nagpur,Gondia,552,2019-20,GNM,"S. CHANDRA SCHOOL OF NURSING, ARJUNI GONDIA",20,16
1444,Pune,Solapur,562,2019-20,GNM,"YASHODHARA NURSING INSTITUTE, SOLAPUR",20,19
1445,Chh. Sambhaji Nagar,Beed,564,2019-20,GNM,"Late Ranghunathraoji Kendre Nursing School, Vaijnath, Beed",20,20
1446,Amravati,Akola,568,2019-20,GNM,"MAHARSHI WALMIKI INSTITUTE OF NURSING MALKAPUR,AKOLA",20,20
1447,Pune,Kolhapur,582,2019-20,GNM,"SANT GAJANAN MAHARAJ SCHOOL OF NURSING, CHINCHEWADI, GADHINGLAJ, KOLHAPUR",20,19
1448,Konkan,Thane,587,2019-20,GNM,"SHRI GAJANAN MAHARAJ TRAINING SCHOOL OF  NURSING, JAWAHAR, THANE",30,29
1449,Nashik,Nashik,592,2019-20,GNM,"SAI CARE NURSING SCHOOL, NASHIK",30,30
1450,Nashik,Nashik,593,2019-20,GNM,"JIJAMATA NURSING SCHOOL, MALEGAON, NASHIK",20,20
1451,Konkan,Raigarh,595,2019-20,GNM,"D. D. VISPUTE SCHOOL OF NURSING, PANVEL, RAIGAD",20,20
1452,Nashik,Nashik,597,2019-20,GNM,"RAJEEV GANDHI GNM NURSING COLLEGE, SINNAR, NASHIK",20,20
1453,Nashik,Ahilyanagar,604,2019-20,GNM,"MANGALA NURSING SCHOOL, AHMEDNAGAR",40,31
1454,Pune,Kolhapur,606,2019-20,GNM,"LATE SOU ROSHANBI SHAMANJI NURSING SCHOOL, GADHINGLAJ, KOLHAPUR",20,20
1455,Pune,Sangli,623,2019-20,GNM,"KEDARNATH NURSING SCHOOL, ISLAMPUR, SANGLI",60,60
1456,Nashik,Ahilyanagar,625,2019-20,GNM,"SHRUTI NURSING SCHOOL, SHRIRAMPUR, AHMEDNAGAR",30,28
1457,Nashik,Ahilyanagar,629,2019-20,GNM,"LATE BHAU DAJI PATIL DESHMUKH GRAMIN VIKAS PRATISHTHAN'S RANM SCHOOL, AHMEDNAGAR",20,20
1458,Nashik,Ahilyanagar,634,2019-20,GNM,"JIJAMATA NURSING SCHOOL, SHEVGAON, AHMEDNAGAR",20,20
1459,Pune,Solapur,636,2019-20,GNM,"VIJAYSINH MOHITE PATIL SCHOOL OF NURSING, MALSHIRAS, SOLAPUR",30,30
1460,Pune,Pune,637,2019-20,GNM,"LATE UDHAVRAO TULSHIRAM JADHAVAR FOUNDATIONS INSTITUTE OF NURSING, PUNE",30,30
1461,Pune,Solapur,638,2019-20,GNM,"SARDARBI INSTITUTE OF NURSING EDUCATION, MOHOL, SOLAPUR",20,20
1462,Nashik,Ahilyanagar,647,2019-20,GNM,"SIDDHAKALA SCHOOL OF NURSING, SANGAMNER, AHMEDNAGAR",40,40
1463,Pune,Pune,650,2019-20,GNM,"YASH INSTITUTE OF NURSING  PARAMEDICAL SCIENCES, INDAPUR, PUNE",20,20
1464,Amravati,Amravati,656,2019-20,GNM,"SARASWATI INSTITUTE OF NURSING SCIENCES AND RESEARCH, AMRAVATI",40,40
1465,Nagpur,Chandrapur,664,2019-20,GNM,"MOTHER TERESA NURSING ACADAMY, BALLARPUR, CHANDRAPUR",20,20
1466,Nagpur,Bhandara,679,2019-20,GNM,"AROMIRA SCHOOL OF NURSING, BHANDARA",20,20
1467,Chh. Sambhaji Nagar,Beed,693,2019-20,GNM,"KAMAL NURSING INSTITUTE, KAIJ, BEED",20,20
1468,Chh. Sambhaji Nagar,Chh. Sambhaji Nagar,694,2019-20,GNM,"SHRI GORAKSHA NURSING SCHOOL, PHULAMBRI, AURANGABAD",20,20
1469,Chh. Sambhaji Nagar,Latur,696,2019-20,GNM,"JIJAMATA NURSING SCHOOL, LATUR",20,20
1470,Chh. Sambhaji Nagar,Parbhani,705,2019-20,GNM,"INDIRA GANDHI A.N.M. NURSING SCHOOL, PARBHANI",20,20
1471,Chh. Sambhaji Nagar,Chh. Sambhaji Nagar,707,2019-20,GNM,"DR. DAHIPHALE MEDICAL FOUNDATION TRUST'S SCHOOL OF NURSING, AURANGABAD",20,20
1472,Chh. Sambhaji Nagar,Nanded,717,2019-20,GNM,"GOVINDRAO PAUL NURSING SCHOOL, NANDED",30,30
1473,Chh. Sambhaji Nagar,Hingoli,755,2019-20,GNM,"YESHWANT INSTITUTE OF NURSING SCHOOL, HINGOLI",20,20
1474,Chh. Sambhaji Nagar,Nanded,763,2019-20,GNM,"MOTHER TERESA NURSING SCHOOL, NANDED",30,28
1475,Chh. Sambhaji Nagar,Dharashiv,777,2019-20,GNM,"K.T. PATIL SCHOOL OF  NURSING, OSMANABAD",20,20
1476,Pune,Satara,807,2019-20,GNM,"RAJMATA NURSING SCHOOL, SATARA",20,20
1477,Chh. Sambhaji Nagar,Hingoli,829,2019-20,GNM,"Ananditai Bengal Nursing School, Sengaon, Hingoli",20,20
1478,Chh. Sambhaji Nagar,Latur,831,2019-20,GNM,"RAJGURU SCHOOL OF NURSING, UDGIR, LATUR",20,20
1479,Chh. Sambhaji Nagar,Nanded,832,2019-20,GNM,"Akshay Nursing School, Nanded",20,20
1480,Nashik,Dhule,852,2019-20,GNM,"SAROJINI SCHOOL OF NURSING, DHULE",30,27
1481,Konkan,Thane,853,2019-20,GNM,"ANUSAYA NURSING COLLEGE, DAHANU, THANE",20,0
1482,Konkan,Thane,859,2019-20,GNM,SGSPSS SHRI JAYRAMSETH CHAUDHARI SON MURBAD THANE,30,30
1483,Nashik,Nashik,863,2019-20,GNM,"Tuljabhavani Adiwashi Shikshan Krida  Nursing Institute, Surgana, Nashik",30,30
1484,Nashik,Nandurbar,864,2019-20,GNM,"Angel Nursing School, nandurbar",20,20
1485,Nashik,Nashik,865,2019-20,GNM,"M.A.D.SCHOOL OF NURSING, YEOLA, NASHIK",20,20
1486,Nashik,Nashik,867,2019-20,GNM,"LATE BHIKAJI DARADE SCHOOL OF NURSING YEOLA, NASHIK",20,20
1487,Konkan,Ratnagiri,870,2019-20,GNM,"The Yash Foundations College of  Nursing  Medical Research Institute, Ratnagiri",30,30
1488,Nashik,Nashik,871,2019-20,GNM,JAGADAMBA SCHOOL OF NURSING YEOLA NASHIK,20,20
1489,Nashik,Ahilyanagar,878,2019-20,GNM,VIJAYA SCHOOL OF NURSING PARNER AHMEDNAGAR,30,30
1490,Pune,Pune,879,2019-20,GNM,PIMPRI NURSING SCHOOL CHINCHWAD PUNE,30,30
1491,Nashik,Ahilyanagar,880,2019-20,GNM,"Praytna Nursing College, Ahmednagar",40,40
1492,Nashik,Ahilyanagar,884,2019-20,GNM,"Sant Eknath Institute of Nursing, Shevgaon, Ahmednagar",20,20
1493,Pune,Kolhapur,888,2019-20,GNM,"YASHWANT NURSING INSTITUTE, KODOLI PANHALA KOLHAPUR",20,20
1494,Nashik,Ahilyanagar,889,2019-20,GNM,"Swami Samarth Nursing College, Kolpewadi, Ahmednagar",40,40
1495,Nashik,Ahilyanagar,896,2019-20,GNM,"Jijamata Nursing School, Newasa, Ahmednagar",20,20
1496,Pune,Pune,898,2019-20,GNM,"Dhareshwar Institute of Nursing, Pune",40,40
1497,Nashik,Ahilyanagar,902,2019-20,GNM,"Vamanrao Ithape RGNM School, Sangamner, Ahmednagar",40,40
1498,Pune,Pune,903,2019-20,GNM,"Rajmata Jijau Shikshan Prasarak Mandal School of Nursing, Pune",20,20
1499,Pune,Pune,905,2019-20,GNM,SNEHAL GNM INSTITUTE OF NURSING PUNE,20,20
1500,Pune,Kolhapur,906,2019-20,GNM,"APEX NURSING SCHOOL KARVIR, KOLHAPUR",20,20
1501,Amravati,Buldana,919,2019-20,GNM,VASANTPRABHA SCHOOL OF NURSING BULDHANA,20,20
1502,Nagpur,Nagpur,920,2019-20,GNM,CENTRAL INDIA NURSING COLLEGE NAGPUR,20,20
1503,Amravati,Buldana,921,2019-20,GNM,ONENESS SCHOOL OF NURSING BULDHANA,20,20
1504,Nagpur,Chandrapur,923,2019-20,GNM,"St.Paul Nursing College, Ballarpur, Chandrapur",20,20
1505,Nagpur,Nagpur,924,2019-20,GNM,"Shree Sai School of Nursing, Umrer, Nagpur",20,20
1506,Amravati,Akola,928,2019-20,GNM,SAVITRIBAI FULE SCHOOL OF NURSING AKOLA,60,58
1507,Nagpur,Chandrapur,929,2019-20,GNM,"Meerabai Kamble College of Nursing, Chandrapur",20,20
1508,Amravati,Washim,930,2019-20,GNM,"Mother Teresa College of Nursing, Washim",30,30
1509,Nagpur,Bhandara,935,2019-20,GNM,"Spandan Nursing School, Pauni, Bhandara",20,20
1510,Amravati,Washim,936,2019-20,GNM,SAVITRIBAI PHULE INSTITUTE OF NURSING WASHIM,30,30
1511,Nagpur,Gondia,937,2019-20,GNM,"RADHABAI BAHEKAR SCHOOL OF NURSING,  GONDIA.",20,20
1512,Chh. Sambhaji Nagar,Beed,939,2019-20,GNM,"District Hospital, Beed",60,20
1513,Chh. Sambhaji Nagar,Chh. Sambhaji Nagar,942,2019-20,GNM,"Aurangabad Training School of Nursing,Shivajinagar, Aurangabad",40,40
1514,Chh. Sambhaji Nagar,Hingoli,949,2019-20,GNM,LATE DATTARAO HAIBATRAO THORAT NURSING SCHOOL HINGOLI,40,40
1515,Chh. Sambhaji Nagar,Latur,950,2019-20,GNM,"Arman Nursing School, Latur",20,20
1516,Chh. Sambhaji Nagar,Dharashiv,957,2019-20,GNM,Dr. SHIVAJIRAO GHOGARE NURSING SCHOOL OSMANABAD,40,40
1517,Chh. Sambhaji Nagar,Dharashiv,958,2019-20,GNM,AASTHA SCHOOL OF NURSING OSMANABAD,20,20
1518,Chh. Sambhaji Nagar,Dharashiv,959,2019-20,GNM,NAVIN NURSING SCHOOL OSMANABAD,20,20
1519,Chh. Sambhaji Nagar,Latur,960,2019-20,GNM,"VEDANT RGNM NURSING SCHOOL, LATUR",40,40
1520,Chh. Sambhaji Nagar,Beed,965,2019-20,GNM,"LOKSEVA NURSING SCHOOL, BEED",20,20
1521,Chh. Sambhaji Nagar,Latur,966,2019-20,GNM,"Sharada Institute of Nursing, Latur",80,80
1522,Chh. Sambhaji Nagar,Nanded,970,2019-20,GNM,"Shivaprasad Nursing Institute, Mukhed, Nanded",30,30
1523,Chh. Sambhaji Nagar,Nanded,971,2019-20,GNM,"Marathwada Nursing School, Nanded",20,20
1524,Chh. Sambhaji Nagar,Latur,973,2019-20,GNM,"FLORENCE SCHOOL OF NURSING, LATUR",20,20
1525,Chh. Sambhaji Nagar,Beed,974,2019-20,GNM,"LATE PRAMODJI MAHAJAN GNM SCHOOL OF NURSING, AMBAJOGAI.  BEED",20,20
1526,Chh. Sambhaji Nagar,Beed,978,2019-20,GNM,RENUKA NURSING SCHOOL KAIJ BEED,30,30
1527,Chh. Sambhaji Nagar,Latur,982,2019-20,GNM,RAJIV GANDHI RGNM NURSING SCHOOL UDGIR LATUR,20,20
1528,Chh. Sambhaji Nagar,Nanded,983,2019-20,GNM,"DAGDOJIRAO PATIL RGNM NURSING SCHOOL HADGAON, NANDED",20,20
1529,Chh. Sambhaji Nagar,Latur,985,2019-20,GNM,"KASTURABAI NURSING SCHOOL, UDGIR, LATUR",20,20
1530,Chh. Sambhaji Nagar,Parbhani,986,2019-20,GNM,"Late. Tulsabai Sapanrao Patil Institute of Nursing Education, Parbhani",20,20
1531,Chh. Sambhaji Nagar,Jalna,988,2019-20,GNM,"Arjun School of Nursing, Jalna",20,20
1532,Chh. Sambhaji Nagar,Jalna,990,2019-20,GNM,JAI AMBE SCHOOL OF NURSING JALNA,30,30
1533,Chh. Sambhaji Nagar,Beed,993,2019-20,GNM,"GANGAA INSTITUTE OF MEDICAL SCIENCES, AMBAJOGAI, BEED",20,20
1534,Amravati,Akola,994,2019-20,GNM,"Mahatma Fule Nursing School, Akola",25,20
1535,Chh. Sambhaji Nagar,Chh. Sambhaji Nagar,995,2019-20,GNM,"PADMAVATI NURSING SCHOOL, AURANGABAD",20,20
1536,Chh. Sambhaji Nagar,Beed,996,2019-20,GNM,"OM NURSING SCHOOL, BEED",20,20
1537,Chh. Sambhaji Nagar,Parbhani,998,2019-20,GNM,"APURVA NURSING INSTITUTE, PARBHANI",20,20
1538,Nashik,Nandurbar,1010,2019-20,GNM,"AAISAHEB JAYABAI G.N.M NURSING, PATHRAI, NANDURBAR",20,20
1539,Amravati,Akola,1020,2019-20,GNM,"ANGEL OF MERCY INSTITUTE OF NURSING,  AKOLA",20,20
1540,Chh. Sambhaji Nagar,Parbhani,1021,2019-20,GNM,"GENERAL HOSPITAL, PARBHANI",20,18
1541,Nagpur,Gondia,1025,2019-20,GNM,"K.T.S. GENERAL HOSPITAL, GONDIA",20,20
1542,Chh. Sambhaji Nagar,Nanded,1042,2019-20,GNM,"SHRI GURURGOVIND SINGHJI MEMORIAL SCHOOL OF NURSING, ARDHAPUR, NANDED",20,20
1543,Chh. Sambhaji Nagar,Beed,1048,2019-20,GNM,"PRAJAKATA NURSING SCHOOL, PARLI, BEED",20,20
1544,Amravati,Washim,1050,2019-20,GNM,"GENERAL HOSPITAL, WASHIM",10,10
1545,Pune,Kolhapur,1087,2019-20,GNM,"Dr. Deepak Patil Nursing Institute, Panhala ,Kolhapur",50,45
1546,Chh. Sambhaji Nagar,Beed,1094,2019-20,GNM,"S.R.T.R. Govt. Med. College  Hospital, Ambejogai",20,20
1547,Nashik,Nashik,1099,2019-20,GNM,"Training college of Nursing, general hospital malegaon nashik",20,20
1548,Chh. Sambhaji Nagar,Nanded,1100,2019-20,GNM,New Rajmata Jijau RGNM Nursing School,20,20
1549,Nashik,Nandurbar,1101,2019-20,GNM,"GENERAL HOSPITAL, NANDURBAR",10,10
1550,Chh. Sambhaji Nagar,Hingoli,1103,2019-20,GNM,"GENERAL HOSPITAL, HINGOLI",10,10
1551,Nagpur,Wardha,1107,2019-20,GNM,"Shalinitai Meghe College of Nursing, Salod(Hirapur), Wardha",60,60
1552,Nagpur,Nagpur,1108,2019-20,GNM,"Datta Meghe College of Nursing, Wandongari, Nagpur",60,53
1553,Nagpur,Bhandara,1109,2019-20,GNM,"Smt. Shalinitai Meghe College of Nursing & Hospital, Bhilewada, Bhandara",60,60
1554,Nagpur,Nagpur,1110,2019-20,GNM,"Shri K.R.Pandav College of Nursing and Hospital, Nagpur",60,59
1555,Chh. Sambhaji Nagar,Latur,1111,2019-20,GNM,"DAGDOJIRAO PATIL NURSING SCHOOL, JALKOT, LATUR",40,40
1556,Nashik,Dhule,1112,2019-20,GNM,"TCN Shri Bhausaheb Hire Government Medical College & Sarvopachar Rugnalaya, Dhule",20,20
1557,Konkan,Mumbai City,1,2020-21,ANM,"CAMA  ALBLESS HOSPITAL , MUMBAI",20,19
1558,Konkan,Mumbai City,2,2020-21,ANM,"AKI INSTITUTE OF NURSING, NAGPADA, MUMBAI",20,13
1559,Konkan,Mumbai City,3,2020-21,ANM,"SMT. S. C. NANAVATI OF POLYTECHNIC SCHOOL OF NURSING, MUMBAI",40,40
1560,Konkan,Thane,4,2020-21,ANM,"V. S. GENERAL HOSPITAL, THANE",20,20
1561,Konkan,Raigarh,5,2020-21,ANM,"WOMENS INDIA TRUST, PANVEL",20,20
1562,Konkan,Raigarh,6,2020-21,ANM,"GENERAL HOSPITAL,  ALIBAG",20,20
1563,Konkan,Ratnagiri,7,2020-21,ANM,"GENERAL HOSPITAL, RATNAGIRI",20,20
1564,Nashik,Nashik,8,2020-21,ANM,"GENERAL HOSPITAL, NASIK",20,20
1565,Nashik,Dhule,9,2020-21,ANM,"GENERAL HOSPITAL,  DHULE",20,20
1566,Nashik,Jalgaon,10,2020-21,ANM,"GENERAL HOSPITAL,  JALGAON",20,20
1567,Nashik,Nashik,12,2020-21,ANM,GANPATRAO ADKE INE.  NASIK,20,20
1568,Nashik,Nashik,13,2020-21,ANM,"NASIK MEDICO TRAINING COLLEGE OF NURSING, NASIK",40,10
1569,Konkan,Ratnagiri,14,2020-21,ANM,"RAMRAJE SCH. NSG, RCON DAPOLI, RATNAGIRI",20,15
1570,Konkan,Raigarh,16,2020-21,ANM,"NOOTAN SCHOOL OF NURSING, RAIGAD",30,9
1571,Nashik,Nashik,17,2020-21,ANM,"RACHANA SCHOOL OF NURSING, NASHIK",40,21
1572,Nashik,Nashik,18,2020-21,ANM,"S.N.D. SCHOOL OF NURSING, JES, YEOLA,  NASIK",30,30
1573,Nashik,Nandurbar,19,2020-21,ANM,"K.D. GAVIT NURSING SCHOOL, PATHRAI , NANDURBAR",20,20
1574,Nashik,Dhule,22,2020-21,ANM,RAJANI SMRUTI NSG SCH. DONDAICHA SHINDKHEDA DHULE,30,28
1575,Konkan,Raigarh,23,2020-21,ANM,"LIFE LINE HOSPITAL, PANVEL",20,19
1576,Konkan,Raigarh,26,2020-21,ANM,"KALAVATI INSTITUTE OF NURSING EDUCATION,  AIROLI NAVI MUMBAI",40,9
1577,Nashik,Jalgaon,27,2020-21,ANM,"BHAGINI MANDAL SCHOOL OF NURSING, CHOPDA , JALGAON",25,25
1578,Konkan,Ratnagiri,29,2020-21,ANM,"PARKAR MEDICAL FOUNDATION SCHOOL OF NURSING, RATNAGIRI",20,20
1579,Nashik,Nashik,30,2020-21,ANM,"KARUNA SCHOOL OF NURSING, MANMAD, NASHIK",30,30
1580,Nashik,Jalgaon,31,2020-21,ANM,"KHANDESH NURISNG INSTITUTE, CHALISGAON, JALGAON",20,12
1581,Nashik,Nashik,33,2020-21,ANM,"NAMCO SCHOOL OF NURSING, NASIK",30,30
1582,Konkan,Sindhudurg,35,2020-21,ANM,"SHREE ANANT SMRUTI SCHOOL OF NURSING, KASAL",20,4
1583,Konkan,Sindhudurg,36,2020-21,ANM,"IDEAL NURSING SCHOOL, KANKAVALI, SINDHUDURG",20,17
1584,Nashik,Nashik,37,2020-21,ANM,"VISHWASATTAYA SCHOOL OF NURSING, OZAR",30,7
1585,Nashik,Nashik,38,2020-21,ANM,"NASHIK NURSING SCHOOL, NASHIK",20,20
1586,Nashik,Ahilyanagar,39,2020-21,ANM,"GENERAL HOSPITAL,AHMEDNAGAR",20,20
1587,Pune,Satara,40,2020-21,ANM,"GENERAL HOSPITAL, SATARA",20,20
1588,Pune,Kolhapur,41,2020-21,ANM,"C.P.R. GENERAL HOSPITAL, KOLHAPUR",20,20
1589,Pune,Solapur,42,2020-21,ANM,"DHANRAJGIRIJI HOSPITAL,  SOLAPUR",20,0
1590,Pune,Pune,45,2020-21,ANM,"SETH TARACHAND R.C.A. SCH. OF NSG HOSPITAL, PUNE",20,19
1591,Pune,Pune,46,2020-21,ANM,"Maharashtra Arogya Mandal's Institute of Nursing Education,Malwadi,Hadapsar,Pune",40,23
1592,Pune,Pune,47,2020-21,ANM,"JANASEVA FOUNDATION SCH. OF NSG, PUNE",30,17
1593,Nashik,Ahilyanagar,48,2020-21,ANM,"F.J.F.M. HOSPITAL SCH OF NSG, NEWASA, DISTAHMEDNAGAR",30,7
1594,Nashik,Ahilyanagar,51,2020-21,ANM,KRANTI SCHOOL OF NURSING  AHMEDNAGAR,20,11
1595,Pune,Kolhapur,53,2020-21,ANM,"DR. J. J. MAGDUM SON, SHIROL, KOLHAPUR",20,18
1596,Pune,Solapur,56,2020-21,ANM,"BHAKTI MEDICAL FOUNDATION SCHOOL OF NURSING, SOLAPUR, PANDHARPUR",20,20
1597,Pune,Sangli,57,2020-21,ANM,"SAHAKARMAHARSHI VISHNUANNA PATIL NURSING SCHOOL, SANGLI",20,11
1598,Pune,Sangli,58,2020-21,ANM,"DESAI CHARITABLE TRUST TAL. MIRAJ, SANGLI",30,29
1599,Pune,Kolhapur,59,2020-21,ANM,"WESTERN MAHARASHTRA SCHOOL OF NURSING, TILWANI, KOLHAPUR",20,20
1600,Pune,Sangli,60,2020-21,ANM,"ABHINAV SCHOOL OF NURSING ASHTA, WALWA, SANGLI",30,24
1601,Pune,Pune,62,2020-21,ANM,"Sevadham Trust A.S.M.T. SON, MAVAL, PUNE,",20,5
1602,Pune,Solapur,64,2020-21,ANM,"SHIVAJI SHIKSHAN PRASARAK MANDALS, SON, BARSHI, SOLAPUR",30,20
1603,Pune,Pune,65,2020-21,ANM,"ANAND MEDICAL FOUNDATION, SON, KURULI, KHED, PUNE",20,8
1604,Pune,Sangli,66,2020-21,ANM,"KAMAL INSTITUTE OF NURSING EDUCATION, JATH, SANGLI",20,0
1605,Nashik,Ahilyanagar,67,2020-21,ANM,"VIJAY GANGA RURAL, MED  RES FOUNDATION, SON, AHMEDNAGAR",20,15
1606,Pune,Pune,68,2020-21,ANM,"SANT DNYANESHWAR MED EDU'S,SCHOOL OF NURSING, PUNE",20,17
1607,Pune,Sangli,70,2020-21,ANM,"HON.R.R.PATIL INSTITUTE OF NSG EDUCATION,SANGLI",30,30
1608,Pune,Sangli,71,2020-21,ANM,"KRANTIAGRANI G.D.BAPU LAD SCH OF NS, SANGLI",20,20
1609,Pune,Sangli,72,2020-21,ANM,"UMA INST. OF NURSING EDUCATION, SANGLI",20,10
1610,Nashik,Ahilyanagar,73,2020-21,ANM,"SEVA NURSING SCHOOL, AHMEDNAGAR",35,35
1611,Pune,Kolhapur,74,2020-21,ANM,"KEDARI REDEKAR  NURSING SCHOOL, GADHINGLAJ, KOLHAPUR",30,17
1612,Pune,Solapur,75,2020-21,ANM,"SHRI MARKANDEY SOLAPUR SAHAKARI RUGNALAYA, SOLAPUR",20,0
1613,Pune,Pune,76,2020-21,ANM,"MEERA  NURSING SCHOOL, SASWAD, PUNE",30,15
1614,Nashik,Ahilyanagar,77,2020-21,ANM,"INDIRA GANDHI NSG, COLLEGE, PARNER, AHMEDNAGAR",20,10
1615,Pune,Kolhapur,78,2020-21,ANM,"Sant Gajanan Maharaj School of Nursing, Tal - Gadhinglaj, Kolhapur",20,20
1616,Pune,Sangli,82,2020-21,ANM,"KULLOLLI CH.TRUST'S, SCHOOL OF NURSING, MIRAJ, SANGLI",30,26
1617,Pune,Kolhapur,83,2020-21,ANM,"MAHALAXMI NURSING INSTITUTE, KOLHAPUR",20,20
1618,Pune,Satara,84,2020-21,ANM,"SMT. INDUMATI RAMCHANDRA DESHMUKH SCHOOL OF NURSING, KHATAV, SATARA",20,15
1619,Pune,Kolhapur,89,2020-21,ANM,"Y.D. MANE SCHOOL OF NURSING, KAGAL, KOLHAPUR",30,22
1620,Pune,Satara,90,2020-21,ANM,"PHALTAN EDUCATION SOCIETY, SCHOOL OF NURSING, PHALTAN ,SATARA",20,7
1621,Pune,Satara,91,2020-21,ANM,"KANISHKA CHARITABLE TRUST'S, SCHOOL OF NURSING ,SATARA",20,8
1622,Pune,Kolhapur,92,2020-21,ANM,"ADHAAR NURSING SCHOOL, AJRA KOLHAPUR",20,20
1623,Pune,Kolhapur,93,2020-21,ANM,"KAI. BALWANTRAO HANUMANTRAO PATIL SHIKSHAN PRASARAK MANDAL, KARVIR, KOLHAPUR",20,20
1624,Nashik,Ahilyanagar,94,2020-21,ANM,"PRAVARA MEDICAL TRUST,SON, SHEVGAON, AHMEDNAGAR",40,40
1625,Pune,Kolhapur,96,2020-21,ANM,"SARASWATI GAIKWAD NURSING SCHOOL , KOTOLI, PANHALA, KOLHAPUR",20,14
1626,Nashik,Ahilyanagar,98,2020-21,ANM,"NITYASEVA HOSPITAL NURSING SCHOOL, SHEVGAON, AHMEDNAGAR",30,12
1627,Nagpur,Wardha,101,2020-21,ANM,"FLORENCE NIGHTINGALE TRAINING COLLEGE OF NURSING,WARDHA.",60,58
1628,Nagpur,Nagpur,103,2020-21,ANM,"MAHAL MATERNITY HOM, SON, NAGPUR",15,13
1629,Nagpur,Wardha,105,2020-21,ANM,"GENERAL HOSPITAL, WARDHA",20,19
1630,Nagpur,Nagpur,106,2020-21,ANM,"DAGA MEMORIAL HOSPITAL, NAGPUR",20,20
1631,Amravati,Amravati,107,2020-21,ANM,"DIST.HOSPITAL FOR WOMEN , AMRAVATI",20,20
1632,Amravati,Akola,108,2020-21,ANM,"DIST.HOSPITAL FOR WOMEN, AKOLA",20,19
1633,Nagpur,Chandrapur,109,2020-21,ANM,"GENERAL HOSPITAL,CHANDRAPUR",20,20
1634,Amravati,Yavatmal,110,2020-21,ANM,"GENERAL HOSPITAL ,YAVATMAL",30,19
1635,Amravati,Buldana,111,2020-21,ANM,"GENERAL HOSPITAL, BULDANA",20,20
1636,Nagpur,Bhandara,112,2020-21,ANM,"GENERAL HOSPITAL, BHANDARA",20,19
1637,Nagpur,Gadchiroli,113,2020-21,ANM,GENERAL HOSPITAL  GADCHIROLI,20,20
1638,Nagpur,Nagpur,114,2020-21,ANM,"SWAMI VIVEKANAND MED MISSION, PARSODI, SON, KHAPRI , NAGPUR",20,15
1639,Amravati,Yavatmal,115,2020-21,ANM,"HELEN ROSE SCHOOL OF NURSING UMRI, YAVATMAL",20,19
1640,Amravati,Amravati,116,2020-21,ANM,"MAA GAYATRI SCHOOL OF NURSING, ACHALPUR, AMRAVATI",20,20
1641,Nagpur,Wardha,117,2020-21,ANM,"BHARTIYA MAHILA VIKAS NURSING SCHOOL, RAMNAGAR, WARDHA",30,11
1642,Amravati,Akola,118,2020-21,ANM,"INSTITUTE OF NURSING EDUCATION & RESEARCH, AKOLA",30,30
1643,Amravati,Yavatmal,119,2020-21,ANM,"SUMITRABAI THAKARE TRAINING COLLEGE OF NURSING, YAVATMAL",30,23
1644,Nagpur,Nagpur,120,2020-21,ANM,"DR.DALVI MEMORIAL HOSPITAL, SON, NAGPUR",40,11
1645,Nagpur,Nagpur,121,2020-21,ANM,"RIGHT VALUE INSTITUTE OF NURSING, NAGPUR",20,17
1646,Amravati,Akola,122,2020-21,ANM,"NATIONAL SCHOOL OF NURSING , AKOLA",30,28
1647,Nagpur,Nagpur,123,2020-21,ANM,"TIRPUDE NURSING TRAINING SCHOOL, NAGPUR",40,21
1648,Amravati,Washim,124,2020-21,ANM,"MAA GANGA NURSING SCHOOL, WASHIM",20,17
1649,Amravati,Yavatmal,125,2020-21,ANM,"PADOLE NURSING SCHOOL, YAVATMAL",20,20
1650,Konkan,Raigarh,129,2020-21,ANM,"ANURADHA NURSING SCHOOL , CHIKHALI",30,24
1651,Nagpur,Chandrapur,130,2020-21,ANM,"KALYAN INSTITUTE OF NURSING EDUCATION, RAJURA, CHANDRAPUR",30,28
1652,Nagpur,Chandrapur,131,2020-21,ANM,"PRABHADEVI SCHOOL OF NURSING, CHANDRAPUR",40,40
1653,Amravati,Yavatmal,134,2020-21,ANM,"TULSHIRAMJI SHEBE SCHOOL OF NURSING, PUSAD, YAVATMAL",30,30
1654,Amravati,Yavatmal,136,2020-21,ANM,"MUNGASAJI MAHARAJ NURSING SCHOOL, YAVATMAL",60,60
1655,Amravati,Yavatmal,137,2020-21,ANM,"MUNGASAJI MAHARAJ NURSING SCHOOL, DHARWA, YAVATMAL",20,20
1656,Amravati,Yavatmal,138,2020-21,ANM,DR. ARCHANATAI GADE PATIL SCHOOL OF NURSING LOHARA YAVATMAL,35,35
1657,Nagpur,Wardha,139,2020-21,ANM,"SHRI RADHASWAMI  NURSING SCHOOL, WARDHA",13,12
1658,Nagpur,Wardha,140,2020-21,ANM,"JANATA NURSING SCHOOL, HINGANGHAT, WARDHA",20,10
1659,Nagpur,Nagpur,141,2020-21,ANM,"KALYANI NURSING SCHOOL, NAGPUR",20,19
1660,Nagpur,Nagpur,142,2020-21,ANM,"RENUKA NURSING SCHOOL, HINGANA, NAGPUR",20,14
1661,Amravati,Amravati,144,2020-21,ANM,"SUJATA SCHOOL OF NURSING, AMRAVATI",30,26
1662,Amravati,Amravati,146,2020-21,ANM,DR. PANJABRAO DESHMUKH INST. OF NSG. AMRAVATI,30,27
1663,Amravati,Akola,148,2020-21,ANM,"DR VANDANTAI DHONE NURSING SCHOOL, AKOLA",30,30
1664,Nagpur,Wardha,149,2020-21,ANM,"SHALOM SCHOOL OF NURSING, WARDHA",40,40
1665,Nagpur,Wardha,151,2020-21,ANM,"KASABAI SCHOOL OF NURSING, SEVAGRAM,WARDHA",20,15
1666,Amravati,Buldana,152,2020-21,ANM,"INDIRA BAHU. SHIKSHAN SANSTHS, SCHOOL OF NURSING, SAGWAN, BULDHANA",20,18
1667,Amravati,Buldana,153,2020-21,ANM,"INDIRA BAHU SHIKSHAN SANSTHS, SCHOOL OF NURSING,BELAD MALKAPUR",20,20
1668,Nagpur,Bhandara,155,2020-21,ANM,"SHARDA NURSING SCHOOL, KHAPA TUMSAR, BHANDARA",20,12
1669,Chh. Sambhaji Nagar,Nanded,158,2020-21,ANM,"SHRI GURU GOVINDSINGHJI MEMORIAL HOSPITAL, SON, NANDED",20,20
1670,Chh. Sambhaji Nagar,Nanded,159,2020-21,ANM,"SMT. PRAMILATAI BHALERAO SCHOOL OF NURSING, Nanded",30,30
1671,Chh. Sambhaji Nagar,Dharashiv,161,2020-21,ANM,"GENERAL HOSPITAL, SON, OSMANABAD",20,20
1672,Chh. Sambhaji Nagar,Chh. Sambhaji Nagar,168,2020-21,ANM,"SHRI DHANESHWARI MANAV VIKAS MANDAL,  AURANGABAD",20,20
1673,Chh. Sambhaji Nagar,Jalna,169,2020-21,ANM,"SHRI SAI  INSTITUE OF NURSING, JALNA",20,20
1674,Chh. Sambhaji Nagar,Parbhani,170,2020-21,ANM,"MAULI INSTITUTE OF NURSING, PARBHANI",20,18
1675,Chh. Sambhaji Nagar,Latur,174,2020-21,ANM,"INDIRA GANDHI NURSING SCHOOL, LATUR",30,26
1676,Konkan,Thane,201,2020-21,ANM,"INSTITUTE  OF  NURSING  EDUCATION , DOMBIVALI",20,13
1677,Nashik,Nashik,206,2020-21,ANM,"SAHYADRI SEVA SANSTHA , INSTITUTE OF NURSING , NASIK",20,11
1678,Konkan,Raigarh,208,2020-21,ANM,"PRABHAKAR PATIL INSTITUTE OF NURSING EDUCATION, PEN",20,18
1679,Pune,Pune,221,2020-21,ANM,"BAKUL TAMBAT INSTITUTE OF NURSING EDUCATION, PUNE",30,30
1680,Pune,Pune,226,2020-21,ANM,"DWARIKA SANGAMNER INSTITUTE OF NURSING EDUCATION, PUNE",20,15
1681,Pune,Sangli,228,2020-21,ANM,"LOKNETE RAJARAMBAPU PATIL , TRG. COLL. OF NURSING , ISLAMPUR, WALWA, SANGLI",20,10
1682,Pune,Sangli,230,2020-21,ANM,"KASEGAON EDUCATION SOCIETY, SCHOOL OF NURSING, ISLAMPUR, SANGLI",20,20
1683,Pune,Pune,231,2020-21,ANM,"C Y DANGAT PATIL SHIKSHAN AND KRIDA MANDAL, SCHOOL OF NURSING , PUNE",20,20
1684,Pune,Pune,232,2020-21,ANM,"GIRIRAJ SCHOOL OF NURSING , BARAMATI",30,30
1685,Pune,Satara,233,2020-21,ANM,"LATE NARAYANDAS BHAWANGDAS CHHABADA TRAINING COLLEGE OF NURSING, SATARA",20,10
1686,Pune,Solapur,241,2020-21,ANM,"SAHARA INSTITUTE OF NURSING EDUCATION, AKLUJ , SOLAPUR",20,20
1687,Nagpur,Nagpur,251,2020-21,ANM,"SURETECH COLLEGE OF NURSING, NAGPUR",30,28
1688,Nagpur,Gadchiroli,253,2020-21,ANM,"DR. SALVE NURSING INSTITUTE  COLLEGE , GADCHIROLI",30,7
1689,Amravati,Yavatmal,256,2020-21,ANM,"PRUTHVIRAJ DESHMUKH NURSING INSTITUTE, LOHARA, YAVATMAL",20,17
1690,Chh. Sambhaji Nagar,Chh. Sambhaji Nagar,259,2020-21,ANM,"MAHATMA GANDHI MISSION INSTITUTE OF NURSING EDUCATION, AURANGABAD",20,10
1691,Nagpur,Nagpur,266,2020-21,ANM,"ARNEJA INSTITUTE OF NURSING SCIENCES , NAGPUR",20,14
1692,Nagpur,Nagpur,267,2020-21,ANM,"ASHARAM SCHOOL OF NURSING , NAGPUR",20,20
1693,Pune,Satara,270,2020-21,ANM,"SHAKUNTALA  INSTITUTE OF NURSING EDUCATION , SATARA",20,15
1694,Chh. Sambhaji Nagar,Dharashiv,271,2020-21,ANM,"INDIRA GANDHI NURSING SCHOOL, OSMANABAD",20,15
1695,Pune,Kolhapur,272,2020-21,ANM,"SAU. JEBELINA NURSING SCHOOL, GARGOTI, KOLHAPUR",20,20
1696,Chh. Sambhaji Nagar,Nanded,273,2020-21,ANM,"INDIRA GANDHI NURSING SCHOOL, MUKHED, NANDED",20,20
1697,Amravati,Amravati,274,2020-21,ANM,"UTTAMRAO UMAK MEMORIAL NURSING SCHOOL,  ANJANGAON, AMRAVATI",20,20
1698,Amravati,Amravati,275,2020-21,ANM,"KAMLABAI UMAK NURSING SCHOOL, AMRAVATI",20,19
1699,Amravati,Amravati,276,2020-21,ANM,"LAXMANRAO UMAK MEMORIAL NURSING SCHOOL, BADNERA, AMRAVATI",20,20
1700,Nashik,Ahilyanagar,278,2020-21,ANM,"PARVATIBAI MHASKE INSTITUTE OF NURSING, AHMEDNAGAR",20,12
1701,Chh. Sambhaji Nagar,Nanded,279,2020-21,ANM,"LOTUS NURSING INSTITUTE, NANDED",20,20
1702,Nagpur,Nagpur,280,2020-21,ANM,"MATRU SEVA SANGH NURSING SCHOOL,SITABULDI ,MATERNITY HOME NAGPUR",40,9
1703,Konkan,Ratnagiri,281,2020-21,ANM,"SAMARTH INSTITUTE OF NURSING EDUCATION, DERVAN",20,19
1704,Nashik,Ahilyanagar,282,2020-21,ANM,"MAHARASHTRA HOMOEOPATHIC FOUNDATION'S SCHOOL OF NURSING , PATHAR ,  AHMEDNAGAR",20,18
1705,Chh. Sambhaji Nagar,Jalna,283,2020-21,ANM,"VASANTRAO NAIK SHIKSHAN PRASARAK MANDAL, JALNA",20,12
1706,Pune,Sangli,284,2020-21,ANM,"ADARSH NURSING SCHOOL, VITA, SANGLI",20,20
1707,Chh. Sambhaji Nagar,Chh. Sambhaji Nagar,286,2020-21,ANM,"MATA GIRIJA SCHOOL OF NURSING, AURANGABAD.",20,20
1708,Pune,Kolhapur,287,2020-21,ANM,"KURUNDWAD INST. OF NURSING EDUCATION,SHIROL, KOLHAPUR",20,20
1709,Amravati,Akola,289,2020-21,ANM,"RADHIKA NURSING SCHOOL, AKOLA",20,20
1710,Chh. Sambhaji Nagar,Parbhani,290,2020-21,ANM,"MATOSHRI NURSING SCHOOL, PARBHANI",20,20
1711,Pune,Sangli,294,2020-21,ANM,"HUTATMA INSTITUTE OF NURSING , WALWA , SANGLI",20,20
1712,Pune,Solapur,296,2020-21,ANM,"BINIT NURSING INSTITUTE , SOLAPUR",20,17
1713,Nashik,Dhule,297,2020-21,ANM,"NANDA AAI BAHU. NURSING TRAINING CENTRE, DEOPUR, DHULE",20,10
1714,Amravati,Akola,299,2020-21,ANM,"ANGLE OF MERCY INSTITUTE OF NURSING SCIENCE, AKOLA",20,20
1715,Pune,Pune,301,2020-21,ANM,"PUKHRAJ NAGRAJ RANKA SCHOOL OF NURSING , PUNE",20,0
1716,Pune,Satara,303,2020-21,ANM,"APARNA INST. OF NURSING EDUCATION , KARAD",20,8
1717,Chh. Sambhaji Nagar,Nanded,304,2020-21,ANM,"DR. G. A. GAIKWAD INSTITUTE OF NURSING, DEGLOOR, NANDED",20,12
1718,Pune,Kolhapur,305,2020-21,ANM,"CREATIVE NURSING SCHOOL , GADHINGLAJ , KOLHAPUR",20,20
1719,Pune,Satara,306,2020-21,ANM,"SANJEEVAN MEDICAL COLLEGE OF NURSING , SATARA",30,30
1720,Nashik,Ahilyanagar,307,2020-21,ANM,"WAMANRAO ITHAPE NURSING COLLEGE, SANGAMNER, AHMEDNAGAR",30,20
1721,Chh. Sambhaji Nagar,Beed,308,2020-21,ANM,"YASHWANT NURSING SCHOOL, ASHTI, BEED",20,15
1722,Nashik,Nashik,309,2020-21,ANM,"SHREE SWAMI NARAYAN  NURSING INSTITUE, NASIK",30,27
1723,Chh. Sambhaji Nagar,Beed,310,2020-21,ANM,"S.S.P.M. NURSING COLLEGE, ASHTI, BEED",20,19
1724,Chh. Sambhaji Nagar,Chh. Sambhaji Nagar,311,2020-21,ANM,"SAKOLKAR NURSING SCHOOL, AURANGABAD",20,20
1725,Pune,Pune,312,2020-21,ANM,"GENERAL HOSPITAL, AUNDH, PUNE",20,19
1726,Chh. Sambhaji Nagar,Beed,313,2020-21,ANM,"DR. T. M. DHONDE SCHOOL OF NURSING, ASHTI , BEED",30,30
1727,Chh. Sambhaji Nagar,Beed,314,2020-21,ANM,"NEW NURSING SCHOOL, BEED",20,12
1728,Chh. Sambhaji Nagar,Dharashiv,316,2020-21,ANM,"JEEVAN JYOT AROGYA SHIKSHAN SANSTHA, SCHOOL OF NURSING, OSMANABAD",20,10
1729,Pune,Pune,317,2020-21,ANM,"TEJASWINI NURSING SCHOOL, JUNNAR, PUNE",20,20
1730,Pune,Pune,318,2020-21,ANM,"SHARDABAI PAWAR INSTITUTE OF NURSING, PUNE",40,37
1731,Nashik,Jalgaon,323,2020-21,ANM,"GODAVARI COLLEGE OF  NURSING , JALGAON",30,16
1732,Nashik,Nashik,325,2020-21,ANM,"MATOSHRI SCHOOL OF A.N.M. NURSING , EKLAHARE, NASIK",20,17
1733,Amravati,Amravati,326,2020-21,ANM,"BHAKTI VEDANT SCHOOL OF NURSING, AMRAVATI",20,18
1734,Amravati,Washim,327,2020-21,ANM,"MANSI COLLEGE OF NURSING , WASHIM",20,20
1735,Nagpur,Wardha,328,2020-21,ANM,"EKVIRA DEVI EDUCATION SOCIETY, SCHOOL OF NURSING, WARDHA",20,11
1736,Nagpur,Nagpur,329,2020-21,ANM,"MOTHER TERESA NURSING INSTITUTE , NAGPUR",20,18
1737,Nashik,Nashik,330,2020-21,ANM,"MATOSHRI SCHOOL OF A.N.M. NURSING , BABULGAON , NASIK",20,20
1738,Nagpur,Wardha,331,2020-21,ANM,SARASWATI NURSING SCHOOL GUNJKHEDA WARDHA,20,20
1739,Chh. Sambhaji Nagar,Chh. Sambhaji Nagar,332,2020-21,ANM,"RAMKRISHANA NURSING SCHOOL, SILLOD, AURANGABAD",20,11
1740,Amravati,Amravati,333,2020-21,ANM,"FLORENCE NIGHTINGLE NURSING SCHOOL, AMRAVATI",30,30
1741,Amravati,Amravati,334,2020-21,ANM,"EKVIRA SCHOOL OF NURSING , DARYAPUR , AMRAVATI",20,20
1742,Chh. Sambhaji Nagar,Latur,335,2020-21,ANM,"G.B .PATIL SCHOOL OF NURSING, UDGIR, LATUR",20,20
1743,Chh. Sambhaji Nagar,Latur,336,2020-21,ANM,"SHRI BHAGWAN NURSING SCHOOL, LATUR",20,12
1744,Amravati,Amravati,341,2020-21,ANM,"M.J. PAWADE NURSING SCHOOL, WARUD,  AMRAVATI",20,20
1745,Nashik,Ahilyanagar,342,2020-21,ANM,"SAI NURSING INSTITUTE , RAHATA, AHMEDNAGAR",20,16
1746,Nagpur,Nagpur,343,2020-21,ANM,"MADHUKARRAO MAHAKALKAR NURSING SCHOOL , DIGHORI , NAGPUR",30,30
1747,Chh. Sambhaji Nagar,Chh. Sambhaji Nagar,345,2020-21,ANM,"SWATANTRA SENANI UTTAMRAOJI PATIL NURSING SCHOOL, AURANGABAD",20,0
1748,Chh. Sambhaji Nagar,Dharashiv,349,2020-21,ANM,"HALO NURSING SCHOOL, ANADUR, TULJAPUR",20,10
1749,Amravati,Buldana,350,2020-21,ANM,"RAJSHREE SCHOOL OF NURSING, MEHKAR, BULDANA",20,20
1750,Konkan,Ratnagiri,352,2020-21,ANM,M.E.S SCHOOL OF NURSING KHED RATNAGIRI,30,25
1751,Chh. Sambhaji Nagar,Latur,353,2020-21,ANM,"YASHWANT NURSING TRAINING SCHOOL, AHMADPUR, LATUR",20,20
1752,Pune,Kolhapur,355,2020-21,ANM,"SAHAKAR MAHARSHI TATYASHEB KORE NURSING SCHOOL , HATKANGALE, KOLHAPUR",20,13
1753,Chh. Sambhaji Nagar,Latur,356,2020-21,ANM,"NAVJEEVAN CHARITABLE TRUST, LATUR",20,20
1754,Amravati,Buldana,359,2020-21,ANM,"HARSH SCHOOL OF NURSING, KHAMGAON, BULDANA",20,20
1755,Nagpur,Gadchiroli,360,2020-21,ANM,"NAVJEEVAN NURSING SCHOOL, CHAMORSHI, GADCHIROLI",20,20
1756,Konkan,Sindhudurg,362,2020-21,ANM,"BR. NATH PAI INSTITUTE OF NURSING, PINGULI, SINDHUDURGA",40,22
1757,Chh. Sambhaji Nagar,Latur,363,2020-21,ANM,"BHIVRAI NURSING SCHOOL, LATUR",20,20
1758,Chh. Sambhaji Nagar,Latur,364,2020-21,ANM,"BALVIKAS MAHILA MANDAL, SCHOOL OF NURSING, LATUR",20,20
1759,Chh. Sambhaji Nagar,Parbhani,365,2020-21,ANM,"BHARATRATNA MOTHER TERSA NURSING SCHOOL, SELU, PARBHANI",20,20
1760,Chh. Sambhaji Nagar,Dharashiv,366,2020-21,ANM,"SAI NURSING SCHOOL, OSMANABAD",20,8
1761,Chh. Sambhaji Nagar,Parbhani,367,2020-21,ANM,"INSTITUTE OF NURSING EDUCATION,MANWATH, PARBHANI",20,20
1762,Nashik,Jalgaon,368,2020-21,ANM,"DADASAHEB DR. SURESH G. PATIL COLLEGE OF NURSING , CHOPDA , JALGAON",20,20
1763,Nashik,Ahilyanagar,370,2020-21,ANM,"BAHUJAN SAMAJ PRABODHAN SCHOOL OF NURSING, AKOLE, AHMEDNAGAR",20,3
1764,Chh. Sambhaji Nagar,Latur,371,2020-21,ANM,"LATE MAHALINGE SWAMI NURSING SCHOOL, LATUR",20,20
1765,Amravati,Amravati,372,2020-21,ANM,"SMT. VASUNDHARABAI GHUIKHEDKAR NURSING SCHOOL, AMRAVATI",30,30
1766,Nagpur,Wardha,373,2020-21,ANM,"PARVATIBAI SCHOOL OF NURSING, WARDHA",30,30
1767,Chh. Sambhaji Nagar,Parbhani,374,2020-21,ANM,"TIRUPATI NURSING SCHOOL,PARBHANI",40,40
1768,Amravati,Yavatmal,377,2020-21,ANM,"SHRI SWAMI SAMARTH NURSING SCHOOL, YAVATMAL",20,20
1769,Nagpur,Bhandara,378,2020-21,ANM,"POOJA NURSING INSTITUTE , BHANDARA",20,20
1770,Amravati,Amravati,381,2020-21,ANM,"MELGHAT NURSING SCHOOL , PARATWADA , AMRAVATI",20,20
1771,Chh. Sambhaji Nagar,Latur,383,2020-21,ANM,"RASTRAMATA JIJAU NURSING SCHOOL, NILANGA, LATUR",20,16
1772,Chh. Sambhaji Nagar,Beed,385,2020-21,ANM,"RAGHUNATHRAO MUNDHE INSTITUTE OF NURSING, AMBEJOGAI, BEED",20,8
1773,Pune,Satara,386,2020-21,ANM,"SHIVRASHTRA COLLEGE OF NURSING , KARAD , SATARA",20,20
1774,Pune,Pune,393,2020-21,ANM,"JAY INSTITUTE OF NURSING , INDAPUR , PUNE",20,20
1775,Chh. Sambhaji Nagar,Latur,394,2020-21,ANM,"TIRMULLA  A.N.M. NURSING SCHOOL, JALKOT, LATUR",20,20
1776,Pune,Solapur,395,2020-21,ANM,"RAJMATA JIJAU NURSING SCHOOL, PANDHARPUR",20,20
1777,Konkan,Sindhudurg,400,2020-21,ANM,"GENERAL HOSPITAL,  SINDHUDURG",20,20
1778,Chh. Sambhaji Nagar,Beed,401,2020-21,ANM,"VAIDYANATH NURSING SCHOOL, ,PARALI-VAIJNATH, BEED",40,10
1779,Pune,Pune,405,2020-21,ANM,"JANAKI INSTITUTE OF NURSING EDUCATION , PUNE",20,15
1780,Amravati,Yavatmal,410,2020-21,ANM,"SHRI VINAYAKRAOBAPU DESHMUKH NURSING SCHOOL , SAWARGAON , YAVATMAL",60,60
1781,Chh. Sambhaji Nagar,Beed,412,2020-21,ANM,"JIJAMATA SCHOOL OF NURSING, MAJALGAON, BEED",20,19
1782,Chh. Sambhaji Nagar,Chh. Sambhaji Nagar,415,2020-21,ANM,"AURANGABAD NURSING SCHOOL, BHALGAON, AURANGABAD",20,20
1783,Pune,Sangli,418,2020-21,ANM,"MATOSHRI HIRAI DESHMUKH NURSING COLLEGE , SHIRALA , SANGLI",20,20
1784,Chh. Sambhaji Nagar,Latur,420,2020-21,ANM,"SANT RAMBHAU A.N.M. SCHOOL , AHMEDPUR , LATUR",20,20
1785,Chh. Sambhaji Nagar,Parbhani,421,2020-21,ANM,"MADHAV A.N.M. SCHOOL, PARBHANI",20,20
1786,Chh. Sambhaji Nagar,Chh. Sambhaji Nagar,423,2020-21,ANM,"PAITHAN NURSING SCHOOL, PAITHAN, AURANGABAD",20,20
1787,Chh. Sambhaji Nagar,Chh. Sambhaji Nagar,424,2020-21,ANM,"PRIYANKA GANDHI NURSING SCHOOL, AURANGABAD",20,20
1788,Nashik,Dhule,425,2020-21,ANM,"KIRAN NURSING SCHOOL, KAPADNE, DHULE",20,13
1789,Nagpur,Bhandara,426,2020-21,ANM,"PAWANRAJA NURSING SCHOOL , PAUNI , BHANDARA",30,29
1790,Nashik,Dhule,427,2020-21,ANM,"SAU. R.G. MALI NURSING COLLEGE, AKLAD , DHULE",20,10
1791,Pune,Kolhapur,428,2020-21,ANM,"SHRI BHAIRAVNATH NURSING SCHOOL , ICHALKARANJI  , KOLHAPUR",20,19
1792,Amravati,Yavatmal,431,2020-21,ANM,"MATOSHRI ORGANIZATION OF NURSING EDUCATION , YAVATMAL",20,20
1793,Chh. Sambhaji Nagar,Jalna,432,2020-21,ANM,"JALNA NURSING SCHOOL, SHELGAON, JALNA",20,20
1794,Chh. Sambhaji Nagar,Jalna,446,2020-21,ANM,"GENERAL HOSPITAL, JALANA",20,19
1795,Pune,Solapur,449,2020-21,ANM,"DHANVANTERI SCHOOL OF NURSING , MALSHIRAS , SOLAPUR",30,30
1796,Chh. Sambhaji Nagar,Parbhani,476,2020-21,ANM,"Dr.Prafulla Patil Nursing School, Parbhani",20,20
1797,Chh. Sambhaji Nagar,Parbhani,477,2020-21,ANM,"BELESHWAR INSTITUTE OF NURSING, PARBHANI",20,20
1798,Pune,Satara,480,2020-21,ANM,"BEL AIR COLLEGE OF NURSING, PANCHAGANI, SATARA",30,30
1799,Pune,Kolhapur,481,2020-21,ANM,"SAVITRIBAI PHULE COLLEGE OF NURSING, KOLHAPUR",20,19
1800,Nagpur,Nagpur,482,2020-21,ANM,SMT. HANSABEN NURSING SCHOOL NAGPUR,20,20
1801,Konkan,Thane,484,2020-21,ANM,"NAVJEEVAN SCHOOL OF NURSING, SHAHAPUR, THANE",20,16
1802,Konkan,Thane,485,2020-21,ANM,"DAYANAND SCHOOL OF NURSING, VADOLI TALASARI THANE",25,24
1803,Konkan,Raigarh,486,2020-21,ANM,"PRATIBHA SCHOOL OF NURSING, KOPERKHAIRANE, NAVI MUMBAI",20,20
1804,Konkan,Sindhudurg,487,2020-21,ANM,"SARASWATI ANM NURSING SCHOOL, KANKAVLI, SINDHUDURG",20,20
1805,Nashik,Nashik,488,2020-21,ANM,"SAI NURSING SCHOOL, MALEGAON NASHIK",20,20
1806,Konkan,Thane,489,2020-21,ANM,"N. K. T. T. SCHOOL OF NURSING, BHIWANDI, THANE",20,20
1807,Chh. Sambhaji Nagar,Chh. Sambhaji Nagar,490,2020-21,ANM,"Manik Nursing School, Garkhed, Aurangabad",20,20
1808,Chh. Sambhaji Nagar,Latur,492,2020-21,ANM,"New Vision School of Nursing, Latur",20,16
1809,Chh. Sambhaji Nagar,Beed,493,2020-21,ANM,MAULI NURSING SCHOOL BARSHI ROAD BEED,20,20
1810,Chh. Sambhaji Nagar,Jalna,494,2020-21,ANM,"Mathsyodari Nursing School, Tal  Ambad, Jalna",20,20
1811,Chh. Sambhaji Nagar,Beed,495,2020-21,ANM,"ANKITA DOUND INSTITUTE OF NURSING SCHOOL, AMBAJOGAI, BEED",20,9
1812,Chh. Sambhaji Nagar,Parbhani,496,2020-21,ANM,"SAKSHI NURSING SCHOOL, MANWAT, PARBHANI",20,20
1813,Nashik,Nashik,497,2020-21,ANM,"SWAMI VIVEKANAND SANSTHA, MALEGAON, NASHIK",20,19
1814,Pune,Pune,499,2020-21,ANM,"Sushrusha Nursing School, Ap  Daund, Pune",20,3
1815,Pune,Pune,500,2020-21,ANM,"SUSHILA NURSING SCHOOL, DAUND, PUNE",20,20
1816,Pune,Sangli,501,2020-21,ANM,"CHINGUAAI INSTITUTE OF NURSING EDUCATION, KAVATHE MAHANKAL, SANGLI",20,7
1817,Pune,Kolhapur,502,2020-21,ANM,"SANJEEVA NURSING SCHOOL, KOLHAPUR",20,20
1818,Nashik,Ahilyanagar,505,2020-21,ANM,"SAVITRIBAI PHULE ANM NURSING COLLEGE, SHRIGONDA, AHMEDNAGAR",20,0
1819,Nashik,Ahilyanagar,506,2020-21,ANM,"KOPERGAON TALUKA VIDYARTHI SAHAYYAK SCHOOL OF NURSING,KOPERGAON",20,14
1820,Pune,Sangli,507,2020-21,ANM,"ABHINAV INSTITUTE OF NURSING EDUCATION, MIRAJ, SANGLI",20,13
1821,Pune,Pune,508,2020-21,ANM,"PRIYADARSHINI SHAK. BAU. GRAM VIKAS MAHILA SEVABHAVI MANDAL, SCHOOL OF NURSING, SHIRUR, PUNE",20,20
1822,Chh. Sambhaji Nagar,Jalna,509,2020-21,ANM,"Shraddha Commercial  Technical Institute Society, Jalna",20,20
1823,Nagpur,Bhandara,512,2020-21,ANM,"ASHIRWAD NURSING SCHOOL OF ANM, SAKOLI BHANDARA",40,37
1824,Amravati,Yavatmal,513,2020-21,ANM,"Jeevan Rekha  School of Nursing, Tal  Umarkhed, Yavatmal",20,19
1825,Amravati,Yavatmal,514,2020-21,ANM,"Sanjeevan Nursing School, Yavatmal,",20,19
1826,Nagpur,Nagpur,515,2020-21,ANM,"SUVARNA SCHOOL OF NURSING SAONER, NAGPUR",20,19
1827,Nagpur,Nagpur,516,2020-21,ANM,"Indira Gandhi ANM Nursing School, Tal  Bhiwapur, Nagpur",20,20
1828,Amravati,Yavatmal,517,2020-21,ANM,"Yash Institute of Nursing, Athori Bazar, Yavatmal",20,20
1829,Nagpur,Wardha,523,2020-21,ANM,"NEW MAHARASHTRA INSTITUTE OF NURSING, MAHADEVPURA, WARDHA",20,20
1830,Nashik,Ahilyanagar,524,2020-21,ANM,"SHREE SAI NURSING SCHOOL, JAMKHED, AHMEDNAGAR",20,20
1831,Pune,Sangli,526,2020-21,ANM,"VIDYA SAGAR NURSING SCHOOL, SANGLI",20,20
1832,Nagpur,Gondia,531,2020-21,ANM,"Shri Dattatraya Prabhu Bahu. Shikshan Sanstha, Tiroda, Gondia",30,30
1833,Chh. Sambhaji Nagar,Nanded,533,2020-21,ANM,"Sharadrao Nursing College, Naigona Nanded",20,20
1834,Chh. Sambhaji Nagar,Nanded,534,2020-21,ANM,DHARTI SCHOOL OF NURSING MALEGAON RD NANDED,20,20
1835,Chh. Sambhaji Nagar,Nanded,535,2020-21,ANM,"Satabai Landge Nursing School, Nanded",20,20
1836,Amravati,Amravati,539,2020-21,ANM,"SHRI SANT LAHANUJI MAHARAJ SCHOOL OF NURSING, DARYAPUR, AMRAVATI",20,20
1837,Nashik,Nashik,541,2020-21,ANM,"KALWAN NURSING SCHOOL, KALWAN, NASHIK",20,20
1838,Nashik,Nashik,542,2020-21,ANM,"DINDORI SCHOOL OF NURSING, DINDORI, NASHIK",20,20
1839,Nashik,Nashik,543,2020-21,ANM,"YEOLA SCHOOL OF NURSING, YEOLA, NASHIK",20,20
1840,Chh. Sambhaji Nagar,Chh. Sambhaji Nagar,545,2020-21,ANM,"Yeshwant Institute of Nursing, Paithan Road, Aurangabad",30,30
1841,Chh. Sambhaji Nagar,Latur,546,2020-21,ANM,"SWAMI VIVEKANAND SHIKSHAN PRASARAK MANDAL, UDGIR, LATUR",20,0
1842,Amravati,Washim,548,2020-21,ANM,"Nazarene Nursing Training College, Pusad Road, Washim",20,19
1843,Nagpur,Gondia,550,2020-21,ANM,"Gondia Nursing College, Gondia",20,20
1844,Nagpur,Gondia,552,2020-21,ANM,"S. CHANDRA SCHOOL OF NURSING, ARJUNI GONDIA",20,20
1845,Amravati,Amravati,553,2020-21,ANM,"Sardar Nursing Institute, Walgaon Road, Amravati",20,10
1846,Amravati,Amravati,555,2020-21,ANM,"M.J. Pawade Nurisng School, Tal - Morshi, Amravati",20,20
1847,Nagpur,Wardha,557,2020-21,ANM,"Sunita Nursing School, Tal  Shelu, Wardha",20,13
1848,Nagpur,Gondia,558,2020-21,ANM,"S.R.V. NURSING SCHOOL, DAWAKI, TAL DEORI DIST GONDIA",20,20
1849,Chh. Sambhaji Nagar,Dharashiv,559,2020-21,ANM,"Late Changdevrao Banger Nursing School, Tal - Bhum, Osmanabad",20,8
1850,Chh. Sambhaji Nagar,Chh. Sambhaji Nagar,561,2020-21,ANM,"Prabhavati Nursing School, Aurangabad",20,20
1851,Chh. Sambhaji Nagar,Chh. Sambhaji Nagar,563,2020-21,ANM,GOGANATH BABA ANM NURSING SCHOOL CHITEGAON AURANGABAD,20,20
1852,Chh. Sambhaji Nagar,Beed,564,2020-21,ANM,"Late Ranghunathraoji Kendre Nursing School, Vaijnath, Beed",20,20
1853,Chh. Sambhaji Nagar,Latur,565,2020-21,ANM,"Sarojini Naidu School of Nursing, Chakur, Latur",20,20
1854,Chh. Sambhaji Nagar,Nanded,566,2020-21,ANM,"Indira Gandhi School of Nursing, Loha, Nanded",20,20
1855,Nashik,Nashik,567,2020-21,ANM,"MATOSHRI ASARABAI DARADE SCHOOL OF NURSING, YEOLA, NASHIK",20,20
1856,Amravati,Akola,568,2020-21,ANM,"MAHARSHI WALMIKI INSTITUTE OF NURSING MALKAPUR,AKOLA",30,25
1857,Amravati,Akola,571,2020-21,ANM,"AZAD HIND NURSING SCHOOL, AKOLA",20,20
1858,Amravati,Amravati,573,2020-21,ANM,"Gurumauli Institue of Nursing Science, Amravati",20,20
1859,Chh. Sambhaji Nagar,Hingoli,580,2020-21,ANM,"L.D.H.T. SCHOOL OF NURSING, HINGOLI",40,40
1860,Chh. Sambhaji Nagar,Hingoli,581,2020-21,ANM,"JAI HIND NURSING SCHOOL, HINGOLI",20,20
1861,Pune,Kolhapur,582,2020-21,ANM,"SANT GAJANAN MAHARAJ SCHOOL OF NURSING, CHINCHEWADI, GADHINGLAJ, KOLHAPUR",20,20
1862,Konkan,Sindhudurg,584,2020-21,ANM,"MAI NURSING SCHOOL, KUDAL",20,20
1863,Nashik,Dhule,585,2020-21,ANM,"RANIMANSAHEB MANUBADEVI RAWAL NURSING SCHOOL, DONDAICHA, DHULE",40,27
1864,Nashik,Dhule,586,2020-21,ANM,"D.S. NURSING SCHOOL, SAKRI, DHULE",20,19
1865,Konkan,Palghar,587,2020-21,ANM,"SHREE GAJANAN MAHARAJ COLLEGE OF  NURSING AND RESEARCH CENTER JAWHAR, PALGHAR",20,18
1866,Nashik,Nashik,588,2020-21,ANM,"PETH NURSING SCHOOL, PETH, NASHIK",20,20
1867,Nashik,Nashik,589,2020-21,ANM,"IGATPURI NURSING SCHOOL, IGATPURI, NASHIK",20,20
1868,Nashik,Nashik,590,2020-21,ANM,"NIFAD NURSING SCHOOL, NIFAD, NASHIK",20,20
1869,Nashik,Nashik,591,2020-21,ANM,"MANMAD NURSING SCHOOL, YEOLA, NASHIK",20,20
1870,Nashik,Nashik,592,2020-21,ANM,"SAI CARE NURSING SCHOOL, NASHIK",20,20
1871,Nashik,Nashik,593,2020-21,ANM,"JIJAMATA NURSING SCHOOL, MALEGAON, NASHIK",20,20
1872,Konkan,Raigarh,595,2020-21,ANM,"D. D. VISPUTE SCHOOL OF NURSING, PANVEL, RAIGAD",30,20
1873,Nashik,Nashik,597,2020-21,ANM,"RAJEEV GANDHI GNM NURSING COLLEGE, SINNAR, NASHIK",20,20
1874,Nashik,Nashik,598,2020-21,ANM,"TANMAYI NURSING INSTITUTE, NASHIK",20,20
1875,Nashik,Nashik,601,2020-21,ANM,"KARM. R. S. WAGH EDUCATION  HEALTH SANSTHAS SCHOOL OF NURSING, DINDORI, NASHIK",20,19
1876,Nashik,Ahilyanagar,604,2020-21,ANM,"MANGALA NURSING SCHOOL, AHMEDNAGAR",20,8
1877,Nashik,Ahilyanagar,608,2020-21,ANM,"ABHINAV NURSING SCHOOL, AHMEDNAGAR",20,17
1878,Pune,Pune,610,2020-21,ANM,"SHIRUR SCHOOL OF NURSING, SHIRUR, PUNE",20,16
1879,Nashik,Ahilyanagar,612,2020-21,ANM,"ASHIRWAD NURSING SCHOOL, RAHURI, AHMEDNAGAR",20,20
1880,Pune,Kolhapur,616,2020-21,ANM,"SHRI SIDDHI NURSING SCHOOL, KAGAL, KOLHAPUR",20,20
1881,Pune,Kolhapur,617,2020-21,ANM,"SIDDHAGIRI NURSING INSTITUTE, KARVEER, KOLHAPUR",20,14
1882,Nashik,Ahilyanagar,618,2020-21,ANM,"SAI NURSING SCHOOL, SHEVGAON, AHMEDNAGAR",20,17
1883,Nashik,Ahilyanagar,620,2020-21,ANM,"DR. RAMESH DHOKANE PATIL SCHOOL OF NURSING, NEWASA, AHMEDNAGAR",20,15
1884,Nashik,Ahilyanagar,622,2020-21,ANM,"NITYASEVA NURSING SCHOOL, PARNER, AHMEDNAGAR",20,20
1885,Pune,Sangli,623,2020-21,ANM,"KEDARNATH NURSING SCHOOL, ISLAMPUR, SANGLI",20,20
1886,Nashik,Ahilyanagar,624,2020-21,ANM,"NEWASA NURSING SCHOOL, NEWASA, AHMEDNAGAR",20,0
1887,Nashik,Ahilyanagar,625,2020-21,ANM,"SHRUTI NURSING SCHOOL, SHRIRAMPUR, AHMEDNAGAR",20,20
1888,Nashik,Ahilyanagar,626,2020-21,ANM,"KOPARGAON NURSING SCHOOL, KOPERGAON, AHMEDNAGAR",20,20
1889,Pune,Sangli,627,2020-21,ANM,"LAXMIPRABHA NURSING INSTITUTE, MIRAJ, SANGLI",20,20
1890,Pune,Sangli,628,2020-21,ANM,"SHABBIR AHMED ANSARI NURSING SCHOOL, MIRAJ, SANGLI",20,18
1891,Nashik,Ahilyanagar,629,2020-21,ANM,"LATE BHAU DAJI PATIL DESHMUKH GRAMIN VIKAS PRATISHTHAN'S RANM SCHOOL, AHMEDNAGAR",20,8
1892,Nashik,Ahilyanagar,630,2020-21,ANM,"SAWALI SCHOOL OF NURSING, PARNER, AHMEDNAGAR",20,15
1893,Pune,Pune,633,2020-21,ANM,"TILAK MAHARASHTRA VIDYAPEETH INSTITUTE OF NURSING EDUCATION  RESEARCH, PUNE",20,3
1894,Nashik,Ahilyanagar,634,2020-21,ANM,"JIJAMATA NURSING SCHOOL, SHEVGAON, AHMEDNAGAR",20,19
1895,Pune,Sangli,635,2020-21,ANM,"DHANVANTARI INSTITUTE OF NURSING  PARAMEDICAL SCIENCES, SHIRALA, SANGLI",20,12
1896,Pune,Solapur,636,2020-21,ANM,"VIJAYSINH MOHITE PATIL SCHOOL OF NURSING, MALSHIRAS, SOLAPUR",20,20
1897,Pune,Pune,637,2020-21,ANM,"LATE UDHAVRAO TULSHIRAM JADHAVAR FOUNDATIONS INSTITUTE OF NURSING, PUNE",20,20
1898,Pune,Solapur,638,2020-21,ANM,"SARDARBI INSTITUTE OF NURSING EDUCATION, MOHOL, SOLAPUR",20,20
1899,Pune,Solapur,642,2020-21,ANM,"JANKALYAN INSTITUTE OF NURSING EDUCATION, PANDHARPUR, SOLAPUR",20,17
1900,Pune,Satara,645,2020-21,ANM,"WILLIS F. PIERCE MEMORIAL HOSPITAL, WAI, SATARA",20,19
1901,Pune,Pune,650,2020-21,ANM,"YASH INSTITUTE OF NURSING  PARAMEDICAL SCIENCES, INDAPUR, PUNE",20,20
1902,Pune,Sangli,651,2020-21,ANM,"SHRI DATTA SCHOOL OF NURSING, SHIRALA, SANGLI",20,10
1903,Pune,Solapur,652,2020-21,ANM,"DHANSHRI INSTITUTE OF NURSING, MADHA, SOLAPUR",20,20
1904,Nagpur,Wardha,653,2020-21,ANM,"CHETNA NURSING INSTITUTE, WARDHA",20,20
1905,Amravati,Buldana,654,2020-21,ANM,"JIJAMATA SCHOOL OF NURSING, BULDANA",20,16
1906,Nagpur,Chandrapur,655,2020-21,ANM,"DEONIL SCHOOL OF NURSING, MUL, CHANDRAPUR",20,20
1907,Amravati,Amravati,656,2020-21,ANM,"SARASWATI INSTITUTE OF NURSING SCIENCES AND RESEARCH, AMRAVATI",40,38
1908,Nagpur,Bhandara,657,2020-21,ANM,"MAHALAXMI NURSING SCHOOL, TUMSAR, BHANDARA",20,18
1909,Nagpur,Gondia,658,2020-21,ANM,"KAMALATAI BUDHE NURSING SCHOOL, GONDIA",20,20
1910,Nagpur,Wardha,659,2020-21,ANM,"NANDATAI LOHAVE SCHOOL OF NURSING, WARDHA",20,20
1911,Nagpur,Wardha,660,2020-21,ANM,"D. P. NURSING SCHOOL & RESEARCH INSTITUTE, WARDHA",20,11
1912,Nagpur,Bhandara,661,2020-21,ANM,"SAI NURSING SCHOOL, TUMSAR, BHANDARA",50,50
1913,Nagpur,Nagpur,663,2020-21,ANM,"SAIRAM SCHOOL OF NURSING, RAMTEK, NAGPUR",20,0
1914,Nagpur,Chandrapur,664,2020-21,ANM,"MOTHER TERESA NURSING ACADAMY, BALLARPUR, CHANDRAPUR",30,7
1915,Nagpur,Nagpur,666,2020-21,ANM,"ACHARYA VINOBA BHAVE SCHOOL OF NURSING, KATOL, NAGPUR",30,30
1916,Amravati,Yavatmal,668,2020-21,ANM,"SWA. RUPESHKUMAR INGOLE SCHOOL OF NURSING, YAVATMAL",20,20
1917,Amravati,Yavatmal,670,2020-21,ANM,"MAHAJAN NURSING SCHOOL, YAVATMAL",20,20
1918,Amravati,Buldana,671,2020-21,ANM,"PAINGANGA INSTITUTE OF NURSING, BULDANA",20,19
1919,Nagpur,Gadchiroli,672,2020-21,ANM,"SHRI SAI SCHOOL OF NURSING, ARMORI, GADCHIROLI",20,15
1920,Amravati,Yavatmal,673,2020-21,ANM,"INDIRABAI BHOYAR SCHOOL OF NURSING, GHATANJI, YAVATMAL",20,14
1921,Nagpur,Wardha,674,2020-21,ANM,"KINKAR SCHOOL OF NURSING, SELOO, WARDHA",20,20
1922,Nagpur,Chandrapur,675,2020-21,ANM,"SANT GAJANAN MAHARAJ NURSING SCHOOL, SINDE WAHI, CHANDRAPUR",20,20
1923,Amravati,Buldana,676,2020-21,ANM,"MAHATMA JYOTIBA PHULE BAHU. SHIKSHAN SANSTHAS NURSING SCHOOL, CHIKHALI, BULDHANA",20,19
1924,Nagpur,Bhandara,679,2020-21,ANM,"AROMIRA SCHOOL OF NURSING, BHANDARA",20,20
1925,Amravati,Buldana,680,2020-21,ANM,"DR. K. B. MAPRI INSTITUTE OF NURISNG, LONAR, BULDHANA",20,20
1926,Amravati,Amravati,681,2020-21,ANM,"VIDHARBH SCHOOL OF NURSING, AMRAVATI",20,20
1927,Amravati,Buldana,682,2020-21,ANM,"KALASKAR NURSING INSTITUTE, NANDURA, BULDHANA",20,20
1928,Nagpur,Nagpur,683,2020-21,ANM,"SUMANTAI WASNIK INSTITUTE OF NURSING, NAGPUR",20,19
1929,Nagpur,Wardha,686,2020-21,ANM,"SATAO NURSING TRAINING SCHOOL, WARDHA",20,19
1930,Nagpur,Bhandara,687,2020-21,ANM,"NAV  YUVA NURSING SCHOOL, BHANDARA",30,30
1931,Nagpur,Nagpur,688,2020-21,ANM,"POOJA NURSING SCHOOL, NAGPUR",40,40
1932,Nagpur,Gondia,689,2020-21,ANM,"HEALTH CARE NURSING SCHOOL, AMGAON, GONDIA",20,20
1933,Nagpur,Bhandara,690,2020-21,ANM,"G.S.NURSING SCHOOL, SAKOLI, BHANDARA",20,18
1934,Chh. Sambhaji Nagar,Chh. Sambhaji Nagar,694,2020-21,ANM,"SHRI GORAKSHA NURSING SCHOOL, PHULAMBRI, AURANGABAD",20,20
1935,Chh. Sambhaji Nagar,Latur,696,2020-21,ANM,"JIJAMATA NURSING SCHOOL, LATUR",20,19
1936,Chh. Sambhaji Nagar,Beed,697,2020-21,ANM,"SHREE VENKATESHA NURSING SCHOOL, BEED",20,19
1937,Chh. Sambhaji Nagar,Latur,699,2020-21,ANM,"S.G.NURSING SCHOOL, LATUR",20,16
1938,Chh. Sambhaji Nagar,Beed,700,2020-21,ANM,"GANDHI NURSING SCHOOL, ASHTI, BEED",20,14
1939,Chh. Sambhaji Nagar,Chh. Sambhaji Nagar,701,2020-21,ANM,"MAHARAJA  SAYAJIRAO GAIKWAD NURSING SCHOOL, AURANGABAD",20,20
1940,Chh. Sambhaji Nagar,Beed,702,2020-21,ANM,"RASHTRAMATA JIJAU NURSING SCHOOL, PATODA, BEED",20,20
1941,Chh. Sambhaji Nagar,Beed,704,2020-21,ANM,"VISHWAS SAWANT NURSING SCHOOL, BEED",20,20
1942,Chh. Sambhaji Nagar,Parbhani,705,2020-21,ANM,"INDIRA GANDHI A.N.M. NURSING SCHOOL, PARBHANI",20,20
1943,Chh. Sambhaji Nagar,Chh. Sambhaji Nagar,707,2020-21,ANM,"DR. DAHIPHALE MEDICAL FOUNDATION TRUST'S SCHOOL OF NURSING, AURANGABAD",20,20
1944,Chh. Sambhaji Nagar,Nanded,708,2020-21,ANM,"KOMALBAI MUNDE NURSING SCHOOL, MUKHED, NANDED",20,0
1945,Chh. Sambhaji Nagar,Nanded,709,2020-21,ANM,"GANSHANTI NURSING SCHOOL, NANDED",20,20
1946,Chh. Sambhaji Nagar,Nanded,710,2020-21,ANM,"RAM RATAN NURSING INSTITUTE, BHOKAR, NANDED",20,20
1947,Chh. Sambhaji Nagar,Dharashiv,711,2020-21,ANM,"BILL GATES NURSING SCHOOL, OSMANABAD",20,18
1948,Chh. Sambhaji Nagar,Nanded,712,2020-21,ANM,"SHAKUNTALA NURSING INSTITUTE, MUDKHED, NANDED",20,20
1949,Chh. Sambhaji Nagar,Latur,714,2020-21,ANM,"JAWALGE NURSING SCHOOL, LATUR",20,16
1950,Chh. Sambhaji Nagar,Nanded,717,2020-21,ANM,"GOVINDRAO PAUL NURSING SCHOOL, NANDED",30,30
1951,Chh. Sambhaji Nagar,Dharashiv,718,2020-21,ANM,"RENUKA NURSING RANM SCHOOL, KALAMB, OSMANABAD",20,20
1952,Chh. Sambhaji Nagar,Latur,719,2020-21,ANM,"DAYEE INSTITUTE OF NURSING,LATUR",20,20
1953,Chh. Sambhaji Nagar,Chh. Sambhaji Nagar,721,2020-21,ANM,"SAVITRIBAI PHULE NURSING SCHOOL, KANNAD, AURANGABAD",20,20
1954,Chh. Sambhaji Nagar,Parbhani,722,2020-21,ANM,"RAJMATA AHILYA DEVI INSTITUTION OF NURSING, PARBHANI",20,20
1955,Chh. Sambhaji Nagar,Nanded,723,2020-21,ANM,"SUBHADRA INSTITUTE NURSING SCHOOL, BILOLI, NANDED",20,18
1956,Chh. Sambhaji Nagar,Parbhani,724,2020-21,ANM,"LATE ANNASAHEB KAKDE NURSING SCHOOL, SAILU, PARBHANI",20,16
1957,Chh. Sambhaji Nagar,Parbhani,725,2020-21,ANM,"KAI. MUNIRAM NIKE NURSING SCHOOL, SONPETH, PARBHANI",20,20
1958,Chh. Sambhaji Nagar,Parbhani,727,2020-21,ANM,"RADHAI INSTITUTE OF NURSING SCHOOL, GANGAKHED, PARBHANI",20,20
1959,Chh. Sambhaji Nagar,Latur,728,2020-21,ANM,"PUSHPAI NURSING SCHOOL, AHMEDPUR, LATUR",20,20
1960,Chh. Sambhaji Nagar,Nanded,732,2020-21,ANM,"SWAMI RAMANAND TIRTH NURSING INSTITITUE, KANDHAR, NANDED",20,20
1961,Chh. Sambhaji Nagar,Beed,733,2020-21,ANM,"PRAGATI NURSING SCHOOL, PATODA, BEED",20,18
1962,Chh. Sambhaji Nagar,Beed,734,2020-21,ANM,"SAMARTH NURSING SCHOOL, WADVANI, BEED",20,20
1963,Chh. Sambhaji Nagar,Parbhani,740,2020-21,ANM,"SAMARTH NURSING SCHOOL, PARBHANI",20,20
1964,Chh. Sambhaji Nagar,Chh. Sambhaji Nagar,741,2020-21,ANM,"GANGAPUR NURSING SCHOOL, GANGAPUR, AURANGABAD",20,20
1965,Chh. Sambhaji Nagar,Chh. Sambhaji Nagar,742,2020-21,ANM,"SHRI SWAMI SAMARTH NURSING SCHOOL, AURANGABAD",20,20
1966,Chh. Sambhaji Nagar,Chh. Sambhaji Nagar,743,2020-21,ANM,"HUDCO NURSING SCHOOL, AURANGABAD",20,20
1967,Chh. Sambhaji Nagar,Chh. Sambhaji Nagar,744,2020-21,ANM,"SHRADDHA NURSING SCHOOL, AURANGABAD",20,19
1968,Chh. Sambhaji Nagar,Chh. Sambhaji Nagar,745,2020-21,ANM,"NEW NURSING SCHOOL, AURANGABAD",20,20
1969,Chh. Sambhaji Nagar,Chh. Sambhaji Nagar,746,2020-21,ANM,"SHEETAL NURSING SCHOOL, AURANGABAD",20,20
1970,Chh. Sambhaji Nagar,Latur,748,2020-21,ANM,"SAVITRIBAI PHULE NURSING SCHOOL, JALKOT, LATUR",20,19
1971,Chh. Sambhaji Nagar,Nanded,749,2020-21,ANM,"GANGABAI PATIL NURSING SCHOOL, BILOLI, NANDED",20,20
1972,Chh. Sambhaji Nagar,Beed,750,2020-21,ANM,"SANSKRUTI NURSING SCHOOL, BEED",20,20
1973,Chh. Sambhaji Nagar,Hingoli,751,2020-21,ANM,"SHRAVNI INSTISUTE OF NURSING, BASMAT, HINGOLI",20,20
1974,Chh. Sambhaji Nagar,Latur,753,2020-21,ANM,"SUVIDHA NURSING SCHOOL, LATUR",20,0
1975,Chh. Sambhaji Nagar,Chh. Sambhaji Nagar,754,2020-21,ANM,"BHARTIYA NURSING SCHOOL, AURANGABAD",20,15
1976,Chh. Sambhaji Nagar,Hingoli,755,2020-21,ANM,"YESHWANT INSTITUTE OF NURSING SCHOOL, HINGOLI",20,20
1977,Chh. Sambhaji Nagar,Parbhani,756,2020-21,ANM,"SHRI SURESHDADA DESHMUKH INSTITUTE OF NURSING, PARBHANI",20,20
1978,Chh. Sambhaji Nagar,Nanded,757,2020-21,ANM,"BHIVRAJ KALANTRI NURSING INSTITUTE, NANDED",20,20
1979,Chh. Sambhaji Nagar,Beed,758,2020-21,ANM,"KAI BABURAO GHULE SCHOOL OF NURSING, AMBAJOGAI, BEED",20,20
1980,Chh. Sambhaji Nagar,Nanded,760,2020-21,ANM,"RAJMATA JIJAU NURSING SCHOOL, NANDED",20,20
1981,Chh. Sambhaji Nagar,Nanded,763,2020-21,ANM,"MOTHER TERESA NURSING SCHOOL, NANDED",20,20
1982,Chh. Sambhaji Nagar,Nanded,764,2020-21,ANM,"OMKAR NURSING SCHOOL, BILOLI, NANDED",20,20
1983,Chh. Sambhaji Nagar,Latur,765,2020-21,ANM,"MAHARASHTARA NURSING SCHOOL, CHAKUR, LATUR",20,20
1984,Chh. Sambhaji Nagar,Nanded,767,2020-21,ANM,"ADARSHA NURSING SCHOOL, DEGLOOR, NANDED",20,20
1985,Chh. Sambhaji Nagar,Beed,768,2020-21,ANM,"RAMLING VIGHNE NURSING SCHOOL, BEED",20,0
1986,Nagpur,Gondia,769,2020-21,ANM,"S. CHANDRA NURSING SCHOOL, AMGAON, GONDIA",20,20
1987,Nagpur,Gondia,770,2020-21,ANM,"SMT. GUNAMALA JAIN CHARITABLE TRUSTS INSTITUTE OF NURSING EDUCATION, GONDIA",20,0
1988,Nagpur,Gondia,771,2020-21,ANM,"SMT. LAXMIBAI CHANDEKAR NURSING SCHOOL, GORGAON, GONDIA",20,20
1989,Nagpur,Gondia,772,2020-21,ANM,"GONDIA CITY INSTITUTE OF NURSING & PARAMEDICAL SCIENCES, GONDIA",20,20
1990,Chh. Sambhaji Nagar,Latur,775,2020-21,ANM,"MATRUBHOOMI NURSING SCHOOL, UDGIR, LATUR",30,30
1991,Chh. Sambhaji Nagar,Dharashiv,777,2020-21,ANM,"K.T. PATIL SCHOOL OF  NURSING, OSMANABAD",20,20
1992,Chh. Sambhaji Nagar,Chh. Sambhaji Nagar,779,2020-21,ANM,"AURANGABAD NURSING SCHOOL, AURANGABAD",20,20
1993,Chh. Sambhaji Nagar,Chh. Sambhaji Nagar,780,2020-21,ANM,"SHAHNAWAZ NURSING SCHOOL, AURANGABAD",20,20
1994,Chh. Sambhaji Nagar,Nanded,781,2020-21,ANM,"NARMADA NURSING INSTITUTE , LOHA, NANDED",20,20
1995,Chh. Sambhaji Nagar,Parbhani,782,2020-21,ANM,"DNYANAI INSTITUTE OF NURSING SCHOOL, PARBHANI",40,39
1996,Chh. Sambhaji Nagar,Chh. Sambhaji Nagar,783,2020-21,ANM,"SHAHU MAHARAJ NURSING SCHOOL, AURANGABAD",20,13
1997,Chh. Sambhaji Nagar,Parbhani,786,2020-21,ANM,"TORJA NURSING SCHOOL, PARBHANI",20,20
1998,Chh. Sambhaji Nagar,Dharashiv,787,2020-21,ANM,"SAI NURSING COLLEGE, UMERGA, OSMANABAD",20,18
1999,Chh. Sambhaji Nagar,Latur,788,2020-21,ANM,"NEW MOTHER TERESA A.N.M. SCHOOL OF NURSING, UDGIR, LATUR",20,12
2000,Chh. Sambhaji Nagar,Parbhani,790,2020-21,ANM,"SAISHA NURSING SCHOOL, PURNA, PARBHANI",20,19
2001,Chh. Sambhaji Nagar,Hingoli,791,2020-21,ANM,"INDIRA GANDHI NURSING SCHOOL, BASMAT, HINGOLI",20,20
2002,Chh. Sambhaji Nagar,Nanded,792,2020-21,ANM,"MUKTAI NURSING SCHOOL, NANDED",20,20
2003,Chh. Sambhaji Nagar,Parbhani,793,2020-21,ANM,"SHRI SAI INSTITUTION OF NURSING SCHOOL, JINTOR, PARBHANI",20,20
2004,Chh. Sambhaji Nagar,Parbhani,794,2020-21,ANM,"YESHWANT INSTITUTE OF NURSING,  PARBHANI",20,20
2005,Chh. Sambhaji Nagar,Hingoli,795,2020-21,ANM,"LATE S. D. MASKE SCHOOL OF NURSING, HINGOLI",20,20
2006,Chh. Sambhaji Nagar,Beed,797,2020-21,ANM,"DIPTI AAHER NURSING SCHOOL, AMBAJOGAI, BEED",20,17
2007,Chh. Sambhaji Nagar,Hingoli,798,2020-21,ANM,"MOTHER TERESA NURSING SCHOOL, HINGOLI",20,17
2008,Chh. Sambhaji Nagar,Nanded,799,2020-21,ANM,"MOTHER TERESA NURSING INSTITUTE, KANDHAR, NANDED",20,20
2009,Nashik,Dhule,804,2020-21,ANM,"Palak Nursing Institute, Shirpur, Dhule",20,20
2010,Konkan,Ratnagiri,806,2020-21,ANM,"Devang A.N.M. Nursing School, Ratnagiri",20,9
2011,Pune,Satara,807,2020-21,ANM,"RAJMATA NURSING SCHOOL, SATARA",20,8
2012,Pune,Kolhapur,808,2020-21,ANM,"Late. Ushatai Nursing School, Kolhapur",20,20
2013,Pune,Sangli,809,2020-21,ANM,"Smt. Padmini Institute of Nursing  Paramedical Sciences, Atpadi, Sangli",20,20
2014,Nashik,Ahilyanagar,810,2020-21,ANM,"Saibaba Nursing School, Kolpewadi,  Ahmednagar",40,40
2015,Nashik,Ahilyanagar,811,2020-21,ANM,"Raj Laxmi Nursing School, Ahmednagar",20,11
2016,Nagpur,Wardha,813,2020-21,ANM,"Dimond Nursing Institute, Deoli, Wardha",20,20
2017,Nagpur,Wardha,814,2020-21,ANM,"Kasturba Nursing School, Samudrapur, Wardha",20,20
2018,Nagpur,Gondia,819,2020-21,ANM,"S.M.Nursing School, Gondia",20,20
2019,Amravati,Buldana,820,2020-21,ANM,"Vision Nursing School, Buldhana",20,16
2020,Amravati,Yavatmal,821,2020-21,ANM,"Varsharaj Nursing School, Wani, Yavatmal",20,20
2021,Nagpur,Chandrapur,822,2020-21,ANM,"Jijamata Insitute of Nursing, Bhadrawati, Chandrapur",20,12
2022,Nagpur,Chandrapur,824,2020-21,ANM,"Rashtriy Nursing School, Rajura, Chandrapur",20,16
2023,Nagpur,Nagpur,825,2020-21,ANM,"Aakar School of Nursing, Nagpur",20,20
2024,Nagpur,Nagpur,826,2020-21,ANM,"Tanisq School of Nursing, Nagpur",30,29
2025,Chh. Sambhaji Nagar,Hingoli,829,2020-21,ANM,"Ananditai Bengal Nursing School, Sengaon, Hingoli",20,20
2026,Chh. Sambhaji Nagar,Jalna,830,2020-21,ANM,"Om Shanti Nursing School, Bhokardan, Jalna",20,17
2027,Chh. Sambhaji Nagar,Latur,831,2020-21,ANM,"RAJGURU SCHOOL OF NURSING, UDGIR, LATUR",20,20
2028,Chh. Sambhaji Nagar,Nanded,832,2020-21,ANM,"Akshay Nursing School, Nanded",20,19
2029,Chh. Sambhaji Nagar,Parbhani,834,2020-21,ANM,"Kalpana Chawala Nursing School, Parbhani",20,20
2030,Chh. Sambhaji Nagar,Beed,838,2020-21,ANM,"Swaraj Indira Gandhi Nursing School, Patoda, Beed",20,20
2031,Konkan,Ratnagiri,870,2020-21,ANM,"The Yash Foundations College of  Nursing  Medical Research Institute, Ratnagiri",30,5
2032,Nashik,Ahilyanagar,880,2020-21,ANM,"Praytna Nursing College, Ahmednagar",20,18
2033,Pune,Pune,898,2020-21,ANM,"Dhareshwar Institute of Nursing, Pune",20,10
2034,Nagpur,Nagpur,924,2020-21,ANM,"Shree Sai School of Nursing, Umrer, Nagpur",20,20
2035,Nagpur,Bhandara,935,2020-21,ANM,"Spandan Nursing School, Pauni, Bhandara",20,20
2036,Nagpur,Gondia,937,2020-21,ANM,"RADHABAI BAHEKAR SCHOOL OF NURSING,  GONDIA.",20,20
2037,Chh. Sambhaji Nagar,Beed,939,2020-21,ANM,"District Hospital, Beed",20,19
2038,Chh. Sambhaji Nagar,Chh. Sambhaji Nagar,942,2020-21,ANM,"Aurangabad Training School of Nursing,Shivajinagar, Aurangabad",20,19
2039,Chh. Sambhaji Nagar,Nanded,971,2020-21,ANM,"Marathwada Nursing School, Nanded",20,20
2040,Amravati,Yavatmal,1002,2020-21,ANM,"Devyani School of Nursing, Yavatmal",20,20
2041,Amravati,Buldana,1003,2020-21,ANM,"Dnyandeep Vimukta Va Bhatkya  Jati, Jamati Shikshan Prasarak Mandal Nursing School, Buldhana",20,20
2042,Chh. Sambhaji Nagar,Nanded,1005,2020-21,ANM,"Matoshri Nursing School, Nanded",20,20
2043,Konkan,Mumbai Suburban,1011,2020-21,ANM,"SMT. D.Y.SAWANT NURSING SCHOOL, BHANDUP",20,15
2044,Chh. Sambhaji Nagar,Nanded,1014,2020-21,ANM,"TIRUMALA ANM SCHOOL OF NURSING,HADGAON,NANDED",20,20
2045,Nashik,Ahilyanagar,1017,2020-21,ANM,"SHRIRAMPUR NURSING SCHOOL, SHRIAMPUR, AHMEDNAGAR",20,20
2046,Chh. Sambhaji Nagar,Chh. Sambhaji Nagar,1018,2020-21,ANM,"VAIJAPUR NURSING SCHOOL, AURANGABAD",20,19
2047,Chh. Sambhaji Nagar,Chh. Sambhaji Nagar,1019,2020-21,ANM,"WALUNJ NURSING SCHOOL,WALUNJ, AURANGABAD",20,19
2048,Chh. Sambhaji Nagar,Parbhani,1021,2020-21,ANM,"GENERAL HOSPITAL, PARBHANI",20,20
2049,Konkan,Thane,1022,2020-21,ANM,"SAKET GYANPEETH TRUST, THANE",20,19
2050,Konkan,Raigarh,1023,2020-21,ANM,"MANGAON EDUCATION TRUST, MANGAON, RAIGAD",20,20
2051,Nagpur,Gondia,1025,2020-21,ANM,"K.T.S. GENERAL HOSPITAL, GONDIA",20,19
2052,Chh. Sambhaji Nagar,Beed,1026,2020-21,ANM,"SOU RUKHMINI MANOHAR MACHALE  NURSING SCHOOL, BEED",20,20
2053,Chh. Sambhaji Nagar,Beed,1028,2020-21,ANM,"UNIQUE RANM NURSING SCHOOL, PARLI, BEED",20,20
2054,Chh. Sambhaji Nagar,Chh. Sambhaji Nagar,1029,2020-21,ANM,"MONICA NURSING SCHOOL, AURANGABAD",20,20
2055,Amravati,Akola,1030,2020-21,ANM,"MAA ANUSAYA SCHOOL OF NURSING, AKOLA",20,20
2056,Chh. Sambhaji Nagar,Jalna,1031,2020-21,ANM,"Sharda Nursing School,Jalna",20,12
2057,Chh. Sambhaji Nagar,Parbhani,1032,2020-21,ANM,"Aai Institute of Nursing, Parbhani",20,20
2058,Pune,Solapur,1033,2020-21,ANM,"Swami Samarth Nursing School,Solapur",20,20
2059,Konkan,Sindhudurg,1034,2020-21,ANM,"LATE MRS. ABOLI KULDEEP PEDNEKAR NURSING INSTITUTE, TALERE, SINDHUDURG",20,11
2060,Chh. Sambhaji Nagar,Chh. Sambhaji Nagar,1035,2020-21,ANM,"CIVIL HOSPITAL, AMKHAS MAIDAN, AURANGABAD",20,20
2061,Chh. Sambhaji Nagar,Hingoli,1038,2020-21,ANM,"V.B.N. NURSING SCHOOL, HINGOLI",20,20
2062,Chh. Sambhaji Nagar,Parbhani,1039,2020-21,ANM,"BLESSING INSTITUTE OF NURSING, PARBHANI",20,20
2063,Nagpur,Nagpur,1040,2020-21,ANM,"INDIRA GANDHI SCHOOL OF NURSING,Golchha marg,sadar, NAGPUR",20,19
2064,Nagpur,Gondia,1041,2020-21,ANM,"ASHWINI NURSING TRAINING SCHOOL, GONDIA",20,19
2065,Amravati,Amravati,1043,2020-21,ANM,"ASHA NURSING SCHOOL, AMRAVATI",20,20
2066,Nagpur,Nagpur,1044,2020-21,ANM,"AVATAR MEHER BABA SCHOOL OF NURSING, NAGPUR",20,20
2067,Nagpur,Wardha,1045,2020-21,ANM,"MAHATMA GANDHI NURSING INSTITUTE, DEOLI, WARDHA",20,20
2068,Amravati,Amravati,1049,2020-21,ANM,"SARSWATI NURSING SCHOOL, DHAMANGAON, AMRAVATI",20,20
2069,Amravati,Washim,1050,2020-21,ANM,"GENERAL HOSPITAL, WASHIM",10,10
2070,Chh. Sambhaji Nagar,Beed,1051,2020-21,ANM,"DISTRICT HOSPITAL, SAWARGAON, AMBAJOGAI, BEED",20,19
2071,Pune,Solapur,1052,2020-21,ANM,"SMT. KAMALBEN PATEL INSTITUTE OF NURISNG, KUMBHARI, SOLAPUR",20,20
2072,Chh. Sambhaji Nagar,Chh. Sambhaji Nagar,1093,2020-21,ANM,"NEW NURSING SCHOOL, JAINPURA PAITHAN, AURANGABAD",20,20
2073,Nashik,Nashik,1099,2020-21,ANM,"Training college of Nursing, general hospital malegaon nashik",20,20
2074,Nashik,Nandurbar,1101,2020-21,ANM,"GENERAL HOSPITAL, NANDURBAR",10,10
2075,Amravati,Yavatmal,1102,2020-21,ANM,"GENERAL HOSPITAL, PUSAD, YAVATMAL",10,10
2076,Chh. Sambhaji Nagar,Hingoli,1103,2020-21,ANM,"GENERAL HOSPITAL, HINGOLI",10,10
2077,Amravati,Yavatmal,1106,2020-21,ANM,"Chintamani School of Nursing, Kalamb, Yavatmal",60,60
2078,Nagpur,Bhandara,1109,2020-21,ANM,"Smt. Shalinitai Meghe College of Nursing & Hospital, Bhilewada, Bhandara",60,31
2079,Nagpur,Nagpur,1110,2020-21,ANM,"Shri K.R.Pandav College of Nursing and Hospital, Nagpur",60,13
2080,Chh. Sambhaji Nagar,Latur,1114,2020-21,ANM,"KSPM's Jijamata Nursing School, Latur",60,0
2081,Chh. Sambhaji Nagar,Chh. Sambhaji Nagar,1115,2020-21,ANM,"Godavari Nursing School of ANM, Aurangabad",60,16
2082,Konkan,Palghar,1117,2020-21,ANM,"Shantai Nursing School, Palghar",60,12
2083,Nagpur,Bhandara,1120,2020-21,ANM,"Sanjeevani Nursing College, Sakoli, Bhandara",20,0
2084,Konkan,Thane,4,2020-21,GNM,"V. S. GENERAL HOSPITAL, THANE",20,18
2085,Konkan,Raigarh,6,2020-21,GNM,"GENERAL HOSPITAL,  ALIBAG",20,18
2086,Konkan,Ratnagiri,7,2020-21,GNM,"GENERAL HOSPITAL, RATNAGIRI",20,19
2087,Nashik,Nashik,8,2020-21,GNM,"GENERAL HOSPITAL, NASIK",20,20
2088,Nashik,Jalgaon,10,2020-21,GNM,"GENERAL HOSPITAL,  JALGAON",20,19
2089,Nashik,Nashik,12,2020-21,GNM,GANPATRAO ADKE INE.  NASIK,40,40
2090,Nashik,Nashik,13,2020-21,GNM,"NASIK MEDICO TRAINING COLLEGE OF NURSING, NASIK",40,38
2091,Konkan,Ratnagiri,14,2020-21,GNM,"RAMRAJE SCH. NSG, RCON DAPOLI, RATNAGIRI",40,40
2092,Konkan,Raigarh,16,2020-21,GNM,"NOOTAN SCHOOL OF NURSING, RAIGAD",40,40
2093,Konkan,Raigarh,26,2020-21,GNM,"KALAVATI INSTITUTE OF NURSING EDUCATION,  AIROLI NAVI MUMBAI",40,38
2094,Konkan,Ratnagiri,29,2020-21,GNM,"PARKAR MEDICAL FOUNDATION SCHOOL OF NURSING, RATNAGIRI",20,20
2095,Nashik,Nashik,33,2020-21,GNM,"NAMCO SCHOOL OF NURSING, NASIK",40,40
2096,Konkan,Sindhudurg,35,2020-21,GNM,"SHREE ANANT SMRUTI SCHOOL OF NURSING, KASAL",20,20
2097,Nashik,Nashik,38,2020-21,GNM,"NASHIK NURSING SCHOOL, NASHIK",40,40
2098,Nashik,Ahilyanagar,39,2020-21,GNM,"GENERAL HOSPITAL,AHMEDNAGAR",20,19
2099,Pune,Satara,40,2020-21,GNM,"GENERAL HOSPITAL, SATARA",20,19
2100,Pune,Kolhapur,41,2020-21,GNM,"C.P.R. GENERAL HOSPITAL, KOLHAPUR",20,20
2101,Pune,Solapur,42,2020-21,GNM,"DHANRAJGIRIJI HOSPITAL,  SOLAPUR",20,17
2102,Nashik,Ahilyanagar,51,2020-21,GNM,KRANTI SCHOOL OF NURSING  AHMEDNAGAR,40,39
2103,Pune,Kolhapur,53,2020-21,GNM,"DR. J. J. MAGDUM SON, SHIROL, KOLHAPUR",40,40
2104,Pune,Solapur,54,2020-21,GNM,"ASHWINI SAHAKARI SON,  SOLAPUR",30,30
2105,Pune,Pune,62,2020-21,GNM,"Sevadham Trust A.S.M.T. SON, MAVAL, PUNE,",20,16
2106,Pune,Solapur,64,2020-21,GNM,"SHIVAJI SHIKSHAN PRASARAK MANDALS, SON, BARSHI, SOLAPUR",20,20
2107,Pune,Pune,65,2020-21,GNM,"ANAND MEDICAL FOUNDATION, SON, KURULI, KHED, PUNE",20,20
2108,Pune,Sangli,66,2020-21,GNM,"KAMAL INSTITUTE OF NURSING EDUCATION, JATH, SANGLI",20,19
2109,Pune,Sangli,72,2020-21,GNM,"UMA INST. OF NURSING EDUCATION, SANGLI",20,20
2110,Nashik,Ahilyanagar,73,2020-21,GNM,"SEVA NURSING SCHOOL, AHMEDNAGAR",80,80
2111,Pune,Kolhapur,74,2020-21,GNM,"KEDARI REDEKAR  NURSING SCHOOL, GADHINGLAJ, KOLHAPUR",20,20
2112,Pune,Satara,90,2020-21,GNM,"PHALTAN EDUCATION SOCIETY, SCHOOL OF NURSING, PHALTAN ,SATARA",80,78
2113,Nagpur,Wardha,101,2020-21,GNM,"FLORENCE NIGHTINGALE TRAINING COLLEGE OF NURSING,WARDHA.",100,100
2114,Amravati,Amravati,107,2020-21,GNM,"DIST.HOSPITAL FOR WOMEN , AMRAVATI",10,10
2115,Nagpur,Chandrapur,109,2020-21,GNM,"GENERAL HOSPITAL,CHANDRAPUR",30,19
2116,Nagpur,Bhandara,112,2020-21,GNM,"GENERAL HOSPITAL, BHANDARA",10,10
2117,Nagpur,Gadchiroli,113,2020-21,GNM,GENERAL HOSPITAL  GADCHIROLI,10,10
2118,Amravati,Yavatmal,115,2020-21,GNM,"HELEN ROSE SCHOOL OF NURSING UMRI, YAVATMAL",20,20
2119,Amravati,Amravati,116,2020-21,GNM,"MAA GAYATRI SCHOOL OF NURSING, ACHALPUR, AMRAVATI",40,40
2120,Amravati,Akola,118,2020-21,GNM,"INSTITUTE OF NURSING EDUCATION & RESEARCH, AKOLA",40,40
2121,Amravati,Yavatmal,119,2020-21,GNM,"SUMITRABAI THAKARE TRAINING COLLEGE OF NURSING, YAVATMAL",60,52
2122,Amravati,Akola,122,2020-21,GNM,"NATIONAL SCHOOL OF NURSING , AKOLA",20,20
2123,Nagpur,Nagpur,123,2020-21,GNM,"TIRPUDE NURSING TRAINING SCHOOL, NAGPUR",40,40
2124,Amravati,Washim,124,2020-21,GNM,"MAA GANGA NURSING SCHOOL, WASHIM",40,37
2125,Nagpur,Bhandara,126,2020-21,GNM,"SMT. K. N. PATEL  SCHOOL OF NURSING, BHANDARA",40,40
2126,Nagpur,Chandrapur,131,2020-21,GNM,"PRABHADEVI SCHOOL OF NURSING, CHANDRAPUR",20,20
2127,Amravati,Yavatmal,136,2020-21,GNM,"MUNGASAJI MAHARAJ NURSING SCHOOL, YAVATMAL",60,60
2128,Amravati,Yavatmal,138,2020-21,GNM,DR. ARCHANATAI GADE PATIL SCHOOL OF NURSING LOHARA YAVATMAL,40,40
2129,Amravati,Amravati,146,2020-21,GNM,DR. PANJABRAO DESHMUKH INST. OF NSG. AMRAVATI,50,50
2130,Nagpur,Wardha,149,2020-21,GNM,"SHALOM SCHOOL OF NURSING, WARDHA",20,20
2131,Nagpur,Wardha,151,2020-21,GNM,"KASABAI SCHOOL OF NURSING, SEVAGRAM,WARDHA",20,20
2132,Chh. Sambhaji Nagar,Nanded,158,2020-21,GNM,"SHRI GURU GOVINDSINGHJI MEMORIAL HOSPITAL, SON, NANDED",50,20
2133,Chh. Sambhaji Nagar,Dharashiv,161,2020-21,GNM,"GENERAL HOSPITAL, SON, OSMANABAD",20,20
2134,Chh. Sambhaji Nagar,Beed,164,2020-21,GNM,"VITHAI HOSPITAL AND RESEARCH CENTRE, SON, BEED",40,40
2135,Chh. Sambhaji Nagar,Chh. Sambhaji Nagar,168,2020-21,GNM,"SHRI DHANESHWARI MANAV VIKAS MANDAL,  AURANGABAD",20,20
2136,Chh. Sambhaji Nagar,Jalna,169,2020-21,GNM,"SHRI SAI  INSTITUE OF NURSING, JALNA",20,20
2137,Chh. Sambhaji Nagar,Parbhani,170,2020-21,GNM,"MAULI INSTITUTE OF NURSING, PARBHANI",40,40
2138,Konkan,Mumbai City,175,2020-21,GNM,"G.T. HOSPITAL, MUMBAI",25,25
2139,Konkan,Mumbai City,177,2020-21,GNM,"ST. GEORGES HOSPITAL, MUMBAI",20,20
2140,Konkan,Mumbai City,178,2020-21,GNM,"B.Y.L.NAIR CHA. HOSP, MUMBAI",100,100
2141,Konkan,Mumbai City,179,2020-21,GNM,"K.E.M. HOSPITAL , MUMBAI",100,98
2142,Konkan,Mumbai Suburban,180,2020-21,GNM,"L.T.M.G.HOSPITAL, SION, MUMBAI",100,98
2143,Konkan,Mumbai City,181,2020-21,GNM,"M.G.M.HOSPITAL, PAREL , MUMBAI",20,20
2144,Konkan,Mumbai City,182,2020-21,GNM,"B.D.P. PARSEE GEN. HOSP.,MUMBAI",20,0
2145,Konkan,Mumbai Suburban,186,2020-21,GNM,"HARILAL BHAGWATI MUNCIPAL GEN.HOSPITAL, SON, BORIVALI , MUMBAI",20,20
2146,Konkan,Mumbai City,187,2020-21,GNM,"DR.R.N.COOPER HOSPITAL, SON, MUMBAI",30,29
2147,Konkan,Mumbai City,188,2020-21,GNM,"K.J.SOMAIYA HOSPITAL  RES. CENTRE, SON, SION , MUMBAI",40,39
2148,Konkan,Mumbai Suburban,189,2020-21,GNM,"HOLY SPIRIT HOSPITAL , ANDHERI , MUMBAI",30,30
2149,Konkan,Mumbai Suburban,191,2020-21,GNM,"GURU NANAK HOSPITAL, SON, BANDRA , MUMBAI",20,20
2150,Konkan,Mumbai Suburban,192,2020-21,GNM,"HOLY FAMILY INSTITUTE OF NURSING EDU., KURLA, MUMBAI",30,29
2151,Konkan,Thane,193,2020-21,GNM,"SAU.MINATAI THAKARE INSTITUTE OF NURSING EDUCATION ,THANE",30,30
2152,Konkan,Thane,194,2020-21,GNM,"UDAY GER SCHOOL OF NURSING, VASAI, THANE",25,25
2153,Konkan,Raigarh,195,2020-21,GNM,"MGMS FLORENCE NIGHTINGALE INSTITUTE OF NSG EDU., NAVI MUMBAI",30,30
2154,Nashik,Nashik,196,2020-21,GNM,M.V.P.SAMAJS Institute of Nursing education,60,60
2155,Nashik,Nashik,197,2020-21,GNM,"GOKHALE EDUCATION SOCIETY , SON, VIDYANAGAR , NASIK",30,30
2156,Nashik,Dhule,198,2020-21,GNM,"JAWAHAR MED.FOUNDATION, SON , DHULE",20,20
2157,Konkan,Sindhudurg,199,2020-21,GNM,"MANAV SADHAN VIKAS SANSTHA, SON, KUDAL, SINDHUDURG",20,20
2158,Konkan,Thane,201,2020-21,GNM,"INSTITUTE  OF  NURSING  EDUCATION , DOMBIVALI",20,20
2159,Nashik,Nashik,203,2020-21,GNM,"GLOBAL HEALTH CARE INSTITUTE , COLLEGE OF NURSING , NASHIK",40,40
2160,Konkan,Thane,204,2020-21,GNM,"BHAKTI VEDANTA HOSPITAL , SCHOOL OF NURSING , MIRAROAD,THANE",20,20
2161,Konkan,Raigarh,205,2020-21,GNM,"YERALA MEDICAL TRUST & RESEARCH CENTRE, SCHOOL OF NURSING , KHARGHAR",60,59
2162,Nashik,Nashik,206,2020-21,GNM,"SAHYADRI SEVA SANSTHA , INSTITUTE OF NURSING , NASIK",40,40
2163,Nashik,Nandurbar,207,2020-21,GNM,"DEOMOGRA FOUNDATION TRUST , NANDURBAR",20,20
2164,Konkan,Raigarh,208,2020-21,GNM,"PRABHAKAR PATIL INSTITUTE OF NURSING EDUCATION, PEN",20,20
2165,Pune,Pune,210,2020-21,GNM,"K.E.M. HOSPITAL , PUNE",20,20
2166,Pune,Pune,211,2020-21,GNM,"POONA HOSPITAL  RESEARCH CENTRE, SON, PUNE",40,19
2167,Nashik,Ahilyanagar,212,2020-21,GNM,"E.BOOTH HOSPITAL, AHMEDNAGAR",20,20
2168,Nashik,Ahilyanagar,213,2020-21,GNM,"ST.LUKES HOSPITAL, SHRIRAMPUR,   AHMEDNAGAR",25,25
2169,Nashik,Ahilyanagar,214,2020-21,GNM,"PRAVARA MED. TRUST, COLLEGE OF NURSING, LONI, AHMEDNAGAR",100,100
2170,Pune,Satara,215,2020-21,GNM,"KRISHNA HOSPITAL  MEDICAL RESEARCH CENTER , KARAD, SATARA",60,59
2171,Pune,Sangli,216,2020-21,GNM,"WANLESS HOSPITAL COLLEGE OF NURSING, MIRAJ , DIST SANGLI",40,39
2172,Pune,Sangli,217,2020-21,GNM,"GENERAL HOSPITAL, SANGLI",20,20
2173,Pune,Solapur,218,2020-21,GNM,"GENERAL HOSPITAL, SOLAPUR",20,19
2174,Pune,Pune,220,2020-21,GNM,"DR. D.Y. PATIL INST OF NURSING EDU , PIMPRI ,PUNE",30,30
2175,Pune,Pune,221,2020-21,GNM,"BAKUL TAMBAT INSTITUTE OF NURSING EDUCATION, PUNE",60,60
2176,Pune,Pune,222,2020-21,GNM,"BHAUSAHEB SARDESAI SCHOOL OF NURSING , TALEGAON GENERAL HOSPITAL , PUNE",20,20
2177,Pune,Pune,223,2020-21,GNM,"BHARATI VIDYAPEETH COLLEGE OF NURSING , PUNE",50,49
2178,Nashik,Ahilyanagar,224,2020-21,GNM,"SHRI VIVEKANAND SCHOOL OF NURSING , RAHURI , AHMEDNAGAR",40,40
2179,Pune,Kolhapur,225,2020-21,GNM,"DR. D.Y.PATIL INSTITUTE OF NURSING EDUCATION , KOLHAPUR",30,30
2180,Pune,Pune,226,2020-21,GNM,"DWARIKA SANGAMNER INSTITUTE OF NURSING EDUCATION, PUNE",20,20
2181,Pune,Pune,227,2020-21,GNM,"N.M. WADIA HOSPITAL, SCHOOL OF NURSING, PUNE",20,19
2182,Pune,Sangli,228,2020-21,GNM,"LOKNETE RAJARAMBAPU PATIL , TRG. COLL. OF NURSING , ISLAMPUR, WALWA, SANGLI",30,30
2183,Pune,Sangli,230,2020-21,GNM,"KASEGAON EDUCATION SOCIETY, SCHOOL OF NURSING, ISLAMPUR, SANGLI",60,59
2184,Pune,Pune,231,2020-21,GNM,"C Y DANGAT PATIL SHIKSHAN AND KRIDA MANDAL, SCHOOL OF NURSING , PUNE",20,20
2185,Pune,Pune,232,2020-21,GNM,"GIRIRAJ SCHOOL OF NURSING , BARAMATI",30,30
2186,Pune,Satara,233,2020-21,GNM,"LATE NARAYANDAS BHAWANGDAS CHHABADA TRAINING COLLEGE OF NURSING, SATARA",30,25
2187,Nashik,Ahilyanagar,234,2020-21,GNM,"ANAND RISHIJI HOSPITAL  MEDICA RES CENTRE, SON, AHMEDNAGAR",40,38
2188,Nashik,Ahilyanagar,235,2020-21,GNM,"PAD DR. V. VIKHE PATIL INSTITUTE OF NURSING EDUCATION, AHMEDNAGAR",80,80
2189,Pune,Sangli,236,2020-21,GNM,"MARY BHORE GENERAL NURSING SCHOOL , MIRAJ",20,18
2190,Pune,Sangli,238,2020-21,GNM,"GULABRAO PATIL INSTITUTE OF NURSING SCIENCES, MIRAJ, SANGLI",40,40
2191,Pune,Pune,239,2020-21,GNM,"SUSHRUSHA NURSING SCHOOL, DAUND , PUNE",30,30
2192,Pune,Satara,240,2020-21,GNM,"W.F.P.M., SCHOOL OF NURSING,  WAI, SATARA",30,29
2193,Pune,Solapur,241,2020-21,GNM,"SAHARA INSTITUTE OF NURSING EDUCATION, AKLUJ , SOLAPUR",20,20
2194,Nagpur,Nagpur,244,2020-21,GNM,"INDIRA GANDHI MEDICAL COLLEGE & HOSPITAL, NAGPUR",40,27
2195,Nagpur,Nagpur,245,2020-21,GNM,"MURE MEMORIAL HOSPITAL SCHOOL OF NURSING, NAGPUR",30,29
2196,Nagpur,Nagpur,246,2020-21,GNM,"MADHURIBAI DESHMUKH INST.OF NSG.EDU., NAGPUR",100,100
2197,Nagpur,Wardha,247,2020-21,GNM,"KASTURBA HEALTH SOCIETY, SEVAGRAM, WARDHA",40,39
2198,Amravati,Amravati,248,2020-21,GNM,"GENERAL HOSPITAL, AMRAVATI",20,19
2199,Amravati,Akola,249,2020-21,GNM,"GENERAL  HOSPITAL, AKOLA",40,20
2200,Nagpur,Nagpur,251,2020-21,GNM,"SURETECH COLLEGE OF NURSING, NAGPUR",40,40
2201,Nagpur,Gadchiroli,253,2020-21,GNM,"DR. SALVE NURSING INSTITUTE  COLLEGE , GADCHIROLI",60,28
2202,Amravati,Buldana,254,2020-21,GNM,"MOTHER TERESA SCHOOL OF NURSING , BULDANA",20,20
2203,Amravati,Yavatmal,255,2020-21,GNM,"SAKSHI DESHMUKH INST OF NURSING , LOHARA , YAVATMAL",40,40
2204,Amravati,Yavatmal,256,2020-21,GNM,"PRUTHVIRAJ DESHMUKH NURSING INSTITUTE, LOHARA, YAVATMAL",20,20
2205,Chh. Sambhaji Nagar,Chh. Sambhaji Nagar,259,2020-21,GNM,"MAHATMA GANDHI MISSION INSTITUTE OF NURSING EDUCATION, AURANGABAD",100,100
2206,Chh. Sambhaji Nagar,Jalna,260,2020-21,GNM,"JALNA MISSION HOSPITAL, JALNA",20,18
2207,Chh. Sambhaji Nagar,Latur,262,2020-21,GNM,"GENERAL HOSPITAL, LATUR",20,20
2208,Chh. Sambhaji Nagar,Beed,263,2020-21,GNM,"SHRI SWAMI VIVEKANAND SCHOOL OF NURSING, BEED",20,20
2209,Chh. Sambhaji Nagar,Latur,264,2020-21,GNM,"SANT TUKARAM INSTITUTE OF NURSING EDUCATION, AHMEDPUR, LATUR",30,30
2210,Chh. Sambhaji Nagar,Parbhani,265,2020-21,GNM,"INSTITUTE OF NURSING, PARBHANI",20,20
2211,Nagpur,Nagpur,267,2020-21,GNM,"ASHARAM SCHOOL OF NURSING , NAGPUR",20,20
2212,Chh. Sambhaji Nagar,Dharashiv,271,2020-21,GNM,"INDIRA GANDHI NURSING SCHOOL, OSMANABAD",30,30
2213,Nashik,Ahilyanagar,278,2020-21,GNM,"PARVATIBAI MHASKE INSTITUTE OF NURSING, AHMEDNAGAR",60,60
2214,Konkan,Ratnagiri,281,2020-21,GNM,"SAMARTH INSTITUTE OF NURSING EDUCATION, DERVAN",20,20
2215,Nashik,Ahilyanagar,282,2020-21,GNM,"MAHARASHTRA HOMOEOPATHIC FOUNDATION'S SCHOOL OF NURSING , PATHAR ,  AHMEDNAGAR",80,80
2216,Chh. Sambhaji Nagar,Jalna,283,2020-21,GNM,"VASANTRAO NAIK SHIKSHAN PRASARAK MANDAL, JALNA",40,40
2217,Amravati,Buldana,300,2020-21,GNM,"ANANDI NURSING INSTITUTE  COLLEGE , BULDANA",20,20
2218,Pune,Satara,303,2020-21,GNM,"APARNA INST. OF NURSING EDUCATION , KARAD",30,27
2219,Chh. Sambhaji Nagar,Beed,308,2020-21,GNM,"YASHWANT NURSING SCHOOL, ASHTI, BEED",20,20
2220,Pune,Pune,318,2020-21,GNM,"SHARDABAI PAWAR INSTITUTE OF NURSING, PUNE",20,19
2221,Nashik,Jalgaon,323,2020-21,GNM,"GODAVARI COLLEGE OF  NURSING , JALGAON",100,100
2222,Nagpur,Wardha,331,2020-21,GNM,SARASWATI NURSING SCHOOL GUNJKHEDA WARDHA,20,20
2223,Chh. Sambhaji Nagar,Latur,335,2020-21,GNM,"G.B .PATIL SCHOOL OF NURSING, UDGIR, LATUR",20,20
2224,Chh. Sambhaji Nagar,Latur,336,2020-21,GNM,"SHRI BHAGWAN NURSING SCHOOL, LATUR",20,20
2225,Nashik,Ahilyanagar,342,2020-21,GNM,"SAI NURSING INSTITUTE , RAHATA, AHMEDNAGAR",20,18
2226,Chh. Sambhaji Nagar,Latur,351,2020-21,GNM,"MAHARASHTRA COLLEGE OF NURSING, KAVA, LATUR",25,25
2227,Konkan,Ratnagiri,352,2020-21,GNM,M.E.S SCHOOL OF NURSING KHED RATNAGIRI,40,40
2228,Chh. Sambhaji Nagar,Latur,356,2020-21,GNM,"NAVJEEVAN CHARITABLE TRUST, LATUR",20,20
2229,Nagpur,Gadchiroli,360,2020-21,GNM,"NAVJEEVAN NURSING SCHOOL, CHAMORSHI, GADCHIROLI",20,20
2230,Konkan,Sindhudurg,362,2020-21,GNM,"BR. NATH PAI INSTITUTE OF NURSING, PINGULI, SINDHUDURGA",60,26
2231,Nagpur,Bhandara,378,2020-21,GNM,"POOJA NURSING INSTITUTE , BHANDARA",40,40
2232,Pune,Pune,393,2020-21,GNM,"JAY INSTITUTE OF NURSING , INDAPUR , PUNE",60,59
2233,Konkan,Sindhudurg,400,2020-21,GNM,"GENERAL HOSPITAL,  SINDHUDURG",20,16
2234,Chh. Sambhaji Nagar,Beed,401,2020-21,GNM,"VAIDYANATH NURSING SCHOOL, ,PARALI-VAIJNATH, BEED",50,50
2235,Chh. Sambhaji Nagar,Latur,408,2020-21,GNM,"MAHARASHTRA INSTITUTE OF MED. SCI & RE. NSG, LATUR",20,20
2236,Amravati,Yavatmal,410,2020-21,GNM,"SHRI VINAYAKRAOBAPU DESHMUKH NURSING SCHOOL , SAWARGAON , YAVATMAL",60,60
2237,Chh. Sambhaji Nagar,Beed,412,2020-21,GNM,"JIJAMATA SCHOOL OF NURSING, MAJALGAON, BEED",20,20
2238,Chh. Sambhaji Nagar,Chh. Sambhaji Nagar,415,2020-21,GNM,"AURANGABAD NURSING SCHOOL, BHALGAON, AURANGABAD",40,40
2239,Pune,Kolhapur,428,2020-21,GNM,"SHRI BHAIRAVNATH NURSING SCHOOL , ICHALKARANJI  , KOLHAPUR",20,20
2240,Pune,Pune,430,2020-21,GNM,"GURURAJ SCHOOL OF NURSING , PUNE",20,19
2241,Konkan,Raigarh,444,2020-21,GNM,"DR. D. Y. PATIL INSTITUTE OF NURSING EDUCATION, NAVI MUMBAI",20,20
2242,Chh. Sambhaji Nagar,Jalna,446,2020-21,GNM,"GENERAL HOSPITAL, JALANA",10,10
2243,Chh. Sambhaji Nagar,Parbhani,477,2020-21,GNM,"BELESHWAR INSTITUTE OF NURSING, PARBHANI",30,30
2244,Konkan,Thane,484,2020-21,GNM,"NAVJEEVAN SCHOOL OF NURSING, SHAHAPUR, THANE",20,20
2245,Konkan,Raigarh,486,2020-21,GNM,"PRATIBHA SCHOOL OF NURSING, KOPERKHAIRANE, NAVI MUMBAI",70,70
2246,Chh. Sambhaji Nagar,Chh. Sambhaji Nagar,490,2020-21,GNM,"Manik Nursing School, Garkhed, Aurangabad",20,20
2247,Chh. Sambhaji Nagar,Latur,492,2020-21,GNM,"New Vision School of Nursing, Latur",60,60
2248,Chh. Sambhaji Nagar,Beed,493,2020-21,GNM,MAULI NURSING SCHOOL BARSHI ROAD BEED,30,30
2249,Chh. Sambhaji Nagar,Beed,495,2020-21,GNM,"ANKITA DOUND INSTITUTE OF NURSING SCHOOL, AMBAJOGAI, BEED",20,20
2250,Pune,Sangli,501,2020-21,GNM,"CHINGUAAI INSTITUTE OF NURSING EDUCATION, KAVATHE MAHANKAL, SANGLI",20,20
2251,Nashik,Ahilyanagar,506,2020-21,GNM,"KOPERGAON TALUKA VIDYARTHI SAHAYYAK SCHOOL OF NURSING,KOPERGAON",20,20
2252,Nashik,Ahilyanagar,524,2020-21,GNM,"SHREE SAI NURSING SCHOOL, JAMKHED, AHMEDNAGAR",60,60
2253,Nashik,Nashik,541,2020-21,GNM,"KALWAN NURSING SCHOOL, KALWAN, NASHIK",20,20
2254,Nashik,Nashik,542,2020-21,GNM,"DINDORI SCHOOL OF NURSING, DINDORI, NASHIK",20,20
2255,Nashik,Nashik,543,2020-21,GNM,"YEOLA SCHOOL OF NURSING, YEOLA, NASHIK",30,30
2256,Chh. Sambhaji Nagar,Chh. Sambhaji Nagar,545,2020-21,GNM,"Yeshwant Institute of Nursing, Paithan Road, Aurangabad",20,20
2257,Chh. Sambhaji Nagar,Latur,546,2020-21,GNM,"SWAMI VIVEKANAND SHIKSHAN PRASARAK MANDAL, UDGIR, LATUR",20,20
2258,Nagpur,Gondia,552,2020-21,GNM,"S. CHANDRA SCHOOL OF NURSING, ARJUNI GONDIA",20,20
2259,Pune,Solapur,562,2020-21,GNM,"YASHODHARA NURSING INSTITUTE, SOLAPUR",20,18
2260,Chh. Sambhaji Nagar,Beed,564,2020-21,GNM,"Late Ranghunathraoji Kendre Nursing School, Vaijnath, Beed",20,20
2261,Amravati,Akola,568,2020-21,GNM,"MAHARSHI WALMIKI INSTITUTE OF NURSING MALKAPUR,AKOLA",20,20
2262,Pune,Kolhapur,582,2020-21,GNM,"SANT GAJANAN MAHARAJ SCHOOL OF NURSING, CHINCHEWADI, GADHINGLAJ, KOLHAPUR",20,20
2263,Konkan,Palghar,587,2020-21,GNM,"SHREE GAJANAN MAHARAJ COLLEGE OF  NURSING AND RESEARCH CENTER JAWHAR, PALGHAR",30,30
2264,Nashik,Nashik,592,2020-21,GNM,"SAI CARE NURSING SCHOOL, NASHIK",30,30
2265,Nashik,Nashik,593,2020-21,GNM,"JIJAMATA NURSING SCHOOL, MALEGAON, NASHIK",20,20
2266,Konkan,Raigarh,595,2020-21,GNM,"D. D. VISPUTE SCHOOL OF NURSING, PANVEL, RAIGAD",20,19
2267,Nashik,Nashik,597,2020-21,GNM,"RAJEEV GANDHI GNM NURSING COLLEGE, SINNAR, NASHIK",20,20
2268,Nashik,Ahilyanagar,604,2020-21,GNM,"MANGALA NURSING SCHOOL, AHMEDNAGAR",40,40
2269,Pune,Kolhapur,606,2020-21,GNM,"LATE SOU ROSHANBI SHAMANJI NURSING SCHOOL, GADHINGLAJ, KOLHAPUR",20,19
2270,Nashik,Ahilyanagar,608,2020-21,GNM,"ABHINAV NURSING SCHOOL, AHMEDNAGAR",60,47
2271,Pune,Sangli,623,2020-21,GNM,"KEDARNATH NURSING SCHOOL, ISLAMPUR, SANGLI",60,60
2272,Nashik,Ahilyanagar,625,2020-21,GNM,"SHRUTI NURSING SCHOOL, SHRIRAMPUR, AHMEDNAGAR",30,30
2273,Nashik,Ahilyanagar,629,2020-21,GNM,"LATE BHAU DAJI PATIL DESHMUKH GRAMIN VIKAS PRATISHTHAN'S RANM SCHOOL, AHMEDNAGAR",20,19
2274,Nashik,Ahilyanagar,634,2020-21,GNM,"JIJAMATA NURSING SCHOOL, SHEVGAON, AHMEDNAGAR",20,19
2275,Pune,Solapur,636,2020-21,GNM,"VIJAYSINH MOHITE PATIL SCHOOL OF NURSING, MALSHIRAS, SOLAPUR",30,30
2276,Pune,Pune,637,2020-21,GNM,"LATE UDHAVRAO TULSHIRAM JADHAVAR FOUNDATIONS INSTITUTE OF NURSING, PUNE",30,30
2277,Pune,Solapur,638,2020-21,GNM,"SARDARBI INSTITUTE OF NURSING EDUCATION, MOHOL, SOLAPUR",20,20
2278,Nashik,Ahilyanagar,647,2020-21,GNM,"SIDDHAKALA SCHOOL OF NURSING, SANGAMNER, AHMEDNAGAR",40,40
2279,Pune,Pune,650,2020-21,GNM,"YASH INSTITUTE OF NURSING  PARAMEDICAL SCIENCES, INDAPUR, PUNE",20,20
2280,Amravati,Amravati,656,2020-21,GNM,"SARASWATI INSTITUTE OF NURSING SCIENCES AND RESEARCH, AMRAVATI",40,40
2281,Nagpur,Chandrapur,664,2020-21,GNM,"MOTHER TERESA NURSING ACADAMY, BALLARPUR, CHANDRAPUR",20,19
2282,Nagpur,Gadchiroli,672,2020-21,GNM,"SHRI SAI SCHOOL OF NURSING, ARMORI, GADCHIROLI",40,40
2283,Nagpur,Bhandara,679,2020-21,GNM,"AROMIRA SCHOOL OF NURSING, BHANDARA",20,20
2284,Chh. Sambhaji Nagar,Beed,693,2020-21,GNM,"KAMAL NURSING INSTITUTE, KAIJ, BEED",20,20
2285,Chh. Sambhaji Nagar,Chh. Sambhaji Nagar,694,2020-21,GNM,"SHRI GORAKSHA NURSING SCHOOL, PHULAMBRI, AURANGABAD",20,20
2286,Chh. Sambhaji Nagar,Latur,696,2020-21,GNM,"JIJAMATA NURSING SCHOOL, LATUR",20,20
2287,Chh. Sambhaji Nagar,Parbhani,705,2020-21,GNM,"INDIRA GANDHI A.N.M. NURSING SCHOOL, PARBHANI",20,20
2288,Chh. Sambhaji Nagar,Chh. Sambhaji Nagar,707,2020-21,GNM,"DR. DAHIPHALE MEDICAL FOUNDATION TRUST'S SCHOOL OF NURSING, AURANGABAD",20,20
2289,Chh. Sambhaji Nagar,Nanded,717,2020-21,GNM,"GOVINDRAO PAUL NURSING SCHOOL, NANDED",30,30
2290,Chh. Sambhaji Nagar,Hingoli,755,2020-21,GNM,"YESHWANT INSTITUTE OF NURSING SCHOOL, HINGOLI",20,20
2291,Chh. Sambhaji Nagar,Nanded,763,2020-21,GNM,"MOTHER TERESA NURSING SCHOOL, NANDED",30,28
2292,Chh. Sambhaji Nagar,Dharashiv,777,2020-21,GNM,"K.T. PATIL SCHOOL OF  NURSING, OSMANABAD",20,20
2293,Pune,Satara,807,2020-21,GNM,"RAJMATA NURSING SCHOOL, SATARA",80,76
2294,Chh. Sambhaji Nagar,Hingoli,829,2020-21,GNM,"Ananditai Bengal Nursing School, Sengaon, Hingoli",20,20
2295,Chh. Sambhaji Nagar,Latur,831,2020-21,GNM,"RAJGURU SCHOOL OF NURSING, UDGIR, LATUR",20,20
2296,Chh. Sambhaji Nagar,Nanded,832,2020-21,GNM,"Akshay Nursing School, Nanded",20,20
2297,Nashik,Dhule,852,2020-21,GNM,"SAROJINI SCHOOL OF NURSING, DHULE",30,27
2298,Konkan,Thane,853,2020-21,GNM,"ANUSAYA NURSING COLLEGE, DAHANU, THANE",20,0
2299,Konkan,Thane,859,2020-21,GNM,SGSPSS SHRI JAYRAMSETH CHAUDHARI SON MURBAD THANE,30,30
2300,Nashik,Nashik,863,2020-21,GNM,"Tuljabhavani Adiwashi Shikshan Krida  Nursing Institute, Surgana, Nashik",30,30
2301,Nashik,Nandurbar,864,2020-21,GNM,"Angel Nursing School, nandurbar",20,20
2302,Nashik,Nashik,865,2020-21,GNM,"M.A.D.SCHOOL OF NURSING, YEOLA, NASHIK",20,20
2303,Nashik,Nashik,867,2020-21,GNM,"LATE BHIKAJI DARADE SCHOOL OF NURSING YEOLA, NASHIK",20,20
2304,Konkan,Ratnagiri,870,2020-21,GNM,"The Yash Foundations College of  Nursing  Medical Research Institute, Ratnagiri",30,30
2305,Nashik,Nashik,871,2020-21,GNM,JAGADAMBA SCHOOL OF NURSING YEOLA NASHIK,20,20
2306,Nashik,Ahilyanagar,878,2020-21,GNM,VIJAYA SCHOOL OF NURSING PARNER AHMEDNAGAR,30,28
2307,Pune,Pune,879,2020-21,GNM,PIMPRI NURSING SCHOOL CHINCHWAD PUNE,30,30
2308,Nashik,Ahilyanagar,880,2020-21,GNM,"Praytna Nursing College, Ahmednagar",40,40
2309,Nashik,Ahilyanagar,884,2020-21,GNM,"Sant Eknath Institute of Nursing, Shevgaon, Ahmednagar",20,20
2310,Pune,Kolhapur,888,2020-21,GNM,"YASHWANT NURSING INSTITUTE, KODOLI PANHALA KOLHAPUR",20,20
2311,Nashik,Ahilyanagar,889,2020-21,GNM,"Swami Samarth Nursing College, Kolpewadi, Ahmednagar",40,40
2312,Nashik,Ahilyanagar,896,2020-21,GNM,"Jijamata Nursing School, Newasa, Ahmednagar",20,20
2313,Pune,Pune,898,2020-21,GNM,"Dhareshwar Institute of Nursing, Pune",40,40
2314,Nashik,Ahilyanagar,902,2020-21,GNM,"Vamanrao Ithape RGNM School, Sangamner, Ahmednagar",40,40
2315,Pune,Pune,903,2020-21,GNM,"Rajmata Jijau Shikshan Prasarak Mandal School of Nursing, Pune",20,20
2316,Pune,Pune,905,2020-21,GNM,SNEHAL GNM INSTITUTE OF NURSING PUNE,20,20
2317,Pune,Kolhapur,906,2020-21,GNM,"APEX NURSING SCHOOL KARVIR, KOLHAPUR",20,20
2318,Amravati,Buldana,919,2020-21,GNM,VASANTPRABHA SCHOOL OF NURSING BULDHANA,20,20
2319,Nagpur,Nagpur,920,2020-21,GNM,CENTRAL INDIA NURSING COLLEGE NAGPUR,20,20
2320,Amravati,Buldana,921,2020-21,GNM,ONENESS SCHOOL OF NURSING BULDHANA,20,20
2321,Nagpur,Chandrapur,923,2020-21,GNM,"St.Paul Nursing College, Ballarpur, Chandrapur",20,20
2322,Nagpur,Nagpur,924,2020-21,GNM,"Shree Sai School of Nursing, Umrer, Nagpur",20,20
2323,Amravati,Buldana,926,2020-21,GNM,"Late.Vijay Makhamale Institute of RGNM School, Buldhana",20,20
2324,Amravati,Akola,928,2020-21,GNM,SAVITRIBAI FULE SCHOOL OF NURSING AKOLA,60,56
2325,Nagpur,Chandrapur,929,2020-21,GNM,"Meerabai Kamble College of Nursing, Chandrapur",20,20
2326,Amravati,Washim,930,2020-21,GNM,"Mother Teresa College of Nursing, Washim",70,70
2327,Nagpur,Bhandara,935,2020-21,GNM,"Spandan Nursing School, Pauni, Bhandara",20,19
2328,Amravati,Washim,936,2020-21,GNM,SAVITRIBAI PHULE INSTITUTE OF NURSING WASHIM,30,30
2329,Nagpur,Gondia,937,2020-21,GNM,"RADHABAI BAHEKAR SCHOOL OF NURSING,  GONDIA.",20,20
2330,Chh. Sambhaji Nagar,Beed,939,2020-21,GNM,"District Hospital, Beed",60,20
2331,Chh. Sambhaji Nagar,Chh. Sambhaji Nagar,942,2020-21,GNM,"Aurangabad Training School of Nursing,Shivajinagar, Aurangabad",40,40
2332,Chh. Sambhaji Nagar,Hingoli,949,2020-21,GNM,LATE DATTARAO HAIBATRAO THORAT NURSING SCHOOL HINGOLI,40,40
2333,Chh. Sambhaji Nagar,Latur,950,2020-21,GNM,"Arman Nursing School, Latur",20,20
2334,Chh. Sambhaji Nagar,Dharashiv,957,2020-21,GNM,Dr. SHIVAJIRAO GHOGARE NURSING SCHOOL OSMANABAD,40,40
2335,Chh. Sambhaji Nagar,Dharashiv,958,2020-21,GNM,AASTHA SCHOOL OF NURSING OSMANABAD,20,19
2336,Chh. Sambhaji Nagar,Dharashiv,959,2020-21,GNM,NAVIN NURSING SCHOOL OSMANABAD,20,20
2337,Chh. Sambhaji Nagar,Latur,960,2020-21,GNM,"VEDANT RGNM NURSING SCHOOL, LATUR",40,40
2338,Chh. Sambhaji Nagar,Beed,965,2020-21,GNM,"LOKSEVA NURSING SCHOOL, BEED",20,20
2339,Chh. Sambhaji Nagar,Latur,966,2020-21,GNM,"Sharada Institute of Nursing, Latur",80,80
2340,Chh. Sambhaji Nagar,Nanded,970,2020-21,GNM,"Shivaprasad Nursing Institute, Mukhed, Nanded",30,30
2341,Chh. Sambhaji Nagar,Nanded,971,2020-21,GNM,"Marathwada Nursing School, Nanded",20,20
2342,Chh. Sambhaji Nagar,Latur,973,2020-21,GNM,"FLORENCE SCHOOL OF NURSING, LATUR",20,20
2343,Chh. Sambhaji Nagar,Beed,974,2020-21,GNM,"LATE PRAMODJI MAHAJAN GNM SCHOOL OF NURSING, AMBAJOGAI.  BEED",20,20
2344,Chh. Sambhaji Nagar,Beed,978,2020-21,GNM,RENUKA NURSING SCHOOL KAIJ BEED,30,30
2345,Chh. Sambhaji Nagar,Latur,982,2020-21,GNM,RAJIV GANDHI RGNM NURSING SCHOOL UDGIR LATUR,20,20
2346,Chh. Sambhaji Nagar,Nanded,983,2020-21,GNM,"DAGDOJIRAO PATIL RGNM NURSING SCHOOL HADGAON, NANDED",20,20
2347,Chh. Sambhaji Nagar,Latur,985,2020-21,GNM,"KASTURABAI NURSING SCHOOL, UDGIR, LATUR",20,20
2348,Chh. Sambhaji Nagar,Parbhani,986,2020-21,GNM,"Late. Tulsabai Sapanrao Patil Institute of Nursing Education, Parbhani",20,20
2349,Chh. Sambhaji Nagar,Jalna,988,2020-21,GNM,"Arjun School of Nursing, Jalna",20,19
2350,Chh. Sambhaji Nagar,Jalna,990,2020-21,GNM,JAI AMBE SCHOOL OF NURSING JALNA,30,30
2351,Chh. Sambhaji Nagar,Beed,993,2020-21,GNM,"GANGAA INSTITUTE OF MEDICAL SCIENCES, AMBAJOGAI, BEED",20,19
2352,Amravati,Akola,994,2020-21,GNM,"Mahatma Fule Nursing School, Akola",25,20
2353,Chh. Sambhaji Nagar,Chh. Sambhaji Nagar,995,2020-21,GNM,"PADMAVATI NURSING SCHOOL, AURANGABAD",20,19
2354,Chh. Sambhaji Nagar,Beed,996,2020-21,GNM,"OM NURSING SCHOOL, BEED",20,20
2355,Chh. Sambhaji Nagar,Parbhani,998,2020-21,GNM,"APURVA NURSING INSTITUTE, PARBHANI",20,20
2356,Nashik,Nandurbar,1010,2020-21,GNM,"AAISAHEB JAYABAI G.N.M NURSING, PATHRAI, NANDURBAR",20,20
2357,Amravati,Akola,1020,2020-21,GNM,"ANGEL OF MERCY INSTITUTE OF NURSING,  AKOLA",20,20
2358,Chh. Sambhaji Nagar,Parbhani,1021,2020-21,GNM,"GENERAL HOSPITAL, PARBHANI",20,20
2359,Nagpur,Gondia,1025,2020-21,GNM,"K.T.S. GENERAL HOSPITAL, GONDIA",20,19
2360,Chh. Sambhaji Nagar,Nanded,1042,2020-21,GNM,"SHRI GURURGOVIND SINGHJI MEMORIAL SCHOOL OF NURSING, ARDHAPUR, NANDED",20,20
2361,Chh. Sambhaji Nagar,Beed,1048,2020-21,GNM,"PRAJAKTA NURSING SCHOOL, PARLI, BEED",20,20
2362,Amravati,Washim,1050,2020-21,GNM,"GENERAL HOSPITAL, WASHIM",10,10
2363,Pune,Kolhapur,1087,2020-21,GNM,"Dr. Deepak Patil Nursing Institute, Panhala ,Kolhapur",50,50
2364,Chh. Sambhaji Nagar,Beed,1094,2020-21,GNM,"S.R.T.R. Govt. Med. College  Hospital, Ambejogai",20,20
2365,Nashik,Nashik,1099,2020-21,GNM,"Training college of Nursing, general hospital malegaon nashik",20,20
2366,Chh. Sambhaji Nagar,Nanded,1100,2020-21,GNM,New Rajmata Jijau RGNM Nursing School,20,20
2367,Nashik,Nandurbar,1101,2020-21,GNM,"GENERAL HOSPITAL, NANDURBAR",10,10
2368,Chh. Sambhaji Nagar,Hingoli,1103,2020-21,GNM,"GENERAL HOSPITAL, HINGOLI",10,10
2369,Nagpur,Wardha,1107,2020-21,GNM,"Shalinitai Meghe College of Nursing, Salod(Hirapur), Wardha",60,60
2370,Nagpur,Nagpur,1108,2020-21,GNM,"Datta Meghe College of Nursing, Wandongari, Nagpur",60,60
2371,Nagpur,Bhandara,1109,2020-21,GNM,"Smt. Shalinitai Meghe College of Nursing & Hospital, Bhilewada, Bhandara",60,60
2372,Nagpur,Nagpur,1110,2020-21,GNM,"Shri K.R.Pandav College of Nursing and Hospital, Nagpur",60,60
2373,Chh. Sambhaji Nagar,Latur,1111,2020-21,GNM,"DAGDOJIRAO PATIL NURSING SCHOOL, JALKOT, LATUR",40,40
2374,Nashik,Dhule,1112,2020-21,GNM,"TCN Shri Bhausaheb Hire Government Medical College & Sarvopachar Rugnalaya, Dhule",20,20
2375,Chh. Sambhaji Nagar,Latur,1114,2020-21,GNM,"KSPM's Jijamata Nursing School, Latur",100,100
2376,Amravati,Washim,1116,2020-21,GNM,"Shivshakti Nursing Institute, Kota, Washim",50,44
2377,Konkan,Palghar,1117,2020-21,GNM,"Shantai Nursing School, Palghar",80,80
2378,Amravati,Akola,1118,2020-21,GNM,"Shree Samarth Nursing College, Balapur, Akola",50,45
2379,Chh. Sambhaji Nagar,Nanded,1119,2020-21,GNM,"Nandigram Nursing College, Nanded",50,50
2380,Konkan,Mumbai City,1,2021-22,ANM,"CAMA  ALBLESS HOSPITAL , MUMBAI",20,20
2381,Konkan,Mumbai City,2,2021-22,ANM,"AKI INSTITUTE OF NURSING, NAGPADA, MUMBAI",20,18
2382,Konkan,Mumbai City,3,2021-22,ANM,"SMT. S. C. NANAVATI OF POLYTECHNIC SCHOOL OF NURSING, MUMBAI",40,40
2383,Konkan,Thane,4,2021-22,ANM,"V. S. GENERAL HOSPITAL, THANE",20,19
2384,Konkan,Raigarh,5,2021-22,ANM,"WOMENS INDIA TRUST, PANVEL",20,20
2385,Konkan,Raigarh,6,2021-22,ANM,"GENERAL HOSPITAL,  ALIBAG",20,17
2386,Konkan,Ratnagiri,7,2021-22,ANM,"GENERAL HOSPITAL, RATNAGIRI",20,19
2387,Nashik,Nashik,8,2021-22,ANM,"GENERAL HOSPITAL, NASIK",20,18
2388,Nashik,Dhule,9,2021-22,ANM,"GENERAL HOSPITAL,  DHULE",20,20
2389,Nashik,Jalgaon,10,2021-22,ANM,"GENERAL HOSPITAL,  JALGAON",20,19
2390,Nashik,Nashik,12,2021-22,ANM,GANPATRAO ADKE INE.  NASIK,20,20
2391,Nashik,Nashik,13,2021-22,ANM,"NASIK MEDICO TRAINING COLLEGE OF NURSING, NASIK",40,18
2392,Konkan,Ratnagiri,14,2021-22,ANM,"RAMRAJE SCH. NSG, RCON DAPOLI, RATNAGIRI",20,20
2393,Konkan,Raigarh,16,2021-22,ANM,"NOOTAN SCHOOL OF NURSING, RAIGAD",30,29
2394,Nashik,Nashik,17,2021-22,ANM,"RACHANA SCHOOL OF NURSING, NASHIK",40,40
2395,Nashik,Nashik,18,2021-22,ANM,"S.N.D. SCHOOL OF NURSING, JES, YEOLA,  NASIK",60,54
2396,Nashik,Nandurbar,19,2021-22,ANM,"K.D. GAVIT NURSING SCHOOL, PATHRAI , NANDURBAR",20,16
2397,Nashik,Dhule,22,2021-22,ANM,RAJANI SMRUTI NSG SCH. DONDAICHA SHINDKHEDA DHULE,30,29
2398,Konkan,Raigarh,23,2021-22,ANM,"LIFE LINE HOSPITAL, PANVEL",20,19
2399,Konkan,Raigarh,26,2021-22,ANM,"KALAVATI INSTITUTE OF NURSING EDUCATION,  AIROLI NAVI MUMBAI",40,28
2400,Nashik,Jalgaon,27,2021-22,ANM,"BHAGINI MANDAL SCHOOL OF NURSING, CHOPDA , JALGAON",25,25
2401,Konkan,Ratnagiri,29,2021-22,ANM,"PARKAR MEDICAL FOUNDATION SCHOOL OF NURSING, RATNAGIRI",20,18
2402,Nashik,Nashik,30,2021-22,ANM,"KARUNA SCHOOL OF NURSING, MANMAD, NASHIK",30,30
2403,Nashik,Jalgaon,31,2021-22,ANM,"KHANDESH NURISNG INSTITUTE, CHALISGAON, JALGAON",20,12
2404,Nashik,Nashik,33,2021-22,ANM,"NAMCO SCHOOL OF NURSING, NASIK",30,30
2405,Konkan,Sindhudurg,35,2021-22,ANM,"SHREE ANANT SMRUTI SCHOOL OF NURSING, KASAL",20,5
2406,Konkan,Sindhudurg,36,2021-22,ANM,"IDEAL NURSING SCHOOL, KANKAVALI, SINDHUDURG",20,19
2407,Nashik,Nashik,37,2021-22,ANM,"VISHWASATTAYA SCHOOL OF NURSING, OZAR",30,12
2408,Nashik,Nashik,38,2021-22,ANM,"NASHIK NURSING SCHOOL, NASHIK",20,20
2409,Nashik,Ahilyanagar,39,2021-22,ANM,"GENERAL HOSPITAL,AHMEDNAGAR",20,11
2410,Pune,Satara,40,2021-22,ANM,"GENERAL HOSPITAL, SATARA",20,20
2411,Pune,Kolhapur,41,2021-22,ANM,"C.P.R. GENERAL HOSPITAL, KOLHAPUR",20,19
2412,Pune,Solapur,42,2021-22,ANM,"DHANRAJGIRIJI HOSPITAL,  SOLAPUR",20,0
2413,Pune,Pune,45,2021-22,ANM,"SETH TARACHAND R.C.A. SCH. OF NSG HOSPITAL, PUNE",20,19
2414,Pune,Pune,46,2021-22,ANM,"Maharashtra Arogya Mandal's Institute of Nursing Education,Malwadi,Hadapsar,Pune",40,39
2415,Pune,Pune,47,2021-22,ANM,"JANASEVA FOUNDATION SCH. OF NSG, PUNE",30,21
2416,Nashik,Ahilyanagar,48,2021-22,ANM,"F.J.F.M. HOSPITAL SCH OF NSG, NEWASA, DISTAHMEDNAGAR",30,25
2417,Nashik,Ahilyanagar,51,2021-22,ANM,KRANTI SCHOOL OF NURSING  AHMEDNAGAR,20,14
2418,Pune,Kolhapur,53,2021-22,ANM,"DR. J. J. MAGDUM SON, SHIROL, KOLHAPUR",20,18
2419,Pune,Solapur,56,2021-22,ANM,"BHAKTI MEDICAL FOUNDATION SCHOOL OF NURSING, SOLAPUR, PANDHARPUR",20,0
2420,Pune,Sangli,57,2021-22,ANM,"SAHAKARMAHARSHI VISHNUANNA PATIL NURSING SCHOOL, SANGLI",20,20
2421,Pune,Sangli,58,2021-22,ANM,"DESAI CHARITABLE TRUST TAL. MIRAJ, SANGLI",30,30
2422,Pune,Kolhapur,59,2021-22,ANM,"WESTERN MAHARASHTRA SCHOOL OF NURSING, TILWANI, KOLHAPUR",20,20
2423,Pune,Sangli,60,2021-22,ANM,"ABHINAV SCHOOL OF NURSING ASHTA, WALWA, SANGLI",30,30
2424,Pune,Pune,62,2021-22,ANM,"Sevadham Trust A.S.M.T. SON, MAVAL, PUNE,",20,13
2425,Pune,Solapur,64,2021-22,ANM,"SHIVAJI SHIKSHAN PRASARAK MANDALS, SON, BARSHI, SOLAPUR",30,25
2426,Pune,Pune,65,2021-22,ANM,"ANAND MEDICAL FOUNDATION, SON, KURULI, KHED, PUNE",20,12
2427,Pune,Sangli,66,2021-22,ANM,"KAMAL INSTITUTE OF NURSING EDUCATION, JATH, SANGLI",20,9
2428,Nashik,Ahilyanagar,67,2021-22,ANM,"VIJAY GANGA RURAL, MED  RES FOUNDATION, SON, AHMEDNAGAR",20,20
2429,Pune,Pune,68,2021-22,ANM,"SANT DNYANESHWAR MED EDUS,SCHOOL OF NURSING, PUNE",20,18
2430,Pune,Sangli,70,2021-22,ANM,"HON.R.R.PATIL INSTITUTE OF NSG EDUCATION,SANGLI",30,30
2431,Pune,Sangli,71,2021-22,ANM,"KRANTIAGRANI G.D.BAPU LAD SCH OF NS, SANGLI",20,20
2432,Pune,Sangli,72,2021-22,ANM,"UMA INST. OF NURSING EDUCATION, SANGLI",20,12
2433,Nashik,Ahilyanagar,73,2021-22,ANM,"SEVA NURSING SCHOOL, AHMEDNAGAR",35,33
2434,Pune,Kolhapur,74,2021-22,ANM,"KEDARI REDEKAR  NURSING SCHOOL, GADHINGLAJ, KOLHAPUR",30,27
2435,Pune,Solapur,75,2021-22,ANM,"SHRI MARKANDEY SOLAPUR SAHAKARI RUGNALAYA, SOLAPUR",20,0
2436,Pune,Pune,76,2021-22,ANM,"MEERA  NURSING SCHOOL, SASWAD, PUNE",30,29
2437,Nashik,Ahilyanagar,77,2021-22,ANM,"INDIRA GANDHI NSG, COLLEGE, PARNER, AHMEDNAGAR",20,20
2438,Pune,Kolhapur,78,2021-22,ANM,"FLORENCE SCHOOL OF NURSING, MAHAGAON, GADHINGLAJ, KOLHAPUR",20,19
2439,Pune,Sangli,82,2021-22,ANM,"KULLOLLI CH.TRUSTS, SCHOOL OF NURSING, MIRAJ, SANGLI",30,28
2440,Pune,Kolhapur,83,2021-22,ANM,"MAHALAXMI NURSING INSTITUTE, KOLHAPUR",20,20
2441,Pune,Satara,84,2021-22,ANM,"SMT. INDUMATI RAMCHANDRA DESHMUKH SCHOOL OF NURSING, KHATAV, SATARA",20,19
2442,Pune,Kolhapur,89,2021-22,ANM,"Y.D. MANE SCHOOL OF NURSING, KAGAL, KOLHAPUR",30,30
2443,Pune,Satara,90,2021-22,ANM,"PHALTAN EDUCATION SOCIETY, SCHOOL OF NURSING, PHALTAN ,SATARA",20,19
2444,Pune,Satara,91,2021-22,ANM,"KANISHKA CHARITABLE TRUSTS, SCHOOL OF NURSING ,SATARA",20,20
2445,Pune,Kolhapur,92,2021-22,ANM,"ADHAAR NURSING SCHOOL, AJRA KOLHAPUR",20,20
2446,Pune,Kolhapur,93,2021-22,ANM,"KAI. BALWANTRAO HANUMANTRAO PATIL SHIKSHAN PRASARAK MANDAL, KARVIR, KOLHAPUR",20,20
2447,Nashik,Ahilyanagar,94,2021-22,ANM,"PRAVARA MEDICAL TRUST,SON, SHEVGAON, AHMEDNAGAR",40,37
2448,Pune,Kolhapur,96,2021-22,ANM,"SARASWATI GAIKWAD NURSING SCHOOL , KOTOLI, PANHALA, KOLHAPUR",20,20
2449,Nashik,Ahilyanagar,98,2021-22,ANM,"NITYASEVA HOSPITAL NURSING SCHOOL, SHEVGAON, AHMEDNAGAR",30,28
2450,Nagpur,Wardha,101,2021-22,ANM,"FLORENCE NIGHTINGALE TRAINING COLLEGE OF NURSING,WARDHA.",60,60
2451,Nagpur,Nagpur,103,2021-22,ANM,"MAHAL MATERNITY HOM, SON, NAGPUR",15,13
2452,Nagpur,Wardha,105,2021-22,ANM,"GENERAL HOSPITAL, WARDHA",20,20
2453,Nagpur,Nagpur,106,2021-22,ANM,"DAGA MEMORIAL HOSPITAL, NAGPUR",20,20
2454,Amravati,Amravati,107,2021-22,ANM,"DIST.HOSPITAL FOR WOMEN , AMRAVATI",20,18
2455,Amravati,Akola,108,2021-22,ANM,"DIST.HOSPITAL FOR WOMEN, AKOLA",20,19
2456,Nagpur,Chandrapur,109,2021-22,ANM,"GENERAL HOSPITAL,CHANDRAPUR",20,20
2457,Amravati,Yavatmal,110,2021-22,ANM,"GENERAL HOSPITAL ,YAVATMAL",30,16
2458,Amravati,Buldana,111,2021-22,ANM,"GENERAL HOSPITAL, BULDANA",20,20
2459,Nagpur,Bhandara,112,2021-22,ANM,"GENERAL HOSPITAL, BHANDARA",20,16
2460,Nagpur,Gadchiroli,113,2021-22,ANM,GENERAL HOSPITAL  GADCHIROLI,20,19
2461,Nagpur,Nagpur,114,2021-22,ANM,"SWAMI VIVEKANAND MED MISSION, PARSODI, SON, KHAPRI , NAGPUR",20,19
2462,Amravati,Yavatmal,115,2021-22,ANM,"HELEN ROSE SCHOOL OF NURSING UMRI, YAVATMAL",20,15
2463,Amravati,Amravati,116,2021-22,ANM,"MAA GAYATRI SCHOOL OF NURSING, ACHALPUR, AMRAVATI",20,19
2464,Nagpur,Wardha,117,2021-22,ANM,"BHARTIYA MAHILA VIKAS NURSING SCHOOL, RAMNAGAR, WARDHA",30,16
2465,Amravati,Akola,118,2021-22,ANM,"INSTITUTE OF NURSING EDUCATION & RESEARCH, AKOLA",30,30
2466,Amravati,Yavatmal,119,2021-22,ANM,"SUMITRABAI THAKARE TRAINING COLLEGE OF NURSING, YAVATMAL",30,20
2467,Nagpur,Nagpur,120,2021-22,ANM,"DR.DALVI MEMORIAL HOSPITAL, SON, NAGPUR",40,35
2468,Nagpur,Nagpur,121,2021-22,ANM,"RIGHT VALUE INSTITUTE OF NURSING, NAGPUR",20,16
2469,Amravati,Akola,122,2021-22,ANM,"NATIONAL SCHOOL OF NURSING , AKOLA",30,23
2470,Nagpur,Nagpur,123,2021-22,ANM,"TIRPUDE NURSING TRAINING SCHOOL, NAGPUR",40,40
2471,Amravati,Washim,124,2021-22,ANM,"MAA GANGA NURSING SCHOOL, WASHIM",20,20
2472,Amravati,Yavatmal,125,2021-22,ANM,"PADOLE NURSING SCHOOL, YAVATMAL",20,20
2473,Konkan,Raigarh,129,2021-22,ANM,"ANURADHA NURSING SCHOOL , CHIKHALI",30,15
2474,Nagpur,Chandrapur,130,2021-22,ANM,"KALYAN INSTITUTE OF NURSING EDUCATION, RAJURA, CHANDRAPUR",30,26
2475,Nagpur,Chandrapur,131,2021-22,ANM,"PRABHADEVI NURSING SCHOOL, CHANDRAPUR",40,40
2476,Amravati,Yavatmal,134,2021-22,ANM,"TULSHIRAMJI SHEBE SCHOOL OF NURSING, PUSAD, YAVATMAL",30,30
2477,Amravati,Yavatmal,136,2021-22,ANM,"MUNGASAJI MAHARAJ NURSING SCHOOL, YAVATMAL",60,60
2478,Amravati,Yavatmal,137,2021-22,ANM,"MUNGASAJI MAHARAJ NURSING SCHOOL, DHARWA, YAVATMAL",60,60
2479,Amravati,Yavatmal,138,2021-22,ANM,DR. ARCHANATAI GADE PATIL SCHOOL OF NURSING LOHARA YAVATMAL,35,35
2480,Nagpur,Wardha,139,2021-22,ANM,"SHRI RADHASWAMI  NURSING SCHOOL, WARDHA",13,3
2481,Nagpur,Wardha,140,2021-22,ANM,"JANATA NURSING SCHOOL, HINGANGHAT, WARDHA",20,19
2482,Nagpur,Nagpur,141,2021-22,ANM,"KALYANI NURSING SCHOOL, NAGPUR",20,14
2483,Nagpur,Nagpur,142,2021-22,ANM,"RENUKA NURSING SCHOOL, HINGANA, NAGPUR",20,20
2484,Amravati,Amravati,144,2021-22,ANM,"SUJATA SCHOOL OF NURSING, AMRAVATI",30,30
2485,Amravati,Amravati,146,2021-22,ANM,DR. PANJABRAO DESHMUKH INST. OF NSG. AMRAVATI,30,30
2486,Amravati,Akola,148,2021-22,ANM,"MAHATMA PHULE INSTITUTE OF NURSING, AKOLA",60,60
2487,Nagpur,Wardha,149,2021-22,ANM,"SHALOM SCHOOL OF NURSING, WARDHA",40,40
2488,Nagpur,Wardha,151,2021-22,ANM,"KASABAI SCHOOL OF NURSING, SEVAGRAM,WARDHA",20,15
2489,Amravati,Buldana,152,2021-22,ANM,"INDIRA BAHU. SHIKSHAN SANSTHS, SCHOOL OF NURSING, SAGWAN, BULDHANA",20,12
2490,Amravati,Buldana,153,2021-22,ANM,"INDIRA BAHU SHIKSHAN SANSTHS, SCHOOL OF NURSING,BELAD MALKAPUR",20,17
2491,Nagpur,Bhandara,155,2021-22,ANM,"SHARDA NURSING SCHOOL, KHAPA TUMSAR, BHANDARA",20,14
2492,Chh. Sambhaji Nagar,Nanded,158,2021-22,ANM,"SHRI GURU GOVINDSINGHJI MEMORIAL HOSPITAL, SON, NANDED",20,17
2493,Chh. Sambhaji Nagar,Nanded,159,2021-22,ANM,"SMT. PRAMILATAI BHALERAO SCHOOL OF NURSING, Nanded",30,29
2494,Chh. Sambhaji Nagar,Dharashiv,161,2021-22,ANM,"GENERAL HOSPITAL, SON, OSMANABAD",20,19
2495,Chh. Sambhaji Nagar,Chh. Sambhaji Nagar,168,2021-22,ANM,"SHRI DHANESHWARI MANAV VIKAS MANDAL,  AURANGABAD",20,20
2496,Chh. Sambhaji Nagar,Jalna,169,2021-22,ANM,"SHRI SAI  INSTITUE OF NURSING, JALNA",20,18
2497,Chh. Sambhaji Nagar,Parbhani,170,2021-22,ANM,"MAULI INSTITUTE OF NURSING, PARBHANI",20,11
2498,Chh. Sambhaji Nagar,Latur,174,2021-22,ANM,"INDIRA GANDHI NURSING SCHOOL, LATUR",30,30
2499,Konkan,Sindhudurg,199,2021-22,ANM,"MANAV SADHAN VIKAS SANSTHA, SON, KUDAL, SINDHUDURG",40,8
2500,Konkan,Thane,201,2021-22,ANM,"INSTITUTE  OF  NURSING  EDUCATION , DOMBIVALI",20,16
2501,Nashik,Nashik,206,2021-22,ANM,"SAHYADRI SEVA SANSTHA , INSTITUTE OF NURSING , NASIK",20,20
2502,Konkan,Raigarh,208,2021-22,ANM,"PRABHAKAR PATIL INSTITUTE OF NURSING EDUCATION, PEN",20,20
2503,Pune,Pune,221,2021-22,ANM,"Maharshi Karve Stree Shikshan Sanstha SMT BAKUL TAMBAT INSTITUTE OF NURSING EDUCATION, KARVE NAGAR PUNE",30,30
2504,Pune,Pune,226,2021-22,ANM,"DWARIKA SANGAMNER INSTITUTE OF NURSING EDUCATION, PUNE",20,19
2505,Pune,Sangli,228,2021-22,ANM,"LOKNETE RAJARAMBAPU PATIL , TRG. COLL. OF NURSING , ISLAMPUR, WALWA, SANGLI",20,19
2506,Pune,Sangli,230,2021-22,ANM,"KASEGAON EDUCATION SOCIETY, SCHOOL OF NURSING, ISLAMPUR, SANGLI",20,20
2507,Pune,Pune,231,2021-22,ANM,"C Y DANGAT PATIL SHIKSHAN AND KRIDA MANDAL, SCHOOL OF NURSING , PUNE",20,20
2508,Pune,Pune,232,2021-22,ANM,"GIRIRAJ SCHOOL OF NURSING , BARAMATI",50,50
2509,Pune,Satara,233,2021-22,ANM,"LATE NARAYANDAS BHAWANGDAS CHHABADA TRAINING COLLEGE OF NURSING, SATARA",20,20
2510,Pune,Solapur,241,2021-22,ANM,"SAHARA INSTITUTE OF NURSING EDUCATION, AKLUJ , SOLAPUR",20,20
2511,Nagpur,Nagpur,251,2021-22,ANM,"SURETECH COLLEGE OF NURSING, NAGPUR",30,30
2512,Nagpur,Gadchiroli,253,2021-22,ANM,"DR. SALVE NURSING INSTITUTE  COLLEGE , GADCHIROLI",30,12
2513,Amravati,Yavatmal,256,2021-22,ANM,"PRUTHVIRAJ DESHMUKH NURSING INSTITUTE, LOHARA, YAVATMAL",20,20
2514,Chh. Sambhaji Nagar,Chh. Sambhaji Nagar,259,2021-22,ANM,"MAHATMA GANDHI MISSION INSTITUTE OF NURSING EDUCATION, AURANGABAD",20,12
2515,Chh. Sambhaji Nagar,Latur,262,2021-22,ANM,"GENERAL HOSPITAL, LATUR",20,20
2516,Nagpur,Nagpur,266,2021-22,ANM,"ARNEJA INSTITUTE OF NURSING SCIENCES , NAGPUR",20,20
2517,Nagpur,Nagpur,267,2021-22,ANM,"ASHARAM SCHOOL OF NURSING , NAGPUR",20,20
2518,Pune,Satara,270,2021-22,ANM,"SHAKUNTALA  INSTITUTE OF NURSING EDUCATION , SATARA",20,20
2519,Chh. Sambhaji Nagar,Dharashiv,271,2021-22,ANM,"INDIRA GANDHI NURSING SCHOOL, OSMANABAD",20,20
2520,Pune,Kolhapur,272,2021-22,ANM,"SAU. JEBELINA NURSING SCHOOL, GARGOTI, KOLHAPUR",20,20
2521,Chh. Sambhaji Nagar,Nanded,273,2021-22,ANM,"INDIRA GANDHI NURSING SCHOOL, MUKHED, NANDED",20,20
2522,Amravati,Amravati,274,2021-22,ANM,"UTTAMRAO UMAK MEMORIAL NURSING SCHOOL,  ANJANGAON, AMRAVATI",20,20
2523,Amravati,Amravati,275,2021-22,ANM,"KAMLABAI UMAK NURSING SCHOOL, AMRAVATI",20,20
2524,Amravati,Amravati,276,2021-22,ANM,"LAXMANRAO UMAK MEMORIAL NURSING SCHOOL, BADNERA, AMRAVATI",20,20
2525,Nashik,Ahilyanagar,278,2021-22,ANM,"PARVATIBAI MHASKE INSTITUTE OF NURSING, AHMEDNAGAR",20,20
2526,Chh. Sambhaji Nagar,Nanded,279,2021-22,ANM,"LOTUS NURSING INSTITUTE, NANDED",20,20
2527,Nagpur,Nagpur,280,2021-22,ANM,"MATRU SEVA SANGH NURSING SCHOOL,SITABULDI ,MATERNITY HOME NAGPUR",40,19
2528,Konkan,Ratnagiri,281,2021-22,ANM,"SAMARTH INSTITUTE OF NURSING EDUCATION, DERVAN",20,20
2529,Nashik,Ahilyanagar,282,2021-22,ANM,"MAHARASHTRA HOMOEOPATHIC FOUNDATIONS SCHOOL OF NURSING , PATHAR ,  AHMEDNAGAR",20,20
2530,Chh. Sambhaji Nagar,Jalna,283,2021-22,ANM,"VASANTRAO NAIK SHIKSHAN PRASARAK MANDAL, JALNA",20,12
2531,Pune,Sangli,284,2021-22,ANM,"ADARSH NURSING SCHOOL, VITA, SANGLI",20,18
2532,Chh. Sambhaji Nagar,Chh. Sambhaji Nagar,286,2021-22,ANM,"MATA GIRIJA SCHOOL OF NURSING, AURANGABAD.",20,20
2533,Pune,Kolhapur,287,2021-22,ANM,"KURUNDWAD INST. OF NURSING EDUCATION,SHIROL, KOLHAPUR",20,20
2534,Amravati,Akola,289,2021-22,ANM,"RADHIKA NURSING SCHOOL, AKOLA",20,20
2535,Chh. Sambhaji Nagar,Parbhani,290,2021-22,ANM,"MATOSHRI NURSING SCHOOL, PARBHANI",20,20
2536,Pune,Sangli,294,2021-22,ANM,"HUTATMA INSTITUTE OF NURSING , WALWA , SANGLI",20,20
2537,Pune,Solapur,296,2021-22,ANM,"BINIT NURSING INSTITUTE , SOLAPUR",20,14
2538,Nashik,Dhule,297,2021-22,ANM,"NANDA AAI BAHU. NURSING TRAINING CENTRE, DEOPUR, DHULE",20,17
2539,Amravati,Akola,299,2021-22,ANM,"ANGLE OF MERCY INSTITUTE OF NURSING SCIENCE, AKOLA",20,20
2540,Pune,Pune,301,2021-22,ANM,"PUKHRAJ NAGRAJ RANKA SCHOOL OF NURSING , PUNE",20,19
2541,Pune,Satara,303,2021-22,ANM,"APARNA INST. OF NURSING EDUCATION , KARAD",20,3
2542,Chh. Sambhaji Nagar,Nanded,304,2021-22,ANM,"DR. G. A. GAIKWAD INSTITUTE OF NURSING, DEGLOOR, NANDED",20,17
2543,Pune,Kolhapur,305,2021-22,ANM,"CREATIVE NURSING SCHOOL , GADHINGLAJ , KOLHAPUR",20,20
2544,Pune,Satara,306,2021-22,ANM,"SANJEEVAN MEDICAL COLLEGE OF NURSING , SATARA",30,30
2545,Nashik,Ahilyanagar,307,2021-22,ANM,"WAMANRAO ITHAPE NURSING COLLEGE, SANGAMNER, AHMEDNAGAR",30,30
2546,Chh. Sambhaji Nagar,Beed,308,2021-22,ANM,"YASHWANT NURSING SCHOOL, ASHTI, BEED",20,20
2547,Nashik,Nashik,309,2021-22,ANM,"SHREE SWAMI NARAYAN  NURSING INSTITUE, NASIK",40,31
2548,Chh. Sambhaji Nagar,Beed,310,2021-22,ANM,"S.S.P.M. NURSING COLLEGE, ASHTI, BEED",20,19
2549,Chh. Sambhaji Nagar,Chh. Sambhaji Nagar,311,2021-22,ANM,"SAKOLKAR NURSING SCHOOL, AURANGABAD",20,19
2550,Pune,Pune,312,2021-22,ANM,"GENERAL HOSPITAL, AUNDH, PUNE",20,20
2551,Chh. Sambhaji Nagar,Beed,313,2021-22,ANM,"DR. T. M. DHONDE SCHOOL OF NURSING, ASHTI , BEED",30,29
2552,Chh. Sambhaji Nagar,Beed,314,2021-22,ANM,"NEW NURSING SCHOOL, BEED",20,16
2553,Chh. Sambhaji Nagar,Dharashiv,316,2021-22,ANM,"JEEVAN JYOT AROGYA SHIKSHAN SANSTHA, SCHOOL OF NURSING, OSMANABAD",20,19
2554,Pune,Pune,317,2021-22,ANM,"TEJASWINI NURSING SCHOOL, JUNNAR, PUNE",20,20
2555,Pune,Pune,318,2021-22,ANM,"SHARDABAI PAWAR INSTITUTE OF NURSING, PUNE",40,40
2556,Nashik,Jalgaon,323,2021-22,ANM,"GODAVARI COLLEGE OF  NURSING , JALGAON",30,27
2557,Nashik,Nashik,325,2021-22,ANM,"MATOSHRI SCHOOL OF A.N.M. NURSING , EKLAHARE, NASIK",60,54
2558,Amravati,Amravati,326,2021-22,ANM,"BHAKTI VEDANT SCHOOL OF NURSING, AMRAVATI",20,20
2559,Amravati,Washim,327,2021-22,ANM,"MANSI COLLEGE OF NURSING , WASHIM",20,20
2560,Nagpur,Wardha,328,2021-22,ANM,"EKVIRA DEVI EDUCATION SOCIETY, SCHOOL OF NURSING, WARDHA",20,10
2561,Nagpur,Nagpur,329,2021-22,ANM,"MOTHER TERESA NURSING INSTITUTE , NAGPUR",20,20
2562,Nashik,Nashik,330,2021-22,ANM,"MATOSHRI SCHOOL OF A.N.M. NURSING , BABULGAON , NASIK",60,60
2563,Nagpur,Wardha,331,2021-22,ANM,SARASWATI NURSING SCHOOL GUNJKHEDA WARDHA,60,32
2564,Chh. Sambhaji Nagar,Chh. Sambhaji Nagar,332,2021-22,ANM,"RAMKRISHANA NURSING SCHOOL, SILLOD, AURANGABAD",20,0
2565,Amravati,Amravati,333,2021-22,ANM,"FLORENCE NIGHTINGLE NURSING SCHOOL, AMRAVATI",30,29
2566,Amravati,Amravati,334,2021-22,ANM,"EKVIRA SCHOOL OF NURSING , DARYAPUR , AMRAVATI",20,20
2567,Chh. Sambhaji Nagar,Latur,335,2021-22,ANM,"G.B .PATIL SCHOOL OF NURSING, UDGIR, LATUR",20,20
2568,Chh. Sambhaji Nagar,Latur,336,2021-22,ANM,"SHRI BHAGWAN NURSING SCHOOL, LATUR",20,13
2569,Amravati,Amravati,341,2021-22,ANM,"M.J. PAWADE NURSING SCHOOL, WARUD,  AMRAVATI",20,20
2570,Nashik,Ahilyanagar,342,2021-22,ANM,"SAI NURSING INSTITUTE , RAHATA, AHMEDNAGAR",20,16
2571,Nagpur,Nagpur,343,2021-22,ANM,"MADHUKARRAO MAHAKALKAR NURSING SCHOOL , DIGHORI , NAGPUR",30,30
2572,Chh. Sambhaji Nagar,Dharashiv,349,2021-22,ANM,"HALO NURSING SCHOOL, ANADUR, TULJAPUR",20,11
2573,Amravati,Buldana,350,2021-22,ANM,"RAJSHREE SCHOOL OF NURSING, MEHKAR, BULDANA",20,20
2574,Konkan,Ratnagiri,352,2021-22,ANM,M.E.S SCHOOL OF NURSING KHED RATNAGIRI,30,29
2575,Chh. Sambhaji Nagar,Latur,353,2021-22,ANM,"YASHWANT NURSING TRAINING SCHOOL, AHMADPUR, LATUR",20,20
2576,Pune,Kolhapur,355,2021-22,ANM,"SAHAKAR MAHARSHI TATYASHEB KORE NURSING SCHOOL , HATKANGALE, KOLHAPUR",20,13
2577,Chh. Sambhaji Nagar,Latur,356,2021-22,ANM,"NAVJEEVAN CHARITABLE TRUST, LATUR",20,20
2578,Amravati,Buldana,359,2021-22,ANM,"HARSH SCHOOL OF NURSING, KHAMGAON, BULDANA",20,20
2579,Nagpur,Gadchiroli,360,2021-22,ANM,"NAVJEEVAN NURSING SCHOOL, CHAMORSHI, GADCHIROLI",20,20
2580,Konkan,Sindhudurg,362,2021-22,ANM,"BR. NATH PAI INSTITUTE OF NURSING, PINGULI, SINDHUDURGA",40,20
2581,Chh. Sambhaji Nagar,Latur,363,2021-22,ANM,"BHIVRAI NURSING SCHOOL, LATUR",20,20
2582,Chh. Sambhaji Nagar,Latur,364,2021-22,ANM,"BALVIKAS MAHILA MANDAL, SCHOOL OF NURSING, LATUR",20,20
2583,Chh. Sambhaji Nagar,Parbhani,365,2021-22,ANM,"BHARATRATNA MOTHER TERSA NURSING SCHOOL, SELU, PARBHANI",20,20
2584,Chh. Sambhaji Nagar,Dharashiv,366,2021-22,ANM,"SAI NURSING SCHOOL, OSMANABAD",20,7
2585,Chh. Sambhaji Nagar,Parbhani,367,2021-22,ANM,"INSTITUTE OF NURSING EDUCATION,MANWATH, PARBHANI",20,16
2586,Nashik,Jalgaon,368,2021-22,ANM,"DADASAHEB DR. SURESH G. PATIL COLLEGE OF NURSING , CHOPDA , JALGAON",40,40
2587,Nashik,Ahilyanagar,370,2021-22,ANM,"BAHUJAN SAMAJ PRABODHAN SCHOOL OF NURSING, AKOLE, AHMEDNAGAR",20,0
2588,Chh. Sambhaji Nagar,Latur,371,2021-22,ANM,"LATE MAHALINGE SWAMI NURSING SCHOOL, LATUR",20,20
2589,Amravati,Amravati,372,2021-22,ANM,"SMT. VASUNDHARABAI GHUIKHEDKAR NURSING SCHOOL, AMRAVATI",60,60
2590,Nagpur,Wardha,373,2021-22,ANM,"PARVATIBAI SCHOOL OF NURSING, WARDHA",30,30
2591,Chh. Sambhaji Nagar,Parbhani,374,2021-22,ANM,"TIRUPATI NURSING SCHOOL,PARBHANI",40,40
2592,Amravati,Yavatmal,377,2021-22,ANM,"SHRI SWAMI SAMARTH NURSING SCHOOL, YAVATMAL",20,20
2593,Nagpur,Bhandara,378,2021-22,ANM,"POOJA NURSING INSTITUTE , BHANDARA",40,40
2594,Amravati,Amravati,381,2021-22,ANM,"MELGHAT NURSING SCHOOL , PARATWADA , AMRAVATI",20,20
2595,Chh. Sambhaji Nagar,Latur,383,2021-22,ANM,"RASTRAMATA JIJAU NURSING SCHOOL, NILANGA, LATUR",20,19
2596,Chh. Sambhaji Nagar,Beed,385,2021-22,ANM,"RAGHUNATHRAO MUNDHE INSTITUTE OF NURSING, AMBEJOGAI, BEED",20,18
2597,Pune,Satara,386,2021-22,ANM,"SHIVRASHTRA COLLEGE OF NURSING , KARAD , SATARA",20,20
2598,Pune,Pune,393,2021-22,ANM,"JAY INSTITUTE OF NURSING , INDAPUR , PUNE",20,20
2599,Chh. Sambhaji Nagar,Latur,394,2021-22,ANM,"TIRMULLA  A.N.M. NURSING SCHOOL, JALKOT, LATUR",20,20
2600,Pune,Solapur,395,2021-22,ANM,"RAJMATA JIJAU NURSING SCHOOL, PANDHARPUR",20,20
2601,Konkan,Sindhudurg,400,2021-22,ANM,"GENERAL HOSPITAL,  SINDHUDURG",20,20
2602,Chh. Sambhaji Nagar,Beed,401,2021-22,ANM,"VAIDYANATH NURSING SCHOOL, ,PARALIVAIJNATH, BEED",40,28
2603,Pune,Pune,405,2021-22,ANM,"JANAKI INSTITUTE OF NURSING EDUCATION , PUNE",20,20
2604,Amravati,Yavatmal,410,2021-22,ANM,"SHRI VINAYAKRAOBAPU DESHMUKH NURSING SCHOOL , SAWARGAON , YAVATMAL",60,60
2605,Chh. Sambhaji Nagar,Beed,412,2021-22,ANM,"JIJAMATA SCHOOL OF NURSING, MAJALGAON, BEED",20,5
2606,Chh. Sambhaji Nagar,Chh. Sambhaji Nagar,415,2021-22,ANM,"AURANGABAD NURSING SCHOOL, BHALGAON, AURANGABAD",20,20
2607,Pune,Sangli,418,2021-22,ANM,"MATOSHRI HIRAI DESHMUKH NURSING COLLEGE , SHIRALA , SANGLI",20,7
2608,Chh. Sambhaji Nagar,Latur,420,2021-22,ANM,"SANT RAMBHAU A.N.M. SCHOOL , AHMEDPUR , LATUR",20,20
2609,Chh. Sambhaji Nagar,Parbhani,421,2021-22,ANM,"MADHAV A.N.M. SCHOOL, PARBHANI",20,19
2610,Chh. Sambhaji Nagar,Chh. Sambhaji Nagar,423,2021-22,ANM,"PAITHAN NURSING SCHOOL, PAITHAN, AURANGABAD",20,19
2611,Chh. Sambhaji Nagar,Chh. Sambhaji Nagar,424,2021-22,ANM,"PRIYANKA GANDHI NURSING SCHOOL, AURANGABAD",20,15
2612,Nashik,Dhule,425,2021-22,ANM,"KIRAN NURSING SCHOOL, KAPADNE, DHULE",20,10
2613,Nagpur,Bhandara,426,2021-22,ANM,"PAWANRAJA NURSING SCHOOL , PAUNI , BHANDARA",30,30
2614,Nashik,Dhule,427,2021-22,ANM,"SAU. R.G. MALI NURSING COLLEGE, AKLAD , DHULE",20,15
2615,Pune,Kolhapur,428,2021-22,ANM,"SHRI BHAIRAVNATH NURSING SCHOOL , ICHALKARANJI  , KOLHAPUR",20,20
2616,Amravati,Yavatmal,431,2021-22,ANM,"MATOSHRI ORGANIZATION OF NURSING EDUCATION , YAVATMAL",20,20
2617,Chh. Sambhaji Nagar,Jalna,432,2021-22,ANM,"JALNA NURSING SCHOOL, SHELGAON, JALNA",20,0
2618,Pune,Solapur,434,2021-22,ANM,"MODERN INSTITUTE OF NURSING, MADHA, SOLAPUR",20,18
2619,Chh. Sambhaji Nagar,Jalna,446,2021-22,ANM,"GENERAL HOSPITAL, JALANA",20,12
2620,Pune,Solapur,449,2021-22,ANM,"DHANVANTERI SCHOOL OF NURSING , MALSHIRAS , SOLAPUR",30,30
2621,Chh. Sambhaji Nagar,Parbhani,476,2021-22,ANM,"Dr.Prafulla Patil Nursing School, Parbhani",20,19
2622,Chh. Sambhaji Nagar,Parbhani,477,2021-22,ANM,"BELESHWAR INSTITUTE OF NURSING, PARBHANI",20,20
2623,Pune,Satara,480,2021-22,ANM,"BEL AIR COLLEGE OF NURSING, PANCHAGANI, SATARA",30,30
2624,Pune,Kolhapur,481,2021-22,ANM,"SAVITRIBAI PHULE COLLEGE OF NURSING, KOLHAPUR",20,20
2625,Nagpur,Nagpur,482,2021-22,ANM,SMT. HANSABEN NURSING SCHOOL NAGPUR,20,20
2626,Konkan,Thane,484,2021-22,ANM,"NAVJEEVAN SCHOOL OF NURSING, SHAHAPUR, THANE",20,19
2627,Konkan,Thane,485,2021-22,ANM,"DAYANAND SCHOOL OF NURSING, VADOLI TALASARI THANE",25,24
2628,Konkan,Raigarh,486,2021-22,ANM,"PRATIBHA SCHOOL OF NURSING, KOPERKHAIRANE, NAVI MUMBAI",20,20
2629,Konkan,Sindhudurg,487,2021-22,ANM,"SARASWATI ANM NURSING SCHOOL, KANKAVLI, SINDHUDURG",20,20
2630,Nashik,Nashik,488,2021-22,ANM,"SAI NURSING SCHOOL, MALEGAON NASHIK",20,20
2631,Konkan,Thane,489,2021-22,ANM,"N. K. T. T. SCHOOL OF NURSING, BHIWANDI, THANE",20,19
2632,Chh. Sambhaji Nagar,Chh. Sambhaji Nagar,490,2021-22,ANM,"Manik Nursing School, Garkhed, Aurangabad",20,20
2633,Chh. Sambhaji Nagar,Latur,492,2021-22,ANM,"New Vision School of Nursing, Latur",20,20
2634,Chh. Sambhaji Nagar,Beed,493,2021-22,ANM,MAULI NURSING SCHOOL BARSHI ROAD BEED,20,20
2635,Chh. Sambhaji Nagar,Jalna,494,2021-22,ANM,"Mathsyodari Nursing School, Tal  Ambad, Jalna",20,20
2636,Chh. Sambhaji Nagar,Beed,495,2021-22,ANM,"ANKITA DOUND INSTITUTE OF NURSING SCHOOL, AMBAJOGAI, BEED",20,11
2637,Chh. Sambhaji Nagar,Parbhani,496,2021-22,ANM,"SAKSHI NURSING SCHOOL, MANWAT, PARBHANI",20,20
2638,Nashik,Nashik,497,2021-22,ANM,"SWAMI VIVEKANAND SANSTHA, MALEGAON, NASHIK",20,16
2639,Pune,Pune,499,2021-22,ANM,"Sushrusha Nursing School, Ap  Daund, Pune",50,16
2640,Pune,Pune,500,2021-22,ANM,"SUSHILA NURSING SCHOOL, DAUND, PUNE",20,17
2641,Pune,Sangli,501,2021-22,ANM,"CHINGUAAI INSTITUTE OF NURSING EDUCATION, KAVATHE MAHANKAL, SANGLI",20,20
2642,Pune,Kolhapur,502,2021-22,ANM,"SANJEEVA NURSING SCHOOL, KOLHAPUR",20,20
2643,Nashik,Ahilyanagar,505,2021-22,ANM,"SAVITRIBAI PHULE ANM NURSING COLLEGE, SHRIGONDA, AHMEDNAGAR",20,0
2644,Nashik,Ahilyanagar,506,2021-22,ANM,"KOPERGAON TALUKA VIDYARTHI SAHAYYAK SCHOOL OF NURSING,KOPERGAON",20,20
2645,Pune,Sangli,507,2021-22,ANM,"ABHINAV INSTITUTE OF NURSING EDUCATION, MIRAJ, SANGLI",20,20
2646,Pune,Pune,508,2021-22,ANM,"PRIYADARSHINI SHAK. BAU. GRAM VIKAS MAHILA SEVABHAVI MANDAL, SCHOOL OF NURSING, SHIRUR, PUNE",20,20
2647,Chh. Sambhaji Nagar,Jalna,509,2021-22,ANM,"Shraddha Commercial  Technical Institute Society, Jalna",20,20
2648,Nagpur,Bhandara,512,2021-22,ANM,"ASHIRWAD NURSING SCHOOL OF ANM, SAKOLI BHANDARA",40,40
2649,Amravati,Yavatmal,513,2021-22,ANM,"Jeevan Rekha  School of Nursing, Tal  Umarkhed, Yavatmal",20,20
2650,Amravati,Yavatmal,514,2021-22,ANM,"Sanjeevan Nursing School, Yavatmal,",20,20
2651,Nagpur,Nagpur,515,2021-22,ANM,"SUVARNA SCHOOL OF NURSING SAONER, NAGPUR",20,17
2652,Nagpur,Nagpur,516,2021-22,ANM,"Indira Gandhi ANM Nursing School, Tal  Bhiwapur, Nagpur",20,20
2653,Amravati,Yavatmal,517,2021-22,ANM,"Yash Institute of Nursing, Athori Bazar, Yavatmal",40,40
2654,Nagpur,Wardha,523,2021-22,ANM,"NEW MAHARASHTRA INSTITUTE OF NURSING, MAHADEVPURA, WARDHA",20,14
2655,Nashik,Ahilyanagar,524,2021-22,ANM,"SHREE SAI NURSING SCHOOL, JAMKHED, AHMEDNAGAR",20,10
2656,Pune,Sangli,526,2021-22,ANM,"VIDYA SAGAR NURSING SCHOOL, SANGLI",20,16
2657,Nagpur,Gondia,531,2021-22,ANM,"Shri Dattatraya Prabhu Bahu. Shikshan Sanstha, Tiroda, Gondia",30,30
2658,Chh. Sambhaji Nagar,Nanded,533,2021-22,ANM,"Sharadrao Nursing College, Naigona Nanded",20,20
2659,Chh. Sambhaji Nagar,Nanded,534,2021-22,ANM,DHARTI SCHOOL OF NURSING MALEGAON RD NANDED,20,20
2660,Chh. Sambhaji Nagar,Nanded,535,2021-22,ANM,"Satabai Landge Nursing School, Nanded",20,20
2661,Amravati,Amravati,539,2021-22,ANM,"SHRI SANT LAHANUJI MAHARAJ SCHOOL OF NURSING, DARYAPUR, AMRAVATI",20,20
2662,Nashik,Nashik,541,2021-22,ANM,"KALWAN NURSING SCHOOL, KALWAN, NASHIK",20,20
2663,Nashik,Nashik,542,2021-22,ANM,"DINDORI SCHOOL OF NURSING, DINDORI, NASHIK",20,20
2664,Nashik,Nashik,543,2021-22,ANM,"YEOLA SCHOOL OF NURSING, YEOLA, NASHIK",20,20
2665,Chh. Sambhaji Nagar,Chh. Sambhaji Nagar,545,2021-22,ANM,"Yeshwant Institute of Nursing, Paithan Road, Aurangabad",30,30
2666,Chh. Sambhaji Nagar,Latur,546,2021-22,ANM,"SWAMI VIVEKANAND SHIKSHAN PRASARAK MANDAL, UDGIR, LATUR",20,0
2667,Amravati,Washim,548,2021-22,ANM,"Nazarene Nurses Training College, Pusad Road, Washim",20,17
2668,Nagpur,Gondia,550,2021-22,ANM,"Gondia Nursing College, Gondia",20,20
2669,Nagpur,Gondia,552,2021-22,ANM,"S. CHANDRA SCHOOL OF NURSING, ARJUNI GONDIA",20,15
2670,Amravati,Amravati,553,2021-22,ANM,"Sardar Nursing Institute, Walgaon Road, Amravati",20,19
2671,Amravati,Amravati,555,2021-22,ANM,"M.J. Pawade Nurisng School, Tal  Morshi, Amravati",20,20
2672,Nagpur,Wardha,557,2021-22,ANM,"Sunita Nursing School, Tal  Shelu, Wardha",20,0
2673,Nagpur,Gondia,558,2021-22,ANM,"S.R.V. NURSING SCHOOL, DAWAKI, TAL DEORI DIST GONDIA",20,20
2674,Chh. Sambhaji Nagar,Dharashiv,559,2021-22,ANM,"Late Changdevrao Banger Nursing School, Tal  Bhum, Osmanabad",20,20
2675,Chh. Sambhaji Nagar,Chh. Sambhaji Nagar,561,2021-22,ANM,"Prabhavati Nursing School, Aurangabad",20,20
2676,Chh. Sambhaji Nagar,Chh. Sambhaji Nagar,563,2021-22,ANM,GOGANATH BABA ANM NURSING SCHOOL CHITEGAON AURANGABAD,50,31
2677,Chh. Sambhaji Nagar,Beed,564,2021-22,ANM,"Late Ranghunathraoji Kendre Nursing School, Vaijnath, Beed",40,34
2678,Chh. Sambhaji Nagar,Latur,565,2021-22,ANM,"Sarojini Naidu School of Nursing, Chakur, Latur",20,20
2679,Chh. Sambhaji Nagar,Nanded,566,2021-22,ANM,"Indira Gandhi School of Nursing, Loha, Nanded",20,20
2680,Nashik,Nashik,567,2021-22,ANM,"MATOSHRI ASARABAI DARADE SCHOOL OF NURSING, YEOLA, NASHIK",60,53
2681,Amravati,Akola,568,2021-22,ANM,"MAHARSHI WALMIKI INSTITUTE OF NURSING MALKAPUR,AKOLA",60,60
2682,Amravati,Akola,571,2021-22,ANM,"AZAD HIND NURSING SCHOOL, AKOLA",20,20
2683,Amravati,Amravati,573,2021-22,ANM,"Gurumauli Institue of Nursing Science, Amravati",20,20
2684,Chh. Sambhaji Nagar,Hingoli,580,2021-22,ANM,"L.D.H.T. SCHOOL OF NURSING, HINGOLI",40,40
2685,Chh. Sambhaji Nagar,Hingoli,581,2021-22,ANM,"JAI HIND NURSING SCHOOL, HINGOLI",20,20
2686,Pune,Kolhapur,582,2021-22,ANM,"SANT GAJANAN MAHARAJ SCHOOL OF NURSING, CHINCHEWADI, GADHINGLAJ, KOLHAPUR",20,20
2687,Pune,Solapur,583,2021-22,ANM,"SAVITRIBAI PHULE NURSING SCHOOL, WAKHARI, SOLAPUR",20,20
2688,Konkan,Sindhudurg,584,2021-22,ANM,"MAI NURSING SCHOOL, KUDAL",20,20
2689,Nashik,Dhule,585,2021-22,ANM,"RANIMANSAHEB MANUBADEVI RAWAL NURSING SCHOOL, DONDAICHA, DHULE",40,28
2690,Nashik,Dhule,586,2021-22,ANM,"D.S. NURSING SCHOOL, SAKRI, DHULE",20,20
2691,Konkan,Palghar,587,2021-22,ANM,"SHREE GAJANAN MAHARAJ COLLEGE OF  NURSING AND RESEARCH CENTER JAWHAR, PALGHAR",20,20
2692,Nashik,Nashik,588,2021-22,ANM,"PETH NURSING SCHOOL, PETH, NASHIK",20,20
2693,Nashik,Nashik,589,2021-22,ANM,"IGATPURI NURSING SCHOOL, IGATPURI, NASHIK",20,20
2694,Nashik,Nashik,590,2021-22,ANM,"NIFAD NURSING SCHOOL, NIFAD, NASHIK",20,20
2695,Nashik,Nashik,591,2021-22,ANM,"MANMAD NURSING SCHOOL, YEOLA, NASHIK",20,20
2696,Nashik,Nashik,592,2021-22,ANM,"SAI CARE NURSING SCHOOL, NASHIK",60,60
2697,Nashik,Nashik,593,2021-22,ANM,"JIJAMATA NURSING SCHOOL, MALEGAON, NASHIK",60,60
2698,Konkan,Raigarh,595,2021-22,ANM,"D. D. VISPUTE SCHOOL OF NURSING, PANVEL, RAIGAD",30,20
2699,Nashik,Nashik,597,2021-22,ANM,"RAJEEV GANDHI GNM NURSING COLLEGE, SINNAR, NASHIK",60,39
2700,Nashik,Nashik,598,2021-22,ANM,"TANMAYI NURSING INSTITUTE, NASHIK",20,20
2701,Nashik,Nashik,601,2021-22,ANM,"KARM. R. S. WAGH EDUCATION  HEALTH SANSTHAS SCHOOL OF NURSING, DINDORI, NASHIK",20,18
2702,Nashik,Ahilyanagar,604,2021-22,ANM,"MANGALA INSTITUTE OF NURSING EDUCATION,AKOLE, AHMEDNAGAR",20,5
2703,Nashik,Ahilyanagar,607,2021-22,ANM,"SAIKRUPA NURSING SCHOOL, SHRIGONDA, AHMEDNAGAR",20,20
2704,Nashik,Ahilyanagar,608,2021-22,ANM,"ABHINAV NURSING SCHOOL, AHMEDNAGAR",20,20
2705,Pune,Pune,609,2021-22,ANM,"PANDURANG KRUPA NURSING SCHOOL, SHIRUR, PUNE",20,20
2706,Pune,Pune,610,2021-22,ANM,"SHIRUR SCHOOL OF NURSING, SHIRUR, PUNE",20,14
2707,Nashik,Ahilyanagar,612,2021-22,ANM,"ASHIRWAD NURSING SCHOOL, RAHURI, AHMEDNAGAR",20,20
2708,Pune,Kolhapur,616,2021-22,ANM,"SHRI SIDDHI NURSING SCHOOL, KAGAL, KOLHAPUR",20,20
2709,Pune,Kolhapur,617,2021-22,ANM,"SIDDHAGIRI NURSING INSTITUTE, KARVEER, KOLHAPUR",20,20
2710,Nashik,Ahilyanagar,618,2021-22,ANM,"SAI NURSING SCHOOL, SHEVGAON, AHMEDNAGAR",20,20
2711,Nashik,Ahilyanagar,620,2021-22,ANM,"DR. RAMESH DHOKANE PATIL SCHOOL OF NURSING, NEWASA, AHMEDNAGAR",20,20
2712,Nashik,Ahilyanagar,622,2021-22,ANM,"NITYASEVA NURSING SCHOOL, PARNER, AHMEDNAGAR",20,16
2713,Pune,Sangli,623,2021-22,ANM,"KEDARNATH NURSING SCHOOL, ISLAMPUR, SANGLI",20,20
2714,Nashik,Ahilyanagar,624,2021-22,ANM,"NEWASA NURSING SCHOOL, NEWASA, AHMEDNAGAR",20,0
2715,Nashik,Ahilyanagar,625,2021-22,ANM,"SHRUTI NURSING SCHOOL, SHRIRAMPUR, AHMEDNAGAR",20,20
2716,Nashik,Ahilyanagar,626,2021-22,ANM,"KOPARGAON NURSING SCHOOL, KOPERGAON, AHMEDNAGAR",20,20
2717,Pune,Sangli,627,2021-22,ANM,"LAXMIPRABHA NURSING INSTITUTE, MIRAJ, SANGLI",20,17
2718,Pune,Sangli,628,2021-22,ANM,"SHABBIR AHMED ANSARI NURSING SCHOOL, MIRAJ, SANGLI",20,19
2719,Nashik,Ahilyanagar,629,2021-22,ANM,"LATE BHAU DAJI PATIL DESHMUKH GRAMIN VIKAS PRATISHTHANS RANM SCHOOL, AHMEDNAGAR",20,15
2720,Nashik,Ahilyanagar,630,2021-22,ANM,"SAWALI SCHOOL OF NURSING, PARNER, AHMEDNAGAR",20,20
2721,Pune,Pune,633,2021-22,ANM,"TILAK MAHARASHTRA VIDYAPEETH INSTITUTE OF NURSING EDUCATION  RESEARCH, PUNE",20,5
2722,Nashik,Ahilyanagar,634,2021-22,ANM,"JIJAMATA NURSING SCHOOL, SHEVGAON, AHMEDNAGAR",20,13
2723,Pune,Sangli,635,2021-22,ANM,"DHANVANTARI INSTITUTE OF NURSING  PARAMEDICAL SCIENCES, SHIRALA, SANGLI",20,8
2724,Pune,Solapur,636,2021-22,ANM,"VIJAYSINH MOHITE PATIL SCHOOL OF NURSING, MALSHIRAS, SOLAPUR",20,20
2725,Pune,Pune,637,2021-22,ANM,"LATE UDHAVRAO TULSHIRAM JADHAVAR FOUNDATIONS INSTITUTE OF NURSING, PUNE",20,20
2726,Pune,Solapur,638,2021-22,ANM,"SARDARBI INSTITUTE OF NURSING EDUCATION, MOHOL, SOLAPUR",20,20
2727,Pune,Solapur,642,2021-22,ANM,"JANKALYAN INSTITUTE OF NURSING EDUCATION, PANDHARPUR, SOLAPUR",20,20
2728,Pune,Satara,645,2021-22,ANM,"WILLIS F. PIERCE MEMORIAL HOSPITAL, WAI, SATARA",20,19
2729,Pune,Pune,650,2021-22,ANM,"YASH INSTITUTE OF NURSING  PARAMEDICAL SCIENCES, INDAPUR, PUNE",20,20
2730,Pune,Sangli,651,2021-22,ANM,"SHRI DATTA SCHOOL OF NURSING, SHIRALA, SANGLI",20,9
2731,Pune,Solapur,652,2021-22,ANM,"DHANSHRI INSTITUTE OF NURSING, MADHA, SOLAPUR",20,20
2732,Nagpur,Wardha,653,2021-22,ANM,"CHETNA NURSING INSTITUTE, WARDHA",20,0
2733,Amravati,Buldana,654,2021-22,ANM,"JIJAMATA SCHOOL OF NURSING, BULDANA",20,20
2734,Nagpur,Chandrapur,655,2021-22,ANM,"DEONIL SCHOOL OF NURSING, MUL, CHANDRAPUR",20,19
2735,Amravati,Amravati,656,2021-22,ANM,"SARASWATI INSTITUTE OF NURSING SCIENCES AND RESEARCH, AMRAVATI",40,40
2736,Nagpur,Bhandara,657,2021-22,ANM,"MAHALAXMI NURSING SCHOOL, TUMSAR, BHANDARA",20,20
2737,Nagpur,Gondia,658,2021-22,ANM,"KAMALATAI BUDHE NURSING SCHOOL, GONDIA",20,20
2738,Nagpur,Wardha,659,2021-22,ANM,"NANDATAI LOHAVE SCHOOL OF NURSING, WARDHA",20,20
2739,Nagpur,Wardha,660,2021-22,ANM,"D. P. NURSING SCHOOL  RESEARCH INSTITUTE, WARDHA",20,16
2740,Nagpur,Bhandara,661,2021-22,ANM,"SAI NURSING SCHOOL, TUMSAR, BHANDARA",50,50
2741,Nagpur,Chandrapur,662,2021-22,ANM,"S.R.V. NURSING SCHOOL  RESEARCH INSTITUTE, NAGBHID, CHANDRAPUR",20,15
2742,Nagpur,Nagpur,663,2021-22,ANM,"SAIRAM SCHOOL OF NURSING, RAMTEK, NAGPUR",20,16
2743,Nagpur,Chandrapur,664,2021-22,ANM,"MOTHER TERESA NURSING ACADAMY, BALLARPUR, CHANDRAPUR",30,22
2744,Nagpur,Nagpur,666,2021-22,ANM,"ACHARYA VINOBA BHAVE SCHOOL OF NURSING, KATOL, NAGPUR",50,50
2745,Amravati,Yavatmal,668,2021-22,ANM,"SWA. RUPESHKUMAR INGOLE SCHOOL OF NURSING, YAVATMAL",20,20
2746,Amravati,Yavatmal,670,2021-22,ANM,"MAHAJAN NURSING SCHOOL, YAVATMAL",20,19
2747,Amravati,Buldana,671,2021-22,ANM,"PAINGANGA INSTITUTE OF NURSING, BULDANA",20,12
2748,Nagpur,Gadchiroli,672,2021-22,ANM,"SHRI SAI SCHOOL OF NURSING, ARMORI, GADCHIROLI",20,17
2749,Amravati,Yavatmal,673,2021-22,ANM,"INDIRABAI BHOYAR SCHOOL OF NURSING, GHATANJI, YAVATMAL",20,19
2750,Nagpur,Wardha,674,2021-22,ANM,"KINKAR SCHOOL OF NURSING, SELOO, WARDHA",20,20
2751,Nagpur,Chandrapur,675,2021-22,ANM,"SANT GAJANAN MAHARAJ NURSING SCHOOL, SINDE WAHI, CHANDRAPUR",20,19
2752,Amravati,Buldana,676,2021-22,ANM,"MAHATMA JYOTIBA PHULE BAHU. SHIKSHAN SANSTHAS NURSING SCHOOL, CHIKHALI, BULDHANA",20,20
2753,Nagpur,Bhandara,678,2021-22,ANM,"SWAPNIL INSTITUTE OF NURSING, PAUNI, BHANDARA",20,13
2754,Nagpur,Bhandara,679,2021-22,ANM,"AROMIRA SCHOOL OF NURSING, BHANDARA",20,14
2755,Amravati,Buldana,680,2021-22,ANM,"DR. K. B. MAPRI INSTITUTE OF NURISNG, LONAR, BULDHANA",20,20
2756,Amravati,Amravati,681,2021-22,ANM,"VIDHARBH SCHOOL OF NURSING, AMRAVATI",20,20
2757,Amravati,Buldana,682,2021-22,ANM,"KALASKAR NURSING INSTITUTE, NANDURA, BULDHANA",20,20
2758,Nagpur,Nagpur,683,2021-22,ANM,"SUMANTAI WASNIK INSTITUTE OF NURSING, NAGPUR",20,20
2759,Amravati,Buldana,684,2021-22,ANM,"KAUSHALYA INSTITUTE OF NURSING, BULDHANA",20,15
2760,Nagpur,Wardha,686,2021-22,ANM,"SATAO NURSING TRAINING SCHOOL, WARDHA",20,17
2761,Nagpur,Bhandara,687,2021-22,ANM,"NAV  YUVA NURSING SCHOOL, BHANDARA",30,30
2762,Nagpur,Nagpur,688,2021-22,ANM,"POOJA NURSING SCHOOL, NAGPUR",40,40
2763,Nagpur,Gondia,689,2021-22,ANM,"HEALTH CARE NURSING SCHOOL, AMGAON, GONDIA",20,20
2764,Nagpur,Bhandara,690,2021-22,ANM,"G.S.NURSING SCHOOL, SAKOLI, BHANDARA",20,14
2765,Chh. Sambhaji Nagar,Chh. Sambhaji Nagar,694,2021-22,ANM,"SHRI GORAKSHA NURSING SCHOOL, PHULAMBRI, AURANGABAD",20,20
2766,Chh. Sambhaji Nagar,Latur,696,2021-22,ANM,"JIJAMATA NURSING SCHOOL, LATUR",20,15
2767,Chh. Sambhaji Nagar,Beed,697,2021-22,ANM,"SHREE VENKATESHA NURSING SCHOOL, BEED",20,20
2768,Chh. Sambhaji Nagar,Latur,699,2021-22,ANM,"S.G.NURSING SCHOOL, LATUR",20,0
2769,Chh. Sambhaji Nagar,Beed,700,2021-22,ANM,"GANDHI NURSING SCHOOL, ASHTI, BEED",20,20
2770,Chh. Sambhaji Nagar,Chh. Sambhaji Nagar,701,2021-22,ANM,"MAHARAJA  SAYAJIRAO GAIKWAD NURSING SCHOOL, AURANGABAD",20,20
2771,Chh. Sambhaji Nagar,Beed,702,2021-22,ANM,"RASHTRAMATA JIJAU NURSING SCHOOL, PATODA, BEED",20,20
2772,Chh. Sambhaji Nagar,Beed,704,2021-22,ANM,"VISHWAS SAWANT NURSING SCHOOL, BEED",20,20
2773,Chh. Sambhaji Nagar,Parbhani,705,2021-22,ANM,"INDIRA GANDHI A.N.M. NURSING SCHOOL, PARBHANI",60,60
2774,Chh. Sambhaji Nagar,Chh. Sambhaji Nagar,707,2021-22,ANM,"DR. DAHIPHALE MEDICAL FOUNDATION TRUSTS SCHOOL OF NURSING, AURANGABAD",20,20
2775,Chh. Sambhaji Nagar,Nanded,708,2021-22,ANM,"KOMALBAI MUNDE NURSING SCHOOL, MUKHED, NANDED",20,13
2776,Chh. Sambhaji Nagar,Nanded,709,2021-22,ANM,"GANSHANTI NURSING SCHOOL, NANDED",30,30
2777,Chh. Sambhaji Nagar,Nanded,710,2021-22,ANM,"RAM RATAN NURSING INSTITUTE, BHOKAR, NANDED",40,40
2778,Chh. Sambhaji Nagar,Dharashiv,711,2021-22,ANM,"BILL GATES NURSING SCHOOL, OSMANABAD",20,19
2779,Chh. Sambhaji Nagar,Nanded,712,2021-22,ANM,"SHAKUNTALA NURSING INSTITUTE, MUDKHED, NANDED",20,19
2780,Chh. Sambhaji Nagar,Latur,714,2021-22,ANM,"JAWALGE NURSING SCHOOL, LATUR",20,19
2781,Chh. Sambhaji Nagar,Nanded,717,2021-22,ANM,"GOVINDRAO PAUL NURSING SCHOOL, NANDED",30,30
2782,Chh. Sambhaji Nagar,Dharashiv,718,2021-22,ANM,"RENUKA NURSING RANM SCHOOL, KALAMB, OSMANABAD",20,20
2783,Chh. Sambhaji Nagar,Latur,719,2021-22,ANM,"DAYEE INSTITUTE OF NURSING,LATUR",20,20
2784,Chh. Sambhaji Nagar,Chh. Sambhaji Nagar,720,2021-22,ANM,"RAJLAKSHMI NURSING SCHOOL, PHULAMBRI, AURANGABAD",20,20
2785,Chh. Sambhaji Nagar,Chh. Sambhaji Nagar,721,2021-22,ANM,"SAVITRIBAI PHULE NURSING SCHOOL, KANNAD, AURANGABAD",60,60
2786,Chh. Sambhaji Nagar,Parbhani,722,2021-22,ANM,"RAJMATA AHILYA DEVI INSTITUTION OF NURSING, PARBHANI",20,20
2787,Chh. Sambhaji Nagar,Nanded,723,2021-22,ANM,"SUBHADRA INSTITUTE NURSING SCHOOL, BILOLI, NANDED",20,20
2788,Chh. Sambhaji Nagar,Parbhani,724,2021-22,ANM,"LATE ANNASAHEB KAKDE NURSING SCHOOL, SAILU, PARBHANI",20,19
2789,Chh. Sambhaji Nagar,Parbhani,725,2021-22,ANM,"KAI. MUNIRAM NIKE NURSING SCHOOL, SONPETH, PARBHANI",20,20
2790,Chh. Sambhaji Nagar,Parbhani,726,2021-22,ANM,"DHANWANTARI NURSING SCHOOL, PALAM, PARBHANI",20,0
2791,Chh. Sambhaji Nagar,Parbhani,727,2021-22,ANM,"RADHAI INSTITUTE OF NURSING SCHOOL, GANGAKHED, PARBHANI",20,20
2792,Chh. Sambhaji Nagar,Latur,728,2021-22,ANM,"PUSHPAI NURSING SCHOOL, AHMEDPUR, LATUR",20,20
2793,Chh. Sambhaji Nagar,Nanded,732,2021-22,ANM,"SWAMI RAMANAND TIRTH NURSING INSTITITUE, KANDHAR, NANDED",20,20
2794,Chh. Sambhaji Nagar,Beed,733,2021-22,ANM,"PRAGATI NURSING SCHOOL, PATODA, BEED",20,17
2795,Chh. Sambhaji Nagar,Beed,734,2021-22,ANM,"SAMARTH NURSING SCHOOL, WADVANI, BEED",20,20
2796,Chh. Sambhaji Nagar,Parbhani,738,2021-22,ANM,"RAJIV GANDHI NURSING SCHOOL, PARBHANI",20,20
2797,Chh. Sambhaji Nagar,Parbhani,740,2021-22,ANM,"SAMARTH NURSING SCHOOL, PARBHANI",20,20
2798,Chh. Sambhaji Nagar,Chh. Sambhaji Nagar,741,2021-22,ANM,"GANGAPUR NURSING SCHOOL, GANGAPUR, AURANGABAD",20,20
2799,Chh. Sambhaji Nagar,Chh. Sambhaji Nagar,742,2021-22,ANM,"SHRI SWAMI SAMARTH NURSING SCHOOL, AURANGABAD",20,20
2800,Chh. Sambhaji Nagar,Chh. Sambhaji Nagar,743,2021-22,ANM,"HUDCO NURSING SCHOOL, AURANGABAD",20,20
2801,Chh. Sambhaji Nagar,Chh. Sambhaji Nagar,744,2021-22,ANM,"SHRADDHA NURSING SCHOOL, AURANGABAD",20,19
2802,Chh. Sambhaji Nagar,Chh. Sambhaji Nagar,745,2021-22,ANM,"NEW NURSING SCHOOL, AURANGABAD",20,19
2803,Chh. Sambhaji Nagar,Chh. Sambhaji Nagar,746,2021-22,ANM,"SHEETAL NURSING SCHOOL, AURANGABAD",20,20
2804,Chh. Sambhaji Nagar,Latur,748,2021-22,ANM,"SAVITHRIBAI PULE NURSING SCHOOL, JALKOT, LATUR",20,13
2805,Chh. Sambhaji Nagar,Nanded,749,2021-22,ANM,"GANGABAI PATIL NURSING SCHOOL, BILOLI, NANDED",20,20
2806,Chh. Sambhaji Nagar,Beed,750,2021-22,ANM,"SANSKRUTI NURSING SCHOOL, BEED",20,19
2807,Chh. Sambhaji Nagar,Hingoli,751,2021-22,ANM,"SHRAVNI INSTISUTE OF NURSING, BASMAT, HINGOLI",20,20
2808,Chh. Sambhaji Nagar,Latur,753,2021-22,ANM,"SUVIDHA NURSING SCHOOL, LATUR",20,0
2809,Chh. Sambhaji Nagar,Chh. Sambhaji Nagar,754,2021-22,ANM,"BHARTIYA NURSING SCHOOL, AURANGABAD",20,20
2810,Chh. Sambhaji Nagar,Hingoli,755,2021-22,ANM,"YESHWANT INSTITUTE OF NURSING SCHOOL, HINGOLI",20,20
2811,Chh. Sambhaji Nagar,Parbhani,756,2021-22,ANM,"SHRI SURESHDADA DESHMUKH INSTITUTE OF NURSING, PARBHANI",20,20
2812,Chh. Sambhaji Nagar,Nanded,757,2021-22,ANM,"BHIVRAJ KALANTRI NURSING INSTITUTE, NANDED",20,20
2813,Chh. Sambhaji Nagar,Beed,758,2021-22,ANM,"KAI BABURAO GHULE SCHOOL OF NURSING, AMBAJOGAI, BEED",20,20
2814,Chh. Sambhaji Nagar,Nanded,760,2021-22,ANM,"RAJMATA JIJAU NURSING SCHOOL, NANDED",20,20
2815,Chh. Sambhaji Nagar,Nanded,763,2021-22,ANM,"MOTHER TERESA NURSING SCHOOL, NANDED",20,18
2816,Chh. Sambhaji Nagar,Nanded,764,2021-22,ANM,"OMKAR NURSING SCHOOL, BILOLI, NANDED",20,20
2817,Chh. Sambhaji Nagar,Latur,765,2021-22,ANM,"MAHARASHTARA NURSING SCHOOL, CHAKUR, LATUR",20,17
2818,Chh. Sambhaji Nagar,Nanded,767,2021-22,ANM,"ADARSHA NURSING SCHOOL, DEGLOOR, NANDED",20,20
2819,Nagpur,Gondia,769,2021-22,ANM,"S. CHANDRA NURSING SCHOOL, AMGAON, GONDIA",20,15
2820,Nagpur,Gondia,770,2021-22,ANM,"SMT. GUNAMALA JAIN CHARITABLE TRUSTS INSTITUTE OF NURSING EDUCATION, GONDIA",20,13
2821,Nagpur,Gondia,771,2021-22,ANM,"SMT. LAXMIBAI CHANDEKAR NURSING SCHOOL, GORGAON, GONDIA",20,20
2822,Nagpur,Gondia,772,2021-22,ANM,"GONDIA CITY INSTITUTE OF NURSING  PARAMEDICAL SCIENCES, GONDIA",20,20
2823,Chh. Sambhaji Nagar,Chh. Sambhaji Nagar,774,2021-22,ANM,"IDEAL NURSING SCHOOL, AURANGABAD",20,20
2824,Chh. Sambhaji Nagar,Latur,775,2021-22,ANM,"MATRUBHOOMI NURSING SCHOOL, UDGIR, LATUR",30,30
2825,Chh. Sambhaji Nagar,Dharashiv,776,2021-22,ANM,"SUSAIN A.N.M. NURSING SCHOOL, OSMANABAD",20,20
2826,Chh. Sambhaji Nagar,Dharashiv,777,2021-22,ANM,"K.T. PATIL SCHOOL OF  NURSING, OSMANABAD",50,28
2827,Chh. Sambhaji Nagar,Chh. Sambhaji Nagar,779,2021-22,ANM,"AURANGABAD NURSING SCHOOL, AURANGABAD",20,20
2828,Chh. Sambhaji Nagar,Chh. Sambhaji Nagar,780,2021-22,ANM,"SHAHNAWAZ NURSING SCHOOL, AURANGABAD",20,20
2829,Chh. Sambhaji Nagar,Nanded,781,2021-22,ANM,"NARMADA NURSING INSTITUTE , LOHA, NANDED",20,20
2830,Chh. Sambhaji Nagar,Parbhani,782,2021-22,ANM,"DNYANAI INSTITUTE OF NURSING SCHOOL, PARBHANI",40,40
2831,Chh. Sambhaji Nagar,Chh. Sambhaji Nagar,783,2021-22,ANM,"SHAHU MAHARAJ NURSING SCHOOL, AURANGABAD",20,10
2832,Chh. Sambhaji Nagar,Parbhani,786,2021-22,ANM,"TORJA NURSING SCHOOL, PARBHANI",20,14
2833,Chh. Sambhaji Nagar,Dharashiv,787,2021-22,ANM,"SAI NURSING COLLEGE, UMERGA, OSMANABAD",20,14
2834,Chh. Sambhaji Nagar,Latur,788,2021-22,ANM,"NEW MOTHER TERESA A.N.M. SCHOOL OF NURSING, UDGIR, LATUR",20,17
2835,Chh. Sambhaji Nagar,Parbhani,790,2021-22,ANM,"SAISHA NURSING SCHOOL, PURNA, PARBHANI",20,20
2836,Chh. Sambhaji Nagar,Hingoli,791,2021-22,ANM,"INDIRA GANDHI NURSING SCHOOL, BASMAT, HINGOLI",20,20
2837,Chh. Sambhaji Nagar,Nanded,792,2021-22,ANM,"MUKTAI NURSING SCHOOL, NANDED",20,20
2838,Chh. Sambhaji Nagar,Parbhani,793,2021-22,ANM,"SHRI SAI INSTITUTION OF NURSING SCHOOL, JINTOR, PARBHANI",20,20
2839,Chh. Sambhaji Nagar,Parbhani,794,2021-22,ANM,"YESHWANT INSTITUTE OF NURSING,  PARBHANI",20,20
2840,Chh. Sambhaji Nagar,Hingoli,795,2021-22,ANM,"LATE S. D. MASKE SCHOOL OF NURSING, HINGOLI",20,20
2841,Chh. Sambhaji Nagar,Beed,797,2021-22,ANM,"DIPTI AAHER NURSING SCHOOL, AMBAJOGAI, BEED",20,20
2842,Chh. Sambhaji Nagar,Hingoli,798,2021-22,ANM,"MOTHER TERESA NURSING SCHOOL, HINGOLI",20,15
2843,Chh. Sambhaji Nagar,Nanded,799,2021-22,ANM,"MOTHER TERESA NURSING INSTITUTE, KANDHAR, NANDED",20,20
2844,Chh. Sambhaji Nagar,Beed,800,2021-22,ANM,"TAMBWERSHWAR NURSING SCHOOL, DHARUR, BEED",20,20
2845,Nashik,Dhule,804,2021-22,ANM,"Palak Nursing Institute, Shirpur, Dhule",20,20
2846,Konkan,Ratnagiri,806,2021-22,ANM,"Devang A.N.M. Nursing School, Ratnagiri",20,20
2847,Pune,Satara,807,2021-22,ANM,"RAJMATA NURSING SCHOOL, SATARA",20,20
2848,Pune,Kolhapur,808,2021-22,ANM,"Late. Ushatai Nursing School, Kolhapur",20,18
2849,Pune,Sangli,809,2021-22,ANM,"Smt. Padmini Institute of Nursing  Paramedical Sciences, Atpadi, Sangli",20,20
2850,Nashik,Ahilyanagar,810,2021-22,ANM,"Saibaba Nursing School, Kolpewadi,  Ahmednagar",60,60
2851,Nashik,Ahilyanagar,811,2021-22,ANM,"Raj Laxmi Nursing School, Ahmednagar",20,17
2852,Nagpur,Wardha,813,2021-22,ANM,"Dimond Nursing Institute, Deoli, Wardha",20,20
2853,Nagpur,Wardha,814,2021-22,ANM,"Kasturba Nurisng School Mandgaon, Samudrapur, Wardha",20,20
2854,Nagpur,Gondia,819,2021-22,ANM,"S.M.Nursing School, Gondia",20,20
2855,Amravati,Buldana,820,2021-22,ANM,"Vision Nursing School, Buldhana",20,11
2856,Amravati,Yavatmal,821,2021-22,ANM,"Varsharaj Nursing School, Wani, Yavatmal",20,20
2857,Nagpur,Chandrapur,822,2021-22,ANM,"Jijamata Insitute of Nursing, Bhadrawati, Chandrapur",20,16
2858,Amravati,Amravati,823,2021-22,ANM,"Maa Renuka School of Nursing, Bhatukali, Amravati",20,20
2859,Nagpur,Chandrapur,824,2021-22,ANM,"Rashtriy Nursing School, Rajura, Chandrapur",20,20
2860,Nagpur,Nagpur,825,2021-22,ANM,"Aakar School of Nursing, Nagpur",20,20
2861,Nagpur,Nagpur,826,2021-22,ANM,"Tanisq School of Nursing, Nagpur",30,30
2862,Chh. Sambhaji Nagar,Hingoli,829,2021-22,ANM,"Ananditai Bengal Nursing School, Sengaon, Hingoli",60,60
2863,Chh. Sambhaji Nagar,Jalna,830,2021-22,ANM,"Om Shanti Nursing School, Bhokardan, Jalna",20,13
2864,Chh. Sambhaji Nagar,Latur,831,2021-22,ANM,"RAJGURU SCHOOL OF NURSING, UDGIR, LATUR",20,20
2865,Chh. Sambhaji Nagar,Nanded,832,2021-22,ANM,"Akshay Nursing School, Nanded",50,50
2866,Chh. Sambhaji Nagar,Parbhani,834,2021-22,ANM,"Kalpana Chawala Nursing School, Parbhani",20,20
2867,Chh. Sambhaji Nagar,Latur,837,2021-22,ANM,"Bapurao Shelke Nursing School, Ahmedpur, Latur",20,20
2868,Chh. Sambhaji Nagar,Beed,838,2021-22,ANM,"Swaraj Indira Gandhi Nursing School, Patoda, Beed",20,20
2869,Chh. Sambhaji Nagar,Beed,839,2021-22,ANM,"Kalai Nursing School, Patoda, Beed",20,20
2870,Konkan,Ratnagiri,870,2021-22,ANM,"The Yash Foundations College of  Nursing  Medical Research Institute, Ratnagiri",30,16
2871,Nashik,Ahilyanagar,880,2021-22,ANM,"Praytna Nursing College, Ahmednagar",20,20
2872,Pune,Pune,898,2021-22,ANM,"Dhareshwar Institute of Nursing, Pune",20,20
2873,Amravati,Buldana,919,2021-22,ANM,VASANTPRABHA SCHOOL OF NURSING BULDHANA,40,0
2874,Nagpur,Nagpur,924,2021-22,ANM,"Shree Sai School of Nursing, Umrer, Nagpur",20,20
2875,Nagpur,Bhandara,935,2021-22,ANM,"Spandan Nursing School, Pauni, Bhandara",60,46
2876,Nagpur,Gondia,937,2021-22,ANM,"RADHABAI BAHEKAR SCHOOL OF NURSING,  GONDIA.",20,20
2877,Chh. Sambhaji Nagar,Beed,939,2021-22,ANM,"District Hospital, Beed",20,19
2878,Chh. Sambhaji Nagar,Chh. Sambhaji Nagar,942,2021-22,ANM,"Aurangabad Training School of Nursing,Shivajinagar, Aurangabad",20,19
2879,Chh. Sambhaji Nagar,Nanded,971,2021-22,ANM,"Marathwada Nursing School, Nanded",20,20
2880,Amravati,Yavatmal,1002,2021-22,ANM,"Devyani School of Nursing, Yavatmal",20,20
2881,Amravati,Buldana,1003,2021-22,ANM,"Dnyandeep Vimukta Va Bhatkya  Jati, Jamati Shikshan Prasarak Mandal Nursing School, Buldhana",20,18
2882,Chh. Sambhaji Nagar,Nanded,1005,2021-22,ANM,"Matoshri Nursing School, Nanded",20,20
2883,Konkan,Mumbai Suburban,1011,2021-22,ANM,"SMT. D.Y.SAWANT NURSING SCHOOL, BHANDUP",20,20
2884,Chh. Sambhaji Nagar,Nanded,1014,2021-22,ANM,"TIRUMALA ANM SCHOOL OF NURSING,HADGAON,NANDED",20,20
2885,Nashik,Ahilyanagar,1017,2021-22,ANM,"SHRIRAMPUR NURSING SCHOOL, SHRIAMPUR, AHMEDNAGAR",20,20
2886,Chh. Sambhaji Nagar,Chh. Sambhaji Nagar,1018,2021-22,ANM,"VAIJAPUR NURSING SCHOOL, AURANGABAD",20,20
2887,Chh. Sambhaji Nagar,Chh. Sambhaji Nagar,1019,2021-22,ANM,"WALUNJ NURSING SCHOOL,WALUNJ, AURANGABAD",20,18
2888,Chh. Sambhaji Nagar,Parbhani,1021,2021-22,ANM,"GENERAL HOSPITAL, PARBHANI",20,19
2889,Konkan,Thane,1022,2021-22,ANM,"SAKET GYANPEETH TRUST, THANE",20,15
2890,Konkan,Raigarh,1023,2021-22,ANM,"MANGAON EDUCATION TRUST, MANGAON, RAIGAD",20,13
2891,Nagpur,Gondia,1025,2021-22,ANM,"K.T.S. GENERAL HOSPITAL, GONDIA",20,20
2892,Chh. Sambhaji Nagar,Beed,1026,2021-22,ANM,"SOU RUKHMINI MANOHAR MACHALE  NURSING SCHOOL, BEED",20,19
2893,Chh. Sambhaji Nagar,Beed,1028,2021-22,ANM,"UNIQUE RANM NURSING SCHOOL, PARLI, BEED",20,20
2894,Chh. Sambhaji Nagar,Chh. Sambhaji Nagar,1029,2021-22,ANM,"MONICA NURSING SCHOOL, AURANGABAD",20,19
2895,Amravati,Akola,1030,2021-22,ANM,"MAA ANUSAYA SCHOOL OF NURSING, AKOLA",20,20
2896,Chh. Sambhaji Nagar,Jalna,1031,2021-22,ANM,"Sharda Nursing School,Jalna",20,16
2897,Chh. Sambhaji Nagar,Parbhani,1032,2021-22,ANM,"Aai Institute of Nursing, Parbhani",20,20
2898,Pune,Solapur,1033,2021-22,ANM,"Swami Samarth Nursing School,Solapur",20,19
2899,Konkan,Sindhudurg,1034,2021-22,ANM,"LATE MRS. ABOLI KULDEEP PEDNEKAR NURSING INSTITUTE, PINGULI, SINDHUDURG",20,20
2900,Chh. Sambhaji Nagar,Chh. Sambhaji Nagar,1035,2021-22,ANM,"CIVIL HOSPITAL, AMKHAS MAIDAN, AURANGABAD",20,20
2901,Chh. Sambhaji Nagar,Hingoli,1038,2021-22,ANM,"V.B.N. NURSING SCHOOL, HINGOLI",20,20
2902,Chh. Sambhaji Nagar,Parbhani,1039,2021-22,ANM,"BLESSING INSTITUTE OF NURSING, PARBHANI",20,20
2903,Nagpur,Nagpur,1040,2021-22,ANM,"INDIRA GANDHI SCHOOL OF NURSING,Golchha marg,sadar, NAGPUR",20,18
2904,Nagpur,Gondia,1041,2021-22,ANM,"ASHWINI NURSING TRAINING SCHOOL, GONDIA",20,20
2905,Amravati,Amravati,1043,2021-22,ANM,"ASHA NURSING SCHOOL, AMRAVATI",20,20
2906,Nagpur,Nagpur,1044,2021-22,ANM,"AVATAR MEHER BABA SCHOOL OF NURSING, NAGPUR",20,20
2907,Nagpur,Wardha,1045,2021-22,ANM,"MAHATMA GANDHI NURSING INSTITUTE, DEOLI, WARDHA",20,20
2908,Amravati,Amravati,1049,2021-22,ANM,"SARSWATI NURSING SCHOOL, DHAMANGAON, AMRAVATI",20,20
2909,Amravati,Washim,1050,2021-22,ANM,"GENERAL HOSPITAL, WASHIM",10,7
2910,Chh. Sambhaji Nagar,Beed,1051,2021-22,ANM,"DISTRICT HOSPITAL, SAWARGAON, AMBAJOGAI, BEED",20,19
2911,Pune,Solapur,1052,2021-22,ANM,"SMT. KAMALBEN PATEL INSTITUTE OF NURISNG, KUMBHARI, SOLAPUR",20,19
2912,Chh. Sambhaji Nagar,Chh. Sambhaji Nagar,1093,2021-22,ANM,"NEW NURSING SCHOOL, JAINPURA PAITHAN, AURANGABAD",20,20
2913,Nashik,Nashik,1099,2021-22,ANM,"Training college of Nursing, general hospital malegaon nashik",20,17
2914,Nashik,Nandurbar,1101,2021-22,ANM,"GENERAL HOSPITAL, NANDURBAR",10,8
2915,Amravati,Yavatmal,1102,2021-22,ANM,"GENERAL HOSPITAL, PUSAD, YAVATMAL",10,10
2916,Chh. Sambhaji Nagar,Hingoli,1103,2021-22,ANM,"GENERAL HOSPITAL, HINGOLI",10,9
2917,Amravati,Yavatmal,1106,2021-22,ANM,"Chintamani School of Nursing, Kalamb, Yavatmal",60,60
2918,Nagpur,Bhandara,1109,2021-22,ANM,"Smt. Shalinitai Meghe College of Nursing & Hospital, Bhilewada, Bhandara",60,0
2919,Nagpur,Nagpur,1110,2021-22,ANM,"Shri K.R.Pandav College of Nursing and Hospital, Nagpur",60,20
2920,Chh. Sambhaji Nagar,Latur,1114,2021-22,ANM,"KSPM's Jijamata Nursing School, Latur",60,43
2921,Chh. Sambhaji Nagar,Chh. Sambhaji Nagar,1115,2021-22,ANM,"Godavari Nursing School of ANM, Aurangabad",60,53
2922,Konkan,Palghar,1117,2021-22,ANM,"Shantai Nursing School, Palghar",60,58
2923,Nagpur,Bhandara,1120,2021-22,ANM,"Sanjeevani Nursing College, Sakoli, Bhandara",20,20
2924,Nashik,Jalgaon,1128,2021-22,ANM,G.M Institute of Nursing Jamner,40,11
2925,Chh. Sambhaji Nagar,Nanded,1129,2021-22,ANM,Rajmudra ANM Nursing School Nanded,40,40
2926,Chh. Sambhaji Nagar,Parbhani,1130,2021-22,ANM,"Dnyanai Nursing School Karegaon,Parbhani",50,50
2927,Chh. Sambhaji Nagar,Hingoli,1132,2021-22,ANM,Indira Gandhi Nursing School Hingoli,60,60
2928,Pune,Kolhapur,1133,2021-22,ANM,Sharad College Of Nursing Ichalkaranji,40,34
2929,Chh. Sambhaji Nagar,Dharashiv,1137,2021-22,ANM,"INSTITUTE OF  NURSING, WASHI, OSMANABAD",20,11
2930,Chh. Sambhaji Nagar,Latur,1138,2021-22,ANM,"Mother Teresa RANM Nursing Institute Yeshwant Society,Udgir Latur",20,18
2931,Nashik,Nashik,1144,2021-22,ANM,"Jeevak School Of Nursing,Mhasrul Nashik",30,27
2932,Chh. Sambhaji Nagar,Jalna,1149,2021-22,ANM,A.M.D Institute Of Nursing Jalna,40,5
2933,Nagpur,Nagpur,1155,2021-22,ANM,"Smt. Rajkamal Tidke Institute of Nursing Mouda, Nagpur",40,0
2934,Nashik,Nashik,1157,2021-22,ANM,"SHREYA NURSING SCHOOL, KALWAN, NASHIK",60,60
2935,Nagpur,Chandrapur,1158,2021-22,ANM,"Meerabai Kamble  Nursing College Bramhapuri, Chandrapur",60,43
2936,Nagpur,Gadchiroli,1164,2021-22,ANM,"SAVITRIBAI FULE ANM NURSING SCHOOL, MEDHHA GADCHIROLI",60,7
2937,Konkan,Thane,1169,2021-22,ANM,"ARYAVEER INSTITUTE OF NURSING,MURBAD THANE",40,20
2938,Nashik,Jalgaon,1170,2021-22,ANM,"MEDILINE INSTITUTE OF NURSING,KUSUMBA,JALGAON",40,40
2939,Pune,Solapur,1186,2021-22,ANM,"SHRIRAM INSTITUTE OF NURSING, PANIV",60,0
2940,Chh. Sambhaji Nagar,Jalna,1189,2021-22,ANM,"JAY AMBE SCHOOL OF NURSING, AMBAD ROAD JALNA",40,0
2941,Amravati,Akola,1192,2021-22,ANM,"MAHATMA PHULE NURSING SCHOOL ANM BABHULGAON, AKOLA",60,60
2942,Konkan,Thane,4,2021-22,GNM,"V. S. GENERAL HOSPITAL, THANE",20,19
2943,Konkan,Raigarh,6,2021-22,GNM,"GENERAL HOSPITAL,  ALIBAG",20,20
2944,Konkan,Ratnagiri,7,2021-22,GNM,"GENERAL HOSPITAL, RATNAGIRI",20,19
2945,Nashik,Nashik,8,2021-22,GNM,"GENERAL HOSPITAL, NASIK",20,20
2946,Nashik,Jalgaon,10,2021-22,GNM,"GENERAL HOSPITAL,  JALGAON",20,19
2947,Nashik,Nashik,12,2021-22,GNM,GANPATRAO ADKE INE.  NASIK,40,40
2948,Nashik,Nashik,13,2021-22,GNM,"NASIK MEDICO TRAINING COLLEGE OF NURSING, NASIK",40,39
2949,Konkan,Ratnagiri,14,2021-22,GNM,"RAMRAJE SCH. NSG, RCON DAPOLI, RATNAGIRI",40,40
2950,Konkan,Raigarh,16,2021-22,GNM,"NOOTAN SCHOOL OF NURSING, RAIGAD",40,40
2951,Konkan,Raigarh,26,2021-22,GNM,"KALAVATI INSTITUTE OF NURSING EDUCATION,  AIROLI NAVI MUMBAI",40,40
2952,Konkan,Ratnagiri,29,2021-22,GNM,"PARKAR MEDICAL FOUNDATION SCHOOL OF NURSING, RATNAGIRI",20,20
2953,Nashik,Nashik,33,2021-22,GNM,"NAMCO SCHOOL OF NURSING, NASIK",40,40
2954,Konkan,Sindhudurg,35,2021-22,GNM,"SHREE ANANT SMRUTI SCHOOL OF NURSING, KASAL",60,60
2955,Nashik,Nashik,38,2021-22,GNM,"NASHIK NURSING SCHOOL, NASHIK",60,60
2956,Nashik,Ahilyanagar,39,2021-22,GNM,"GENERAL HOSPITAL,AHMEDNAGAR",20,20
2957,Pune,Satara,40,2021-22,GNM,"GENERAL HOSPITAL, SATARA",20,20
2958,Pune,Kolhapur,41,2021-22,GNM,"C.P.R. GENERAL HOSPITAL, KOLHAPUR",20,20
2959,Pune,Solapur,42,2021-22,GNM,"DHANRAJGIRIJI HOSPITAL,  SOLAPUR",20,20
2960,Nashik,Ahilyanagar,51,2021-22,GNM,KRANTI SCHOOL OF NURSING  AHMEDNAGAR,40,40
2961,Pune,Kolhapur,53,2021-22,GNM,"DR. J. J. MAGDUM SON, SHIROL, KOLHAPUR",40,40
2962,Pune,Solapur,54,2021-22,GNM,"ASHWINI SAHAKARI SON,  SOLAPUR",30,30
2963,Pune,Pune,62,2021-22,GNM,"Sevadham Trust A.S.M.T. SON, MAVAL, PUNE,",20,19
2964,Pune,Solapur,64,2021-22,GNM,"SHIVAJI SHIKSHAN PRASARAK MANDALS, SON, BARSHI, SOLAPUR",20,20
2965,Pune,Pune,65,2021-22,GNM,"ANAND MEDICAL FOUNDATION, SON, KURULI, KHED, PUNE",20,20
2966,Pune,Sangli,66,2021-22,GNM,"KAMAL INSTITUTE OF NURSING EDUCATION, JATH, SANGLI",20,20
2967,Pune,Sangli,72,2021-22,GNM,"UMA INST. OF NURSING EDUCATION, SANGLI",20,20
2968,Nashik,Ahilyanagar,73,2021-22,GNM,"SEVA NURSING SCHOOL, AHMEDNAGAR",80,80
2969,Pune,Kolhapur,74,2021-22,GNM,"KEDARI REDEKAR  NURSING SCHOOL, GADHINGLAJ, KOLHAPUR",20,20
2970,Pune,Satara,90,2021-22,GNM,"PHALTAN EDUCATION SOCIETY, SCHOOL OF NURSING, PHALTAN ,SATARA",80,79
2971,Nagpur,Wardha,101,2021-22,GNM,"FLORENCE NIGHTINGALE TRAINING COLLEGE OF NURSING,WARDHA.",100,100
2972,Amravati,Amravati,107,2021-22,GNM,"DIST.HOSPITAL FOR WOMEN , AMRAVATI",10,10
2973,Nagpur,Chandrapur,109,2021-22,GNM,"GENERAL HOSPITAL,CHANDRAPUR",30,20
2974,Nagpur,Bhandara,112,2021-22,GNM,"GENERAL HOSPITAL, BHANDARA",10,10
2975,Nagpur,Gadchiroli,113,2021-22,GNM,GENERAL HOSPITAL  GADCHIROLI,10,10
2976,Amravati,Yavatmal,115,2021-22,GNM,"HELEN ROSE SCHOOL OF NURSING UMRI, YAVATMAL",20,20
2977,Amravati,Amravati,116,2021-22,GNM,"MAA GAYATRI SCHOOL OF NURSING, ACHALPUR, AMRAVATI",40,39
2978,Amravati,Akola,118,2021-22,GNM,"INSTITUTE OF NURSING EDUCATION & RESEARCH, AKOLA",40,40
2979,Amravati,Yavatmal,119,2021-22,GNM,"SUMITRABAI THAKARE TRAINING COLLEGE OF NURSING, YAVATMAL",60,58
2980,Amravati,Akola,122,2021-22,GNM,"NATIONAL SCHOOL OF NURSING , AKOLA",20,20
2981,Nagpur,Nagpur,123,2021-22,GNM,"TIRPUDE NURSING TRAINING SCHOOL, NAGPUR",40,40
2982,Amravati,Washim,124,2021-22,GNM,"MAA GANGA NURSING SCHOOL, WASHIM",40,40
2983,Nagpur,Bhandara,126,2021-22,GNM,"SMT. K. N. PATEL  SCHOOL OF NURSING, BHANDARA",40,40
2984,Nagpur,Chandrapur,130,2021-22,GNM,"KALYAN INSTITUTE OF NURSING EDUCATION, RAJURA, CHANDRAPUR",40,40
2985,Nagpur,Chandrapur,131,2021-22,GNM,"PRABHADEVI NURSING SCHOOL, CHANDRAPUR",20,20
2986,Amravati,Yavatmal,136,2021-22,GNM,"MUNGASAJI MAHARAJ NURSING SCHOOL, YAVATMAL",60,60
2987,Amravati,Yavatmal,138,2021-22,GNM,DR. ARCHANATAI GADE PATIL SCHOOL OF NURSING LOHARA YAVATMAL,40,40
2988,Amravati,Amravati,146,2021-22,GNM,DR. PANJABRAO DESHMUKH INST. OF NSG. AMRAVATI,50,50
2989,Nagpur,Wardha,149,2021-22,GNM,"SHALOM SCHOOL OF NURSING, WARDHA",20,20
2990,Nagpur,Wardha,151,2021-22,GNM,"KASABAI SCHOOL OF NURSING, SEVAGRAM,WARDHA",50,50
2991,Chh. Sambhaji Nagar,Nanded,158,2021-22,GNM,"SHRI GURU GOVINDSINGHJI MEMORIAL HOSPITAL, SON, NANDED",50,18
2992,Chh. Sambhaji Nagar,Dharashiv,161,2021-22,GNM,"GENERAL HOSPITAL, SON, OSMANABAD",20,20
2993,Chh. Sambhaji Nagar,Beed,164,2021-22,GNM,"VITHAI HOSPITAL AND RESEARCH CENTRE, SON, BEED",40,40
2994,Chh. Sambhaji Nagar,Chh. Sambhaji Nagar,168,2021-22,GNM,"SHRI DHANESHWARI MANAV VIKAS MANDAL,  AURANGABAD",60,58
2995,Chh. Sambhaji Nagar,Jalna,169,2021-22,GNM,"SHRI SAI  INSTITUE OF NURSING, JALNA",60,60
2996,Chh. Sambhaji Nagar,Parbhani,170,2021-22,GNM,"MAULI INSTITUTE OF NURSING, PARBHANI",40,39
2997,Konkan,Mumbai City,175,2021-22,GNM,"G.T. HOSPITAL, MUMBAI",25,25
2998,Konkan,Mumbai City,177,2021-22,GNM,"ST. GEORGES HOSPITAL, MUMBAI",20,20
2999,Konkan,Mumbai City,178,2021-22,GNM,"B.Y.L.NAIR CHA. HOSP, MUMBAI",100,97
3000,Konkan,Mumbai City,179,2021-22,GNM,"K.E.M. HOSPITAL , MUMBAI",100,99
3001,Konkan,Mumbai Suburban,180,2021-22,GNM,"L.T.M.G.HOSPITAL, SION, MUMBAI",100,97
3002,Konkan,Mumbai City,181,2021-22,GNM,"M.G.M.HOSPITAL, PAREL , MUMBAI",20,19
3003,Konkan,Mumbai City,182,2021-22,GNM,"B.D.P. PARSEE GEN. HOSP.,MUMBAI",20,0
3004,Konkan,Mumbai Suburban,186,2021-22,GNM,"HARILAL BHAGWATI MUNCIPAL GEN.HOSPITAL, SON, BORIVALI , MUMBAI",20,20
3005,Konkan,Mumbai City,187,2021-22,GNM,"DR.R.N.COOPER HOSPITAL, SON, MUMBAI",30,30
3006,Konkan,Mumbai City,188,2021-22,GNM,"K.J.SOMAIYA HOSPITAL  RES. CENTRE, SON, SION , MUMBAI",40,39
3007,Konkan,Mumbai Suburban,189,2021-22,GNM,"HOLY SPIRIT HOSPITAL , ANDHERI , MUMBAI",30,30
3008,Konkan,Mumbai Suburban,191,2021-22,GNM,"GURU NANAK HOSPITAL, SON, BANDRA , MUMBAI",20,20
3009,Konkan,Mumbai Suburban,192,2021-22,GNM,"HOLY FAMILY INSTITUTE OF NURSING EDU., KURLA, MUMBAI",30,30
3010,Konkan,Thane,193,2021-22,GNM,"SAU.MINATAI THAKARE INSTITUTE OF NURSING EDUCATION ,THANE",30,30
3011,Konkan,Thane,194,2021-22,GNM,"UDAY GER SCHOOL OF NURSING, VASAI, THANE",25,25
3012,Konkan,Raigarh,195,2021-22,GNM,"MGMS FLORENCE NIGHTINGALE INSTITUTE OF NSG EDU., NAVI MUMBAI",30,30
3013,Nashik,Nashik,196,2021-22,GNM,"N.D.M.V.P.SAMAJS SCHOOL OF NSG., NASIK",60,60
3014,Nashik,Nashik,197,2021-22,GNM,"GOKHALE EDUCATION SOCIETY , SON, VIDYANAGAR , NASIK",30,30
3015,Nashik,Dhule,198,2021-22,GNM,"JAWAHAR MED.FOUNDATION, SON , DHULE",20,20
3016,Konkan,Sindhudurg,199,2021-22,GNM,"MANAV SADHAN VIKAS SANSTHA, SON, KUDAL, SINDHUDURG",60,60
3017,Konkan,Thane,201,2021-22,GNM,"INSTITUTE  OF  NURSING  EDUCATION , DOMBIVALI",20,20
3018,Nashik,Nashik,203,2021-22,GNM,"GLOBAL HEALTH CARE INSTITUTE , COLLEGE OF NURSING , NASHIK",40,40
3019,Konkan,Thane,204,2021-22,GNM,"BHAKTI VEDANTA HOSPITAL , SCHOOL OF NURSING , MIRAROAD,THANE",20,20
3020,Konkan,Raigarh,205,2021-22,GNM,"YERALA MEDICAL TRUST  RESEARCH CENTRE, SCHOOL OF NURSING , KHARGHAR",60,60
3021,Nashik,Nashik,206,2021-22,GNM,"SAHYADRI SEVA SANSTHA , INSTITUTE OF NURSING , NASIK",60,40
3022,Nashik,Nandurbar,207,2021-22,GNM,"DEOMOGRA FOUNDATION TRUST , NANDURBAR",20,20
3023,Konkan,Raigarh,208,2021-22,GNM,"PRABHAKAR PATIL INSTITUTE OF NURSING EDUCATION, PEN",20,20
3024,Pune,Pune,210,2021-22,GNM,"K.E.M. HOSPITAL , PUNE",20,19
3025,Pune,Pune,211,2021-22,GNM,"POONA HOSPITAL  RESEARCH CENTRE, SON, PUNE",40,33
3026,Nashik,Ahilyanagar,212,2021-22,GNM,"E.BOOTH HOSPITAL, AHMEDNAGAR",20,19
3027,Nashik,Ahilyanagar,213,2021-22,GNM,"ST.LUKES HOSPITAL, SHRIRAMPUR,   AHMEDNAGAR",25,24
3028,Nashik,Ahilyanagar,214,2021-22,GNM,"PRAVARA MED. TRUST, COLLEGE OF NURSING, LONI, AHMEDNAGAR",100,100
3029,Pune,Satara,215,2021-22,GNM,"KRISHNA HOSPITAL  MEDICAL RESEARCH CENTER , KARAD, SATARA",60,60
3030,Pune,Sangli,216,2021-22,GNM,"WANLESS HOSPITAL COLLEGE OF NURSING, MIRAJ , DIST SANGLI",40,40
3031,Pune,Sangli,217,2021-22,GNM,"GENERAL HOSPITAL, SANGLI",20,20
3032,Pune,Solapur,218,2021-22,GNM,"GENERAL HOSPITAL, SOLAPUR",20,19
3033,Pune,Pune,220,2021-22,GNM,"DR. D.Y. PATIL INST OF NURSING EDU , PIMPRI ,PUNE",90,52
3034,Pune,Pune,221,2021-22,GNM,"Maharshi Karve Stree Shikshan Sanstha SMT BAKUL TAMBAT INSTITUTE OF NURSING EDUCATION, KARVE NAGAR PUNE",60,60
3035,Pune,Pune,222,2021-22,GNM,"BHAUSAHEB SARDESAI SCHOOL OF NURSING , TALEGAON GENERAL HOSPITAL , PUNE",20,20
3036,Pune,Pune,223,2021-22,GNM,"BHARATI VIDYAPEETH COLLEGE OF NURSING , PUNE",50,39
3037,Nashik,Ahilyanagar,224,2021-22,GNM,"SHRI VIVEKANAND SCHOOL OF NURSING , RAHURI , AHMEDNAGAR",40,40
3038,Pune,Kolhapur,225,2021-22,GNM,"DR. D.Y.PATIL INSTITUTE OF NURSING EDUCATION , KOLHAPUR",30,28
3039,Pune,Pune,226,2021-22,GNM,"DWARIKA SANGAMNER INSTITUTE OF NURSING EDUCATION, PUNE",20,18
3040,Pune,Pune,227,2021-22,GNM,"N.M. WADIA HOSPITAL, SCHOOL OF NURSING, PUNE",20,0
3041,Pune,Sangli,228,2021-22,GNM,"LOKNETE RAJARAMBAPU PATIL , TRG. COLL. OF NURSING , ISLAMPUR, WALWA, SANGLI",30,29
3042,Pune,Sangli,230,2021-22,GNM,"KASEGAON EDUCATION SOCIETY, SCHOOL OF NURSING, ISLAMPUR, SANGLI",60,60
3043,Pune,Pune,231,2021-22,GNM,"C Y DANGAT PATIL SHIKSHAN AND KRIDA MANDAL, SCHOOL OF NURSING , PUNE",20,20
3044,Pune,Pune,232,2021-22,GNM,"GIRIRAJ SCHOOL OF NURSING , BARAMATI",60,60
3045,Pune,Satara,233,2021-22,GNM,"LATE NARAYANDAS BHAWANGDAS CHHABADA TRAINING COLLEGE OF NURSING, SATARA",30,30
3046,Nashik,Ahilyanagar,234,2021-22,GNM,"ANAND RISHIJI HOSPITAL  MEDICA RES CENTRE, SON, AHMEDNAGAR",40,35
3047,Nashik,Ahilyanagar,235,2021-22,GNM,"PAD DR. V. VIKHE PATIL INSTITUTE OF NURSING EDUCATION, AHMEDNAGAR",80,80
3048,Pune,Sangli,236,2021-22,GNM,"MARY BHORE GENERAL NURSING SCHOOL , MIRAJ",20,20
3049,Pune,Sangli,238,2021-22,GNM,"GULABRAO PATIL INSTITUTE OF NURSING SCIENCES, MIRAJ, SANGLI",40,40
3050,Pune,Pune,239,2021-22,GNM,"SUSHRUSHA NURSING SCHOOL, DAUND , PUNE",50,50
3051,Pune,Satara,240,2021-22,GNM,"W.F.P.M., SCHOOL OF NURSING,  WAI, SATARA",30,29
3052,Pune,Solapur,241,2021-22,GNM,"SAHARA INSTITUTE OF NURSING EDUCATION, AKLUJ , SOLAPUR",20,20
3053,Nagpur,Nagpur,244,2021-22,GNM,"INDIRA GANDHI MEDICAL COLLEGE  HOSPITAL, NAGPUR",40,27
3054,Nagpur,Nagpur,245,2021-22,GNM,"MURE MEMORIAL HOSPITAL SCHOOL OF NURSING, NAGPUR",30,30
3055,Nagpur,Nagpur,246,2021-22,GNM,"MADHURIBAI DESHMUKH INST.OF NSG.EDU., NAGPUR",100,100
3056,Nagpur,Wardha,247,2021-22,GNM,"KASTURBA HEALTH SOCIETY, SEVAGRAM, WARDHA",40,38
3057,Amravati,Amravati,248,2021-22,GNM,"GENERAL HOSPITAL, AMRAVATI",20,19
3058,Amravati,Akola,249,2021-22,GNM,"GENERAL  HOSPITAL, AKOLA",40,18
3059,Nagpur,Nagpur,251,2021-22,GNM,"SURETECH COLLEGE OF NURSING, NAGPUR",60,40
3060,Nagpur,Gadchiroli,253,2021-22,GNM,"DR. SALVE NURSING INSTITUTE  COLLEGE , GADCHIROLI",60,35
3061,Amravati,Buldana,254,2021-22,GNM,"MOTHER TERESA SCHOOL OF NURSING , BULDANA",60,57
3062,Amravati,Yavatmal,255,2021-22,GNM,"SAKSHI DESHMUKH INST OF NURSING , LOHARA , YAVATMAL",40,40
3063,Amravati,Yavatmal,256,2021-22,GNM,"PRUTHVIRAJ DESHMUKH NURSING INSTITUTE, LOHARA, YAVATMAL",40,36
3064,Chh. Sambhaji Nagar,Chh. Sambhaji Nagar,259,2021-22,GNM,"MAHATMA GANDHI MISSION INSTITUTE OF NURSING EDUCATION, AURANGABAD",100,100
3065,Chh. Sambhaji Nagar,Jalna,260,2021-22,GNM,"JALNA MISSION HOSPITAL, JALNA",20,20
3066,Chh. Sambhaji Nagar,Latur,262,2021-22,GNM,"GENERAL HOSPITAL, LATUR",20,20
3067,Chh. Sambhaji Nagar,Beed,263,2021-22,GNM,"SHRI SWAMI VIVEKANAND SCHOOL OF NURSING, BEED",20,20
3068,Chh. Sambhaji Nagar,Latur,264,2021-22,GNM,"SANT TUKARM INSTITUTE OF NURSING EDUCATION, AHMEDPUR, LATUR",30,30
3069,Chh. Sambhaji Nagar,Parbhani,265,2021-22,GNM,"INSTITUTE OF NURSING, PARBHANI",20,20
3070,Nagpur,Nagpur,267,2021-22,GNM,"ASHARAM SCHOOL OF NURSING , NAGPUR",60,60
3071,Chh. Sambhaji Nagar,Dharashiv,271,2021-22,GNM,"INDIRA GANDHI NURSING SCHOOL, OSMANABAD",30,30
3072,Nashik,Ahilyanagar,278,2021-22,GNM,"PARVATIBAI MHASKE INSTITUTE OF NURSING, AHMEDNAGAR",60,60
3073,Konkan,Ratnagiri,281,2021-22,GNM,"SAMARTH INSTITUTE OF NURSING EDUCATION, DERVAN",20,20
3074,Nashik,Ahilyanagar,282,2021-22,GNM,"MAHARASHTRA HOMOEOPATHIC FOUNDATIONS SCHOOL OF NURSING , PATHAR ,  AHMEDNAGAR",80,80
3075,Chh. Sambhaji Nagar,Jalna,283,2021-22,GNM,"VASANTRAO NAIK SHIKSHAN PRASARAK MANDAL, JALNA",40,37
3076,Amravati,Buldana,300,2021-22,GNM,"ANANDI NURSING INSTITUTE  COLLEGE , BULDANA",20,19
3077,Pune,Satara,303,2021-22,GNM,"APARNA INST. OF NURSING EDUCATION , KARAD",30,28
3078,Chh. Sambhaji Nagar,Beed,308,2021-22,GNM,"YASHWANT NURSING SCHOOL, ASHTI, BEED",40,40
3079,Pune,Pune,318,2021-22,GNM,"SHARDABAI PAWAR INSTITUTE OF NURSING, PUNE",60,57
3080,Nashik,Jalgaon,323,2021-22,GNM,"GODAVARI COLLEGE OF  NURSING , JALGAON",100,100
3081,Nagpur,Wardha,331,2021-22,GNM,SARASWATI NURSING SCHOOL GUNJKHEDA WARDHA,60,58
3082,Chh. Sambhaji Nagar,Latur,335,2021-22,GNM,"G.B .PATIL SCHOOL OF NURSING, UDGIR, LATUR",20,20
3083,Chh. Sambhaji Nagar,Latur,336,2021-22,GNM,"SHRI BHAGWAN NURSING SCHOOL, LATUR",20,20
3084,Nashik,Ahilyanagar,342,2021-22,GNM,"SAI NURSING INSTITUTE , RAHATA, AHMEDNAGAR",20,20
3085,Chh. Sambhaji Nagar,Latur,351,2021-22,GNM,"MAHARASHTRA COLLEGE OF NURSING, KAVA, LATUR",25,25
3086,Konkan,Ratnagiri,352,2021-22,GNM,M.E.S SCHOOL OF NURSING KHED RATNAGIRI,40,39
3087,Chh. Sambhaji Nagar,Latur,356,2021-22,GNM,"NAVJEEVAN CHARITABLE TRUST, LATUR",20,20
3088,Amravati,Buldana,359,2021-22,GNM,"HARSH SCHOOL OF NURSING, KHAMGAON, BULDANA",60,35
3089,Nagpur,Gadchiroli,360,2021-22,GNM,"NAVJEEVAN NURSING SCHOOL, CHAMORSHI, GADCHIROLI",20,20
3090,Konkan,Sindhudurg,362,2021-22,GNM,"BR. NATH PAI INSTITUTE OF NURSING, PINGULI, SINDHUDURGA",60,60
3091,Nagpur,Bhandara,378,2021-22,GNM,"POOJA NURSING INSTITUTE , BHANDARA",60,60
3092,Pune,Pune,393,2021-22,GNM,"JAY INSTITUTE OF NURSING , INDAPUR , PUNE",60,60
3093,Konkan,Sindhudurg,400,2021-22,GNM,"GENERAL HOSPITAL,  SINDHUDURG",20,20
3094,Chh. Sambhaji Nagar,Beed,401,2021-22,GNM,"VAIDYANATH NURSING SCHOOL, ,PARALIVAIJNATH, BEED",50,50
3095,Chh. Sambhaji Nagar,Latur,408,2021-22,GNM,"MAHARASHTRA INSTITUTE OF MED. SCI  RE. NSG, LATUR",20,20
3096,Amravati,Yavatmal,410,2021-22,GNM,"SHRI VINAYAKRAOBAPU DESHMUKH NURSING SCHOOL , SAWARGAON , YAVATMAL",60,60
3097,Chh. Sambhaji Nagar,Beed,412,2021-22,GNM,"JIJAMATA SCHOOL OF NURSING, MAJALGAON, BEED",60,53
3098,Chh. Sambhaji Nagar,Chh. Sambhaji Nagar,415,2021-22,GNM,"AURANGABAD NURSING SCHOOL, BHALGAON, AURANGABAD",60,60
3099,Pune,Kolhapur,428,2021-22,GNM,"SHRI BHAIRAVNATH NURSING SCHOOL , ICHALKARANJI  , KOLHAPUR",20,20
3100,Pune,Pune,430,2021-22,GNM,"GURURAJ SCHOOL OF NURSING , PUNE",20,17
3101,Konkan,Raigarh,444,2021-22,GNM,"DR. D. Y. PATIL INSTITUTE OF NURSING EDUCATION, NAVI MUMBAI",20,19
3102,Chh. Sambhaji Nagar,Jalna,446,2021-22,GNM,"GENERAL HOSPITAL, JALANA",10,10
3103,Chh. Sambhaji Nagar,Parbhani,477,2021-22,GNM,"BELESHWAR INSTITUTE OF NURSING, PARBHANI",30,30
3104,Konkan,Thane,484,2021-22,GNM,"NAVJEEVAN SCHOOL OF NURSING, SHAHAPUR, THANE",20,20
3105,Konkan,Raigarh,486,2021-22,GNM,"PRATIBHA SCHOOL OF NURSING, KOPERKHAIRANE, NAVI MUMBAI",70,70
3106,Chh. Sambhaji Nagar,Chh. Sambhaji Nagar,490,2021-22,GNM,"Manik Nursing School, Garkhed, Aurangabad",20,20
3107,Chh. Sambhaji Nagar,Latur,492,2021-22,GNM,"New Vision School of Nursing, Latur",60,60
3108,Chh. Sambhaji Nagar,Beed,493,2021-22,GNM,MAULI NURSING SCHOOL BARSHI ROAD BEED,30,30
3109,Chh. Sambhaji Nagar,Beed,495,2021-22,GNM,"ANKITA DOUND INSTITUTE OF NURSING SCHOOL, AMBAJOGAI, BEED",20,20
3110,Nashik,Nashik,497,2021-22,GNM,"SWAMI VIVEKANAND SANSTHA, MALEGAON, NASHIK",20,20
3111,Pune,Sangli,501,2021-22,GNM,"CHINGUAAI INSTITUTE OF NURSING EDUCATION, KAVATHE MAHANKAL, SANGLI",20,20
3112,Nashik,Ahilyanagar,506,2021-22,GNM,"KOPERGAON TALUKA VIDYARTHI SAHAYYAK SCHOOL OF NURSING,KOPERGAON",20,20
3113,Amravati,Yavatmal,514,2021-22,GNM,"Sanjeevan Nursing School, Yavatmal,",60,50
3114,Nashik,Ahilyanagar,524,2021-22,GNM,"SHREE SAI NURSING SCHOOL, JAMKHED, AHMEDNAGAR",60,48
3115,Nashik,Nashik,541,2021-22,GNM,"KALWAN NURSING SCHOOL, KALWAN, NASHIK",60,60
3116,Nashik,Nashik,542,2021-22,GNM,"DINDORI SCHOOL OF NURSING, DINDORI, NASHIK",60,59
3117,Nashik,Nashik,543,2021-22,GNM,"YEOLA SCHOOL OF NURSING, YEOLA, NASHIK",60,60
3118,Chh. Sambhaji Nagar,Chh. Sambhaji Nagar,545,2021-22,GNM,"Yeshwant Institute of Nursing, Paithan Road, Aurangabad",20,20
3119,Chh. Sambhaji Nagar,Latur,546,2021-22,GNM,"SWAMI VIVEKANAND SHIKSHAN PRASARAK MANDAL, UDGIR, LATUR",20,20
3120,Nagpur,Gondia,552,2021-22,GNM,"S. CHANDRA SCHOOL OF NURSING, ARJUNI GONDIA",20,20
3121,Nagpur,Wardha,557,2021-22,GNM,"Sunita Nursing School, Tal  Shelu, Wardha",60,55
3122,Pune,Solapur,562,2021-22,GNM,"YASHODHARA NURSING INSTITUTE, SOLAPUR",20,20
3123,Chh. Sambhaji Nagar,Beed,564,2021-22,GNM,"Late Ranghunathraoji Kendre Nursing School, Vaijnath, Beed",40,39
3124,Amravati,Akola,568,2021-22,GNM,"MAHARSHI WALMIKI INSTITUTE OF NURSING MALKAPUR,AKOLA",60,47
3125,Pune,Kolhapur,582,2021-22,GNM,"SANT GAJANAN MAHARAJ SCHOOL OF NURSING, CHINCHEWADI, GADHINGLAJ, KOLHAPUR",40,39
3126,Nashik,Dhule,586,2021-22,GNM,"D.S. NURSING SCHOOL, SAKRI, DHULE",60,60
3127,Konkan,Palghar,587,2021-22,GNM,"SHREE GAJANAN MAHARAJ COLLEGE OF  NURSING AND RESEARCH CENTER JAWHAR, PALGHAR",30,30
3128,Nashik,Nashik,589,2021-22,GNM,"IGATPURI NURSING SCHOOL, IGATPURI, NASHIK",60,59
3129,Nashik,Nashik,590,2021-22,GNM,"NIFAD NURSING SCHOOL, NIFAD, NASHIK",60,60
3130,Nashik,Nashik,592,2021-22,GNM,"SAI CARE NURSING SCHOOL, NASHIK",60,60
3131,Nashik,Nashik,593,2021-22,GNM,"JIJAMATA NURSING SCHOOL, MALEGAON, NASHIK",60,60
3132,Konkan,Raigarh,595,2021-22,GNM,"D. D. VISPUTE SCHOOL OF NURSING, PANVEL, RAIGAD",20,20
3133,Nashik,Nashik,597,2021-22,GNM,"RAJEEV GANDHI GNM NURSING COLLEGE, SINNAR, NASHIK",60,58
3134,Nashik,Ahilyanagar,604,2021-22,GNM,"MANGALA INSTITUTE OF NURSING EDUCATION,AKOLE, AHMEDNAGAR",40,40
3135,Pune,Kolhapur,606,2021-22,GNM,"LATE SOU ROSHANBI SHAMANJI NURSING SCHOOL, GADHINGLAJ, KOLHAPUR",20,18
3136,Nashik,Ahilyanagar,608,2021-22,GNM,"ABHINAV NURSING SCHOOL, AHMEDNAGAR",60,60
3137,Pune,Sangli,623,2021-22,GNM,"KEDARNATH NURSING SCHOOL, ISLAMPUR, SANGLI",60,60
3138,Nashik,Ahilyanagar,625,2021-22,GNM,"SHRUTI NURSING SCHOOL, SHRIRAMPUR, AHMEDNAGAR",60,60
3139,Nashik,Ahilyanagar,629,2021-22,GNM,"LATE BHAU DAJI PATIL DESHMUKH GRAMIN VIKAS PRATISHTHANS RANM SCHOOL, AHMEDNAGAR",20,20
3140,Nashik,Ahilyanagar,634,2021-22,GNM,"JIJAMATA NURSING SCHOOL, SHEVGAON, AHMEDNAGAR",20,19
3141,Pune,Solapur,636,2021-22,GNM,"VIJAYSINH MOHITE PATIL SCHOOL OF NURSING, MALSHIRAS, SOLAPUR",30,30
3142,Pune,Pune,637,2021-22,GNM,"LATE UDHAVRAO TULSHIRAM JADHAVAR FOUNDATIONS INSTITUTE OF NURSING, PUNE",30,30
3143,Pune,Solapur,638,2021-22,GNM,"SARDARBI INSTITUTE OF NURSING EDUCATION, MOHOL, SOLAPUR",20,20
3144,Nashik,Ahilyanagar,647,2021-22,GNM,"SIDDHAKALA SCHOOL OF NURSING, SANGAMNER, AHMEDNAGAR",60,60
3145,Pune,Pune,650,2021-22,GNM,"YASH INSTITUTE OF NURSING  PARAMEDICAL SCIENCES, INDAPUR, PUNE",20,20
3146,Nagpur,Wardha,653,2021-22,GNM,"CHETNA NURSING INSTITUTE, WARDHA",60,0
3147,Nagpur,Chandrapur,655,2021-22,GNM,"DEONIL SCHOOL OF NURSING, MUL, CHANDRAPUR",40,40
3148,Amravati,Amravati,656,2021-22,GNM,"SARASWATI INSTITUTE OF NURSING SCIENCES AND RESEARCH, AMRAVATI",40,40
3149,Nagpur,Bhandara,661,2021-22,GNM,"SAI NURSING SCHOOL, TUMSAR, BHANDARA",60,60
3150,Nagpur,Chandrapur,662,2021-22,GNM,"S.R.V. NURSING SCHOOL  RESEARCH INSTITUTE, NAGBHID, CHANDRAPUR",40,40
3151,Nagpur,Chandrapur,664,2021-22,GNM,"MOTHER TERESA NURSING ACADAMY, BALLARPUR, CHANDRAPUR",20,20
3152,Amravati,Yavatmal,670,2021-22,GNM,"MAHAJAN NURSING SCHOOL, YAVATMAL",60,55
3153,Amravati,Buldana,671,2021-22,GNM,"PAINGANGA INSTITUTE OF NURSING, BULDANA",20,16
3154,Nagpur,Gadchiroli,672,2021-22,GNM,"SHRI SAI SCHOOL OF NURSING, ARMORI, GADCHIROLI",40,40
3155,Nagpur,Bhandara,679,2021-22,GNM,"AROMIRA SCHOOL OF NURSING, BHANDARA",20,18
3156,Chh. Sambhaji Nagar,Beed,693,2021-22,GNM,"KAMAL NURSING INSTITUTE, KAIJ, BEED",20,20
3157,Chh. Sambhaji Nagar,Chh. Sambhaji Nagar,694,2021-22,GNM,"SHRI GORAKSHA NURSING SCHOOL, PHULAMBRI, AURANGABAD",20,20
3158,Chh. Sambhaji Nagar,Latur,696,2021-22,GNM,"JIJAMATA NURSING SCHOOL, LATUR",20,20
3159,Chh. Sambhaji Nagar,Parbhani,705,2021-22,GNM,"INDIRA GANDHI A.N.M. NURSING SCHOOL, PARBHANI",60,60
3160,Chh. Sambhaji Nagar,Chh. Sambhaji Nagar,707,2021-22,GNM,"DR. DAHIPHALE MEDICAL FOUNDATION TRUSTS SCHOOL OF NURSING, AURANGABAD",20,20
3161,Chh. Sambhaji Nagar,Nanded,717,2021-22,GNM,"GOVINDRAO PAUL NURSING SCHOOL, NANDED",30,30
3162,Chh. Sambhaji Nagar,Chh. Sambhaji Nagar,721,2021-22,GNM,"SAVITRIBAI PHULE NURSING SCHOOL, KANNAD, AURANGABAD",60,60
3163,Chh. Sambhaji Nagar,Beed,733,2021-22,GNM,"PRAGATI NURSING SCHOOL, PATODA, BEED",60,48
3164,Chh. Sambhaji Nagar,Hingoli,755,2021-22,GNM,"YESHWANT INSTITUTE OF NURSING SCHOOL, HINGOLI",20,20
3165,Chh. Sambhaji Nagar,Nanded,763,2021-22,GNM,"MOTHER TERESA NURSING SCHOOL, NANDED",60,60
3166,Chh. Sambhaji Nagar,Chh. Sambhaji Nagar,774,2021-22,GNM,"IDEAL NURSING SCHOOL, AURANGABAD",20,20
3167,Chh. Sambhaji Nagar,Dharashiv,777,2021-22,GNM,"K.T. PATIL SCHOOL OF  NURSING, OSMANABAD",60,60
3168,Pune,Satara,807,2021-22,GNM,"RAJMATA NURSING SCHOOL, SATARA",80,79
3169,Nagpur,Wardha,814,2021-22,GNM,"Kasturba Nurisng School Mandgaon, Samudrapur, Wardha",40,39
3170,Nagpur,Nagpur,825,2021-22,GNM,"Aakar School of Nursing, Nagpur",40,40
3171,Nagpur,Nagpur,826,2021-22,GNM,"Tanisq School of Nursing, Nagpur",60,60
3172,Chh. Sambhaji Nagar,Hingoli,829,2021-22,GNM,"Ananditai Bengal Nursing School, Sengaon, Hingoli",60,58
3173,Chh. Sambhaji Nagar,Latur,831,2021-22,GNM,"RAJGURU SCHOOL OF NURSING, UDGIR, LATUR",20,20
3174,Chh. Sambhaji Nagar,Nanded,832,2021-22,GNM,"Akshay Nursing School, Nanded",40,40
3175,Nashik,Dhule,852,2021-22,GNM,"SAROJINI SCHOOL OF NURSING, DHULE",30,27
3176,Konkan,Thane,853,2021-22,GNM,"ANUSAYA NURSING COLLEGE, DAHANU, THANE",20,0
3177,Konkan,Thane,859,2021-22,GNM,"JAYRAMSETH CHAUDHARI INSTITUTE OF NURSING EDUCATION  PARAMEDICAL SCIENCE, MURBAD, THANE",30,30
3178,Nashik,Nashik,863,2021-22,GNM,"Tuljabhavani Adiwashi Shikshan Krida  Nursing Institute, Surgana, Nashik",60,59
3179,Nashik,Nandurbar,864,2021-22,GNM,"Angel Nursing School, nandurbar",60,40
3180,Nashik,Nashik,865,2021-22,GNM,"M.A.D.SCHOOL OF NURSING, YEOLA, NASHIK",100,100
3181,Nashik,Nashik,867,2021-22,GNM,"LATE BHIKAJI DARADE SCHOOL OF NURSING YEOLA, NASHIK",100,96
3182,Konkan,Ratnagiri,870,2021-22,GNM,"The Yash Foundations College of  Nursing  Medical Research Institute, Ratnagiri",50,50
3183,Nashik,Nashik,871,2021-22,GNM,JAGADAMBA SCHOOL OF NURSING YEOLA NASHIK,100,100
3184,Nashik,Ahilyanagar,878,2021-22,GNM,VIJAYA SCHOOL OF NURSING PARNER AHMEDNAGAR,30,30
3185,Pune,Pune,879,2021-22,GNM,PIMPRI NURSING SCHOOL CHINCHWAD PUNE,30,30
3186,Nashik,Ahilyanagar,880,2021-22,GNM,"Praytna Nursing College, Ahmednagar",40,40
3187,Nashik,Ahilyanagar,884,2021-22,GNM,"Sant Eknath Institute of Nursing, Shevgaon, Ahmednagar",40,40
3188,Pune,Kolhapur,888,2021-22,GNM,"YASHWANT NURSING INSTITUTE, KODOLI PANHALA KOLHAPUR",60,60
3189,Nashik,Ahilyanagar,889,2021-22,GNM,"Swami Samarth Nursing College, Kolpewadi, Ahmednagar",40,40
3190,Nashik,Ahilyanagar,896,2021-22,GNM,"Jijamata Nursing School, Newasa, Ahmednagar",20,19
3191,Pune,Pune,898,2021-22,GNM,"Dhareshwar Institute of Nursing, Pune",40,39
3192,Nashik,Ahilyanagar,902,2021-22,GNM,"Vamanrao Ithape RGNM School, Sangamner, Ahmednagar",60,60
3193,Pune,Pune,903,2021-22,GNM,"Rajmata Jijau Shikshan Prasarak Mandal School of Nursing, Pune",20,20
3194,Pune,Pune,905,2021-22,GNM,SNEHAL GNM INSTITUTE OF NURSING PUNE,20,20
3195,Pune,Kolhapur,906,2021-22,GNM,"APEX NURSING SCHOOL KARVIR, KOLHAPUR",20,20
3196,Amravati,Buldana,919,2021-22,GNM,VASANTPRABHA SCHOOL OF NURSING BULDHANA,40,27
3197,Nagpur,Nagpur,920,2021-22,GNM,CENTRAL INDIA NURSING COLLEGE NAGPUR,40,40
3198,Amravati,Buldana,921,2021-22,GNM,ONENESS SCHOOL OF NURSING BULDHANA,20,20
3199,Nagpur,Chandrapur,923,2021-22,GNM,"St.Paul Nursing College, Ballarpur, Chandrapur",60,60
3200,Nagpur,Nagpur,924,2021-22,GNM,"Shree Sai School of Nursing, Umrer, Nagpur",20,20
3201,Amravati,Buldana,926,2021-22,GNM,"Late.Vijay Makhamale Institute of RGNM School, Buldhana",20,20
3202,Amravati,Akola,928,2021-22,GNM,SAVITRIBAI FULE SCHOOL OF NURSING AKOLA,60,44
3203,Nagpur,Chandrapur,929,2021-22,GNM,"Meerabai Kamble College of Nursing, Chandrapur",50,50
3204,Amravati,Washim,930,2021-22,GNM,"Mother Teresa College of Nursing, Washim",70,70
3205,Nagpur,Bhandara,935,2021-22,GNM,"Spandan Nursing School, Pauni, Bhandara",60,60
3206,Amravati,Washim,936,2021-22,GNM,SAVITRIBAI PHULE INSTITUTE OF NURSING WASHIM,30,30
3207,Nagpur,Gondia,937,2021-22,GNM,"RADHABAI BAHEKAR SCHOOL OF NURSING,  GONDIA.",20,20
3208,Chh. Sambhaji Nagar,Beed,939,2021-22,GNM,"District Hospital, Beed",60,20
3209,Chh. Sambhaji Nagar,Chh. Sambhaji Nagar,942,2021-22,GNM,"Aurangabad Training School of Nursing,Shivajinagar, Aurangabad",60,60
3210,Chh. Sambhaji Nagar,Hingoli,949,2021-22,GNM,LATE DATTARAO HAIBATRAO THORAT NURSING SCHOOL HINGOLI,40,40
3211,Chh. Sambhaji Nagar,Latur,950,2021-22,GNM,"Arman Nursing School, Latur",20,20
3212,Chh. Sambhaji Nagar,Latur,954,2021-22,GNM,"SONI NURSING SCHOOL, LATUR",20,20
3213,Chh. Sambhaji Nagar,Dharashiv,957,2021-22,GNM,Dr. SHIVAJIRAO GHOGARE NURSING SCHOOL OSMANABAD,40,40
3214,Chh. Sambhaji Nagar,Dharashiv,958,2021-22,GNM,AASTHA SCHOOL OF NURSING OSMANABAD,20,20
3215,Chh. Sambhaji Nagar,Dharashiv,959,2021-22,GNM,NAVIN NURSING SCHOOL OSMANABAD,20,20
3216,Chh. Sambhaji Nagar,Latur,960,2021-22,GNM,"VEDANT RGNM NURSING SCHOOL, LATUR",40,40
3217,Chh. Sambhaji Nagar,Beed,965,2021-22,GNM,"LOKSEVA NURSING SCHOOL, BEED",20,20
3218,Chh. Sambhaji Nagar,Latur,966,2021-22,GNM,"Sharada Institute of Nursing, Latur",80,80
3219,Chh. Sambhaji Nagar,Latur,969,2021-22,GNM,"Sambhajirao Kendre Nursing School, Udgir, Latur",20,20
3220,Chh. Sambhaji Nagar,Nanded,970,2021-22,GNM,"Shivaprasad Nursing Institute, Mukhed, Nanded",30,30
3221,Chh. Sambhaji Nagar,Nanded,971,2021-22,GNM,"Marathwada Nursing School, Nanded",20,20
3222,Chh. Sambhaji Nagar,Latur,973,2021-22,GNM,"FlORENCE SCHOOL OF NURSING, LATUR",20,20
3223,Chh. Sambhaji Nagar,Beed,974,2021-22,GNM,"LATE PRAMODJI MAHAJAN GNM SCHOOL OF NURSING, AMBAJOGAI.  BEED",50,50
3224,Pune,Pune,975,2021-22,GNM,"DR.B.B KHALADKAR GNM NURSING SCHOOL BORIPARDHI, DAUND PUNE",60,41
3225,Chh. Sambhaji Nagar,Beed,978,2021-22,GNM,RENUKA NURSING SCHOOL KAIJ BEED,30,30
3226,Chh. Sambhaji Nagar,Latur,982,2021-22,GNM,RAJIV GANDHI RGNM NURSING SCHOOL UDGIR LATUR,20,20
3227,Chh. Sambhaji Nagar,Nanded,983,2021-22,GNM,"DAGDOJIRAO PATIL RGNM NURSING SCHOOL HADGAON, NANDED",20,20
3228,Chh. Sambhaji Nagar,Latur,985,2021-22,GNM,"KASTURABAI NURSING SCHOOL, UDGIR, LATUR",60,60
3229,Chh. Sambhaji Nagar,Parbhani,986,2021-22,GNM,"Late. Tulsabai Sapanrao Patil Institute of Nursing Education, Parbhani",20,20
3230,Chh. Sambhaji Nagar,Jalna,988,2021-22,GNM,"Arjun School of Nursing, Jalna",20,20
3231,Chh. Sambhaji Nagar,Jalna,990,2021-22,GNM,JAI AMBE SCHOOL OF NURSING JALNA,30,30
3232,Chh. Sambhaji Nagar,Beed,993,2021-22,GNM,"GANGAA INSTITUTE OF MEDICAL SCIENCES, AMBAJOGAI, BEED",20,20
3233,Amravati,Akola,994,2021-22,GNM,"MAHATMA PHULE NURSING SCHOOL, AKOLA",60,60
3234,Chh. Sambhaji Nagar,Chh. Sambhaji Nagar,995,2021-22,GNM,"PADMAVATI NURSING SCHOOL, AURANGABAD",20,40
3235,Chh. Sambhaji Nagar,Beed,996,2021-22,GNM,"OM NURSING SCHOOL, BEED",20,20
3236,Chh. Sambhaji Nagar,Latur,997,2021-22,GNM,LATE PARVATIBAI BURDE NURSING SCHOOL CHAKUR LATUR,20,20
3237,Chh. Sambhaji Nagar,Parbhani,998,2021-22,GNM,"APURVA NURSING INSTITUTE, PARBHANI",20,20
3238,Nashik,Nandurbar,1010,2021-22,GNM,"AAISAHEB JAYABAI G.N.M NURSING, PATHRAI, NANDURBAR",20,20
3239,Amravati,Akola,1020,2021-22,GNM,"ANGEL OF MERCY INSTITUTE OF NURSING SCIENCE,  AKOLA",40,40
3240,Chh. Sambhaji Nagar,Parbhani,1021,2021-22,GNM,"GENERAL HOSPITAL, PARBHANI",20,20
3241,Nagpur,Gondia,1025,2021-22,GNM,"K.T.S. GENERAL HOSPITAL, GONDIA",20,20
3242,Chh. Sambhaji Nagar,Nanded,1042,2021-22,GNM,"SHRI GURURGOVIND SINGHJI MEMORIAL SCHOOL OF NURSING, ARDHAPUR, NANDED",60,60
3243,Chh. Sambhaji Nagar,Beed,1048,2021-22,GNM,"PRAJAKATA NURSING SCHOOL, PARLI, BEED",20,20
3244,Amravati,Washim,1050,2021-22,GNM,"GENERAL HOSPITAL, WASHIM",10,10
3245,Chh. Sambhaji Nagar,Chh. Sambhaji Nagar,1082,2021-22,GNM,"Dr. Hedgewar College of Nursing, Garkheda, Aurangabad",40,39
3246,Pune,Kolhapur,1087,2021-22,GNM,"Dr. Deepak Patil Nursing Institution,Panhala,Kolhapur",50,50
3247,Chh. Sambhaji Nagar,Beed,1094,2021-22,GNM,"S.R.T.R. Govt. Med. College  Hospital, Ambejogai",20,20
3248,Nashik,Nashik,1099,2021-22,GNM,"Training college of Nursing, general hospital malegaon nashik",20,20
3249,Chh. Sambhaji Nagar,Nanded,1100,2021-22,GNM,New Rajmata Jijau RGNM Nursing School,20,20
3250,Nashik,Nandurbar,1101,2021-22,GNM,"GENERAL HOSPITAL, NANDURBAR",10,10
3251,Chh. Sambhaji Nagar,Hingoli,1103,2021-22,GNM,"GENERAL HOSPITAL, HINGOLI",10,10
3252,Nagpur,Wardha,1107,2021-22,GNM,"Shalinitai Meghe College of Nursing, Salod(Hirapur), Wardha",60,60
3253,Nagpur,Nagpur,1108,2021-22,GNM,"Datta Meghe College of Nursing, Wandongari, Nagpur",60,60
3254,Nagpur,Bhandara,1109,2021-22,GNM,"Smt. Shalinitai Meghe College of Nursing & Hospital, Bhilewada, Bhandara",60,60
3255,Nagpur,Nagpur,1110,2021-22,GNM,"Shri K.R.Pandav College of Nursing and Hospital, Nagpur",60,59
3256,Chh. Sambhaji Nagar,Latur,1111,2021-22,GNM,"DAGDOJIRAO PATIL NURSING SCHOOL, JALKOT, LATUR",40,40
3257,Nashik,Dhule,1112,2021-22,GNM,"TCN Shri Bhausaheb Hire Government Medical College & Sarvopachar Rugnalaya, Dhule",20,20
3258,Chh. Sambhaji Nagar,Latur,1114,2021-22,GNM,"KSPM's Jijamata Nursing School, Latur",100,100
3259,Amravati,Washim,1116,2021-22,GNM,"Shivshakti Nursing Institute, Kota, Washim",50,47
3260,Konkan,Palghar,1117,2021-22,GNM,"Shantai Nursing School, Palghar",80,79
3261,Amravati,Akola,1118,2021-22,GNM,"Shree Samarth Nursing College, Balapur, Akola",50,50
3262,Chh. Sambhaji Nagar,Nanded,1119,2021-22,GNM,"Nandigram Nursing College, Nanded",50,50
3263,Chh. Sambhaji Nagar,Latur,1122,2021-22,GNM,"Kohinoor RGNM Nursing School,Latur",50,50
3264,Chh. Sambhaji Nagar,Latur,1123,2021-22,GNM,Swami Vivekanand Institute of Nursing Latur,40,40
3265,Chh. Sambhaji Nagar,Nanded,1124,2021-22,GNM,Rajmudra GNM Nursing School Nanded,50,50
3266,Pune,Pune,1125,2021-22,GNM,Sancheti Institute of Nursing Education,60,60
3267,Chh. Sambhaji Nagar,Jalna,1126,2021-22,GNM,"Chaitanya Nursing School Badnapur, Jalna",60,60
3268,Chh. Sambhaji Nagar,Parbhani,1127,2021-22,GNM,"DNYANAI INSTITUTE OF NURSING SCHOOL Karegaon, PARBHANI",60,60
3269,Nashik,Jalgaon,1128,2021-22,GNM,G.M Institute of Nursing Jamner,60,48
3270,Chh. Sambhaji Nagar,Parbhani,1131,2021-22,GNM,"Indira Gandhi Nursing School Khadrabad Plot,Parbhani",60,60
3271,Chh. Sambhaji Nagar,Nanded,1134,2021-22,GNM,"SAMARTH NURSING SCHOOL,Mudkhed Nanded",40,40
3272,Amravati,Yavatmal,1135,2021-22,GNM,"Yash Institute of Nursing, Yavatmal",40,40
3273,Konkan,Sindhudurg,1136,2021-22,GNM,"Mukundrav Phatak Nursing College, Jamsande",40,35
3274,Chh. Sambhaji Nagar,Dharashiv,1137,2021-22,GNM,"INSTITUTE OF  NURSING, WASHI, OSMANABAD",20,20
3275,Nashik,Ahilyanagar,1139,2021-22,GNM,"SAVITRIBAI PHULE RGNM NURSING COLLEGE, SHRIGONDA, AHMEDNAGAR",20,20
3276,Nashik,Nashik,1140,2021-22,GNM,"MATOSHRI SCHOOL OF NURSING , EKLAHARE, NASIK",50,50
3277,Chh. Sambhaji Nagar,Dharashiv,1141,2021-22,GNM,"RENUKA SCHOOL OF NURSING , KALAMB, OSMANABAD",40,40
3278,Chh. Sambhaji Nagar,Dharashiv,1142,2021-22,GNM,"RENUKA SCHOOL OF NURSING , Ambajogai, OSMANABAD",50,49
3279,Nagpur,Nagpur,1145,2021-22,GNM,"Med Pro College of Nursing,Nandanvan Nagpur",60,60
3280,Chh. Sambhaji Nagar,Nanded,1146,2021-22,GNM,"Sai Institute Of G.N.M Nursing School,Nanded",40,40
3281,Konkan,Palghar,1147,2021-22,GNM,"Bhagwant Nursing School,Moregoan Palghar",50,43
3282,Pune,Pune,1148,2021-22,GNM,"Emerald School of Nursing,Pune",30,22
3283,Chh. Sambhaji Nagar,Jalna,1149,2021-22,GNM,A.M.D Institute Of Nursing Jalna,40,40
3284,Pune,Satara,1150,2021-22,GNM,"Hirai Institute of Nursing Education,Karad",60,60
3285,Nashik,Ahilyanagar,1151,2021-22,GNM,"Shri. Dr. Kolpe Nursing College,Kolpewadi",60,60
3286,Nagpur,Gadchiroli,1152,2021-22,GNM,"Savitribai Fule G.N.M Nursing School,Gadchiroli",60,60
3287,Konkan,Palghar,1153,2021-22,GNM,"Dayanand School of Nursing, Palghar",40,40
3288,Konkan,Raigarh,1154,2021-22,GNM,"Sara School Of Nursing Taloja,Navi Mumbai",40,38
3289,Nagpur,Nagpur,1155,2021-22,GNM,"Smt. Rajkamal Tidke Institute of Nursing Mouda, Nagpur",60,17
3290,Chh. Sambhaji Nagar,Latur,1156,2021-22,GNM,"Sahyadri Institute Of Nursing Education, Latur",60,60
3291,Chh. Sambhaji Nagar,Chh. Sambhaji Nagar,1159,2021-22,GNM,"SAVITRIBAI PHULE NURSING SCHOOL GANGAPUR, AURANGABAD",60,60
3292,Amravati,Buldana,1160,2021-22,GNM,Dr.Rajendra Gode GNM Nursing School Segvan Buldhana,60,60
3293,Chh. Sambhaji Nagar,Jalna,1161,2021-22,GNM,"Om Shanti Nursing College Jomala Bhokardan, Jalna",60,48
3294,Amravati,Amravati,1162,2021-22,GNM,"Gurukul Nursing Institute, Daryapur Amravati",40,39
3295,Nagpur,Bhandara,1163,2021-22,GNM,"ASHIRWAD NURSING SCHOOL OF GNM, SAKOLI BHANDARA",40,40
3296,Nagpur,Gondia,1165,2021-22,GNM,"ACQUARIOUS SCHOOL OF NURSING,KUDWA GONDIA",60,22
3297,Nashik,Ahilyanagar,1166,2021-22,GNM,"SURYA NURSING COLLEGE GNM SANGAMNER,AHMEDNAGAR",60,60
3298,Amravati,Buldana,1167,2021-22,GNM,"S.M.M.B.S SARASWATI NURSING SCHOOL,CHIKHALI BULDHANA",60,41
3299,Nashik,Jalgaon,1170,2021-22,GNM,"MEDILINE INSTITUTE OF NURSING,KUSUMBA,JALGAON",40,40
3300,Chh. Sambhaji Nagar,Dharashiv,1171,2021-22,GNM,"SAHYADRI NURSING COLLEGE,OSMANABAD",60,60
3301,Chh. Sambhaji Nagar,Dharashiv,1172,2021-22,GNM,"MOTHER KANCHAN NURSING INSTITUTE,BARSHI OSMANABAD",40,38
3302,Chh. Sambhaji Nagar,Chh. Sambhaji Nagar,1174,2021-22,GNM,"SWAMI RAMDAS NURSING COLLEGE, BHALGAON AURANGABAD",60,60
3303,Nashik,Ahilyanagar,1175,2021-22,GNM,"Mula Pravara Nursing School,Newasa Ahmednagar",60,60
3304,Chh. Sambhaji Nagar,Parbhani,1176,2021-22,GNM,SAHARA GNM NURSING SCHOOL PARBHANI,40,40
3305,Pune,Pune,1177,2021-22,GNM,"RAJMATA JIJAU SCHOOL OF NURSING , KHARADI BAYPASS PUNE",60,60
3306,Nagpur,Chandrapur,1179,2021-22,GNM,"ELENA SCHOOL OF NURSING BRAMHAPURI,CHANDRAPUR",60,48
3307,Pune,Pune,1180,2021-22,GNM,JAI HIND COLLEGE OF NURSING JUNNER PUNE,60,60
3308,Amravati,Washim,1181,2021-22,GNM,"RAJASHRI SHAHU COLLEGE OF NURSING,WASHIM",40,32
3309,Konkan,Sindhudurg,1182,2021-22,GNM,"SHRI. SARASWATI SCHOOL OF NURSING TONDAVALI,SINDHUDURG",50,48
3310,Nashik,Nashik,1183,2021-22,GNM,"MANMAD NURSING SCHOOL, NANDGAON, NASHIK",60,52
3311,Konkan,Palghar,1184,2021-22,GNM,"PRAJAPATI COLLEGE OF NURSING,KUDUS, PALGHAR",40,35
3312,Chh. Sambhaji Nagar,Hingoli,1185,2021-22,GNM,"INDIRA GANDHI NURSING COLLEGE GNM BASMAT, HINGOLI",60,43
3313,Pune,Solapur,1186,2021-22,GNM,"SHRIRAM INSTITUTE OF NURSING, PANIV",60,60
3314,Chh. Sambhaji Nagar,Latur,1187,2021-22,GNM,"DSPM SCHOOL OF NURSING, BABHALGAON LATUR",60,10
3315,Chh. Sambhaji Nagar,Nanded,1188,2021-22,GNM,"PANDIT DINDAYAL UPADHYAY NURSING SCHOOL, DHANEGAON NANDED",20,17
3316,Chh. Sambhaji Nagar,Jalna,1189,2021-22,GNM,"JAY AMBE SCHOOL OF NURSING, AMBAD ROAD JALNA",40,40
3317,Nashik,Nashik,1190,2021-22,GNM,"SWAMI NARAYAN NURSING INSTITUTE, PANCHAVATI, NASIK",40,35
3318,Amravati,Akola,1191,2021-22,GNM,"MAHATMA PHULE NURSING SCHOOL GNM BABHULGAON, AKOLA",60,60
3319,Konkan,Mumbai City,1,2022-23,ANM,"CAMA  ALBLESS HOSPITAL , MUMBAI",40,38
3320,Konkan,Mumbai City,2,2022-23,ANM,"AKI INSTITUTE OF NURSING, NAGPADA, MUMBAI",20,15
3321,Konkan,Mumbai City,3,2022-23,ANM,"SMT. S. C. NANAVATI OF POLYTECHNIC SCHOOL OF NURSING, MUMBAI",40,40
3322,Konkan,Thane,4,2022-23,ANM,"V. S. GENERAL HOSPITAL, THANE",40,38
3323,Konkan,Raigarh,5,2022-23,ANM,"WOMENS INDIA TRUST, PANVEL",20,20
3324,Konkan,Raigarh,6,2022-23,ANM,"GENERAL HOSPITAL,  ALIBAG",40,38
3325,Konkan,Ratnagiri,7,2022-23,ANM,"GENERAL HOSPITAL, RATNAGIRI",40,40
3326,Nashik,Nashik,8,2022-23,ANM,"GENERAL HOSPITAL, NASIK",40,38
3327,Nashik,Dhule,9,2022-23,ANM,"GENERAL HOSPITAL,  DHULE",40,39
3328,Nashik,Jalgaon,10,2022-23,ANM,"GENERAL HOSPITAL,  JALGAON",40,40
3329,Nashik,Nashik,12,2022-23,ANM,GANPATRAO ADKE INE.  NASIK,20,15
3330,Nashik,Nashik,13,2022-23,ANM,"NASIK MEDICO TRAINING COLLEGE OF NURSING, NASIK",40,5
3331,Konkan,Ratnagiri,14,2022-23,ANM,"RAMRAJE SCH. NSG, RCON DAPOLI, RATNAGIRI",20,20
3332,Konkan,Raigarh,16,2022-23,ANM,"NOOTAN SCHOOL OF NURSING, RAIGAD",30,9
3333,Nashik,Nashik,17,2022-23,ANM,"RACHANA SCHOOL OF NURSING, NASHIK",40,20
3334,Nashik,Nashik,18,2022-23,ANM,"S.N.D. SCHOOL OF NURSING, JES, YEOLA,  NASIK",60,41
3335,Nashik,Nandurbar,19,2022-23,ANM,"K.D. GAVIT NURSING SCHOOL, PATHRAI , NANDURBAR",20,16
3336,Nashik,Dhule,22,2022-23,ANM,RAJANI SMRUTI NSG SCH. DONDAICHA SHINDKHEDA DHULE,30,28
3337,Konkan,Raigarh,23,2022-23,ANM,"LIFE LINE HOSPITAL, PANVEL",20,19
3338,Konkan,Raigarh,26,2022-23,ANM,"KALAVATI INSTITUTE OF NURSING EDUCATION,  AIROLI NAVI MUMBAI",40,10
3339,Nashik,Jalgaon,27,2022-23,ANM,"BHAGINI MANDAL SCHOOL OF NURSING, CHOPDA , JALGAON",25,25
3340,Konkan,Ratnagiri,29,2022-23,ANM,"PARKAR MEDICAL FOUNDATION SCHOOL OF NURSING, RATNAGIRI",20,18
3341,Nashik,Nashik,30,2022-23,ANM,"KARUNA SCHOOL OF NURSING, MANMAD, NASHIK",30,30
3342,Nashik,Jalgaon,31,2022-23,ANM,"KHANDESH NURISNG INSTITUTE, CHALISGAON, JALGAON",20,0
3343,Nashik,Nashik,33,2022-23,ANM,"NAMCO SCHOOL OF NURSING, NASIK",30,24
3344,Konkan,Sindhudurg,35,2022-23,ANM,"SHREE ANANT SMRUTI SCHOOL OF NURSING, KASAL",20,10
3345,Konkan,Sindhudurg,36,2022-23,ANM,"IDEAL NURSING SCHOOL, KANKAVALI, SINDHUDURG",20,20
3346,Nashik,Nashik,37,2022-23,ANM,"VISHWASATTAYA SCHOOL OF NURSING, OZAR",30,5
3347,Nashik,Nashik,38,2022-23,ANM,"NASHIK NURSING SCHOOL, NASHIK",20,19
3348,Nashik,Ahilyanagar,39,2022-23,ANM,"GENERAL HOSPITAL,AHMEDNAGAR",40,40
3349,Pune,Satara,40,2022-23,ANM,"GENERAL HOSPITAL, SATARA",40,39
3350,Pune,Kolhapur,41,2022-23,ANM,"C.P.R. GENERAL HOSPITAL, KOLHAPUR",40,40
3351,Pune,Solapur,42,2022-23,ANM,"DHANRAJGIRIJI HOSPITAL,  SOLAPUR",20,0
3352,Pune,Pune,45,2022-23,ANM,"SETH TARACHAND R.C.A. SCH. OF NSG HOSPITAL, PUNE",20,14
3353,Pune,Pune,46,2022-23,ANM,"Maharashtra Arogya Mandal's Institute of Nursing Education,Malwadi,Hadapsar,Pune",40,38
3354,Pune,Pune,47,2022-23,ANM,"JANASEVA FOUNDATION SCH. OF NSG, PUNE",30,30
3355,Nashik,Ahilyanagar,48,2022-23,ANM,"F.J.F.M. HOSPITAL SCH OF NSG, NEWASA, DISTAHMEDNAGAR",30,18
3356,Nashik,Ahilyanagar,51,2022-23,ANM,KRANTI SCHOOL OF NURSING  AHMEDNAGAR,20,9
3357,Pune,Kolhapur,53,2022-23,ANM,"DR. J. J. MAGDUM SON, SHIROL, KOLHAPUR",20,20
3358,Pune,Solapur,56,2022-23,ANM,"BHAKTI MEDICAL FOUNDATION SCHOOL OF NURSING, SOLAPUR, PANDHARPUR",20,13
3359,Pune,Sangli,57,2022-23,ANM,"SAHAKARMAHARSHI VISHNUANNA PATIL NURSING SCHOOL, SANGLI",20,19
3360,Pune,Sangli,58,2022-23,ANM,"DESAI CHARITABLE TRUST TAL. MIRAJ, SANGLI",30,30
3361,Pune,Kolhapur,59,2022-23,ANM,"WESTERN MAHARASHTRA SCHOOL OF NURSING, TILWANI, KOLHAPUR",20,18
3362,Pune,Sangli,60,2022-23,ANM,"ABHINAV SCHOOL OF NURSING ASHTA, WALWA, SANGLI",30,30
3363,Pune,Pune,62,2022-23,ANM,"Sevadham Trust A.S.M.T. SON, MAVAL, PUNE,",20,16
3364,Pune,Solapur,64,2022-23,ANM,"SHIVAJI SHIKSHAN PRASARAK MANDALS, SON, BARSHI, SOLAPUR",30,27
3365,Pune,Pune,65,2022-23,ANM,"ANAND MEDICAL FOUNDATION, SON, KURULI, KHED, PUNE",40,7
3366,Pune,Sangli,66,2022-23,ANM,"KAMAL INSTITUTE OF NURSING EDUCATION, JATH, SANGLI",20,11
3367,Nashik,Ahilyanagar,67,2022-23,ANM,"VIJAY GANGA RURAL, MED  RES FOUNDATION, SON, AHMEDNAGAR",20,0
3368,Pune,Pune,68,2022-23,ANM,"SANT DNYANESHWAR MED EDUS,SCHOOL OF NURSING, PUNE",20,18
3369,Pune,Sangli,70,2022-23,ANM,"HON.R.R.PATIL INSTITUTE OF NSG EDUCATION,SANGLI",30,22
3370,Pune,Sangli,71,2022-23,ANM,"KRANTIAGRANI G.D.BAPU LAD SCH OF NS, SANGLI",20,20
3371,Pune,Sangli,72,2022-23,ANM,"UMA INST. OF NURSING EDUCATION, SANGLI",20,2
3372,Nashik,Ahilyanagar,73,2022-23,ANM,"SEVA NURSING SCHOOL, AHMEDNAGAR",35,34
3373,Pune,Kolhapur,74,2022-23,ANM,"KEDARI REDEKAR  NURSING SCHOOL, GADHINGLAJ, KOLHAPUR",30,29
3374,Pune,Solapur,75,2022-23,ANM,"SHRI MARKANDEY SOLAPUR SAHAKARI RUGNALAYA, SOLAPUR",25,0
3375,Pune,Pune,76,2022-23,ANM,"MEERA  NURSING SCHOOL, SASWAD, PUNE",30,27
3376,Nashik,Ahilyanagar,77,2022-23,ANM,"INDIRA GANDHI NSG, COLLEGE, PARNER, AHMEDNAGAR",20,19
3377,Pune,Kolhapur,78,2022-23,ANM,"FLORENCE SCHOOL OF NURSING, MAHAGAON, GADHINGLAJ, KOLHAPUR",20,20
3378,Pune,Sangli,82,2022-23,ANM,"KULLOLLI CH.TRUSTS, SCHOOL OF NURSING, MIRAJ, SANGLI",30,22
3379,Pune,Kolhapur,83,2022-23,ANM,"MAHALAXMI NURSING INSTITUTE, KOLHAPUR",20,19
3380,Pune,Satara,84,2022-23,ANM,"SMT. INDUMATI RAMCHANDRA DESHMUKH SCHOOL OF NURSING, KHATAV, SATARA",30,0
3381,Pune,Kolhapur,89,2022-23,ANM,"Y.D. MANE SCHOOL OF NURSING, KAGAL, KOLHAPUR",30,25
3382,Pune,Satara,90,2022-23,ANM,"PHALTAN EDUCATION SOCIETY, SCHOOL OF NURSING, PHALTAN ,SATARA",20,14
3383,Pune,Satara,91,2022-23,ANM,"KANISHKA CHARITABLE TRUSTS, SCHOOL OF NURSING ,SATARA",20,14
3384,Pune,Kolhapur,92,2022-23,ANM,"ADHAAR NURSING SCHOOL, AJRA KOLHAPUR",20,20
3385,Pune,Kolhapur,93,2022-23,ANM,"KAI. BALWANTRAO HANUMANTRAO PATIL SHIKSHAN PRASARAK MANDAL, KARVIR, KOLHAPUR",20,20
3386,Nashik,Ahilyanagar,94,2022-23,ANM,"PRAVARA MEDICAL TRUST,SON, SHEVGAON, AHMEDNAGAR",40,28
3387,Pune,Kolhapur,96,2022-23,ANM,"SARASWATI GAIKWAD NURSING SCHOOL , KOTOLI, PANHALA, KOLHAPUR",20,19
3388,Nashik,Ahilyanagar,98,2022-23,ANM,"NITYASEVA HOSPITAL NURSING SCHOOL, SHEVGAON, AHMEDNAGAR",30,19
3389,Nagpur,Wardha,101,2022-23,ANM,"FLORENCE NIGHTINGALE TRAINING COLLEGE OF NURSING,WARDHA.",60,59
3390,Nagpur,Nagpur,103,2022-23,ANM,"MAHAL MATERNITY HOM, SON, NAGPUR",15,8
3391,Nagpur,Wardha,105,2022-23,ANM,"GENERAL HOSPITAL, WARDHA",40,39
3392,Nagpur,Nagpur,106,2022-23,ANM,"DAGA MEMORIAL HOSPITAL, NAGPUR",40,40
3393,Amravati,Amravati,107,2022-23,ANM,"DIST.HOSPITAL FOR WOMEN , AMRAVATI",40,39
3394,Amravati,Akola,108,2022-23,ANM,"DIST.HOSPITAL FOR WOMEN, AKOLA",40,37
3395,Nagpur,Chandrapur,109,2022-23,ANM,"GENERAL HOSPITAL,CHANDRAPUR",40,40
3396,Amravati,Yavatmal,110,2022-23,ANM,"GENERAL HOSPITAL ,YAVATMAL",40,40
3397,Amravati,Buldana,111,2022-23,ANM,"GENERAL HOSPITAL, BULDANA",40,40
3398,Nagpur,Bhandara,112,2022-23,ANM,"GENERAL HOSPITAL, BHANDARA",40,37
3399,Nagpur,Gadchiroli,113,2022-23,ANM,GENERAL HOSPITAL  GADCHIROLI,40,39
3400,Nagpur,Nagpur,114,2022-23,ANM,"SWAMI VIVEKANAND MED MISSION, PARSODI, SON, KHAPRI , NAGPUR",20,13
3401,Amravati,Yavatmal,115,2022-23,ANM,"HELEN ROSE SCHOOL OF NURSING UMRI, YAVATMAL",20,20
3402,Amravati,Amravati,116,2022-23,ANM,"MAA GAYATRI SCHOOL OF NURSING, ACHALPUR, AMRAVATI",20,19
3403,Nagpur,Wardha,117,2022-23,ANM,"BHARTIYA MAHILA VIKAS NURSING SCHOOL, RAMNAGAR, WARDHA",30,6
3404,Amravati,Akola,118,2022-23,ANM,"INSTITUTE OF NURSING EDUCATION & RESEARCH, AKOLA",60,47
3405,Amravati,Yavatmal,119,2022-23,ANM,"SUMITRABAI THAKARE TRAINING COLLEGE OF NURSING, YAVATMAL",30,18
3406,Nagpur,Nagpur,120,2022-23,ANM,"DR.DALVI MEMORIAL HOSPITAL, SON, NAGPUR",40,22
3407,Nagpur,Nagpur,121,2022-23,ANM,"RIGHT VALUE INSTITUTE OF NURSING, NAGPUR",20,18
3408,Amravati,Akola,122,2022-23,ANM,"NATIONAL SCHOOL OF NURSING , AKOLA",30,14
3409,Nagpur,Nagpur,123,2022-23,ANM,"TIRPUDE NURSING TRAINING SCHOOL, NAGPUR",40,33
3410,Amravati,Washim,124,2022-23,ANM,"MAA GANGA NURSING SCHOOL, WASHIM",20,12
3411,Amravati,Yavatmal,125,2022-23,ANM,"PADOLE NURSING SCHOOL, YAVATMAL",20,20
3412,Konkan,Raigarh,129,2022-23,ANM,"ANURADHA NURSING SCHOOL , CHIKHALI",30,17
3413,Nagpur,Chandrapur,130,2022-23,ANM,"KALYAN INSTITUTE OF NURSING EDUCATION, RAJURA, CHANDRAPUR",30,27
3414,Nagpur,Chandrapur,131,2022-23,ANM,"PRABHADEVI NURSING SCHOOL, CHANDRAPUR",40,40
3415,Amravati,Yavatmal,134,2022-23,ANM,"TULSHIRAMJI SHEBE SCHOOL OF NURSING, PUSAD, YAVATMAL",30,30
3416,Amravati,Yavatmal,136,2022-23,ANM,"MUNGASAJI MAHARAJ NURSING SCHOOL, YAVATMAL",60,60
3417,Amravati,Yavatmal,137,2022-23,ANM,"MUNGASAJI MAHARAJ NURSING SCHOOL, DHARWA, YAVATMAL",60,60
3418,Amravati,Yavatmal,138,2022-23,ANM,DR. ARCHANATAI GADE PATIL SCHOOL OF NURSING LOHARA YAVATMAL,35,35
3419,Nagpur,Wardha,139,2022-23,ANM,"SHRI RADHASWAMI  NURSING SCHOOL, WARDHA",13,0
3420,Nagpur,Wardha,140,2022-23,ANM,"JANATA NURSING SCHOOL, HINGANGHAT, WARDHA",20,16
3421,Nagpur,Nagpur,141,2022-23,ANM,"KALYANI NURSING SCHOOL, NAGPUR",20,17
3422,Nagpur,Nagpur,142,2022-23,ANM,"RENUKA NURSING SCHOOL, HINGANA, NAGPUR",20,0
3423,Amravati,Amravati,144,2022-23,ANM,"SUJATA SCHOOL OF NURSING, AMRAVATI",30,15
3424,Amravati,Amravati,146,2022-23,ANM,DR. PANJABRAO DESHMUKH INST. OF NSG. AMRAVATI,30,30
3425,Amravati,Akola,148,2022-23,ANM,"MAHATMA PHULE INSTITUTE OF NURSING, AKOLA",60,60
3426,Nagpur,Wardha,149,2022-23,ANM,"SHALOM SCHOOL OF NURSING, WARDHA",40,30
3427,Nagpur,Wardha,151,2022-23,ANM,"KASABAI SCHOOL OF NURSING, SEVAGRAM,WARDHA",20,9
3428,Amravati,Buldana,152,2022-23,ANM,"INDIRA BAHU. SHIKSHAN SANSTHS, SCHOOL OF NURSING, SAGWAN, BULDHANA",20,12
3429,Amravati,Buldana,153,2022-23,ANM,"INDIRA BAHU SHIKSHAN SANSTHS, SCHOOL OF NURSING,BELAD MALKAPUR",20,20
3430,Nagpur,Bhandara,155,2022-23,ANM,"SHARDA NURSING SCHOOL, KHAPA TUMSAR, BHANDARA",20,11
3431,Chh. Sambhaji Nagar,Nanded,158,2022-23,ANM,"SHRI GURU GOVINDSINGHJI MEMORIAL HOSPITAL, SON, NANDED",40,40
3432,Chh. Sambhaji Nagar,Nanded,159,2022-23,ANM,"SMT. PRAMILATAI BHALERAO SCHOOL OF NURSING, Nanded",30,24
3433,Chh. Sambhaji Nagar,Dharashiv,161,2022-23,ANM,"GENERAL HOSPITAL, SON, OSMANABAD",40,39
3434,Chh. Sambhaji Nagar,Chh. Sambhaji Nagar,168,2022-23,ANM,"SHRI DHANESHWARI MANAV VIKAS MANDAL,  AURANGABAD",20,20
3435,Chh. Sambhaji Nagar,Jalna,169,2022-23,ANM,"SHRI SAI  INSTITUE OF NURSING, JALNA",20,2
3436,Chh. Sambhaji Nagar,Parbhani,170,2022-23,ANM,"MAULI INSTITUTE OF NURSING, PARBHANI",20,18
3437,Chh. Sambhaji Nagar,Latur,174,2022-23,ANM,"INDIRA GANDHI NURSING SCHOOL, LATUR",30,27
3438,Konkan,Sindhudurg,199,2022-23,ANM,"MANAV SADHAN VIKAS SANSTHA, SON, KUDAL, SINDHUDURG",40,1
3439,Konkan,Thane,201,2022-23,ANM,"INSTITUTE  OF  NURSING  EDUCATION , DOMBIVALI",20,12
3440,Nashik,Nashik,206,2022-23,ANM,"SAHYADRI SEVA SANSTHA , INSTITUTE OF NURSING , NASIK",20,9
3441,Konkan,Raigarh,208,2022-23,ANM,"PRABHAKAR PATIL INSTITUTE OF NURSING EDUCATION, PEN",20,19
3442,Pune,Pune,221,2022-23,ANM,"Maharshi Karve Stree Shikshan Sanstha SMT BAKUL TAMBAT INSTITUTE OF NURSING EDUCATION, KARVE NAGAR PUNE",30,30
3443,Pune,Pune,226,2022-23,ANM,"DWARIKA SANGAMNER INSTITUTE OF NURSING EDUCATION, PUNE",20,14
3444,Pune,Sangli,228,2022-23,ANM,"LOKNETE RAJARAMBAPU PATIL , TRG. COLL. OF NURSING , ISLAMPUR, WALWA, SANGLI",20,15
3445,Pune,Sangli,230,2022-23,ANM,"KASEGAON EDUCATION SOCIETY, SCHOOL OF NURSING, ISLAMPUR, SANGLI",20,20
3446,Pune,Pune,231,2022-23,ANM,"C Y DANGAT PATIL SHIKSHAN AND KRIDA MANDAL, SCHOOL OF NURSING , PUNE",20,16
3447,Pune,Pune,232,2022-23,ANM,"GIRIRAJ SCHOOL OF NURSING , BARAMATI",50,49
3448,Pune,Satara,233,2022-23,ANM,"LATE NARAYANDAS BHAWANGDAS CHHABADA TRAINING COLLEGE OF NURSING, SATARA",20,20
3449,Pune,Solapur,241,2022-23,ANM,"SAHARA INSTITUTE OF NURSING EDUCATION, AKLUJ , SOLAPUR",20,17
3450,Nagpur,Nagpur,251,2022-23,ANM,"SURETECH COLLEGE OF NURSING, NAGPUR",30,20
3451,Nagpur,Gadchiroli,253,2022-23,ANM,"DR. SALVE NURSING INSTITUTE  COLLEGE , GADCHIROLI",30,9
3452,Amravati,Yavatmal,256,2022-23,ANM,"PRUTHVIRAJ DESHMUKH NURSING INSTITUTE, LOHARA, YAVATMAL",20,14
3453,Chh. Sambhaji Nagar,Chh. Sambhaji Nagar,259,2022-23,ANM,"MAHATMA GANDHI MISSION INSTITUTE OF NURSING EDUCATION, AURANGABAD",20,15
3454,Chh. Sambhaji Nagar,Latur,262,2022-23,ANM,"GENERAL HOSPITAL, LATUR",40,31
3455,Nagpur,Nagpur,266,2022-23,ANM,"ARNEJA INSTITUTE OF NURSING SCIENCES , NAGPUR",20,11
3456,Nagpur,Nagpur,267,2022-23,ANM,"ASHARAM SCHOOL OF NURSING , NAGPUR",20,20
3457,Pune,Satara,270,2022-23,ANM,"SHAKUNTALA  INSTITUTE OF NURSING EDUCATION , SATARA",20,18
3458,Chh. Sambhaji Nagar,Dharashiv,271,2022-23,ANM,"INDIRA GANDHI NURSING SCHOOL, OSMANABAD",20,15
3459,Pune,Kolhapur,272,2022-23,ANM,"SAU. JEBELINA NURSING SCHOOL, GARGOTI, KOLHAPUR",20,20
3460,Chh. Sambhaji Nagar,Nanded,273,2022-23,ANM,"INDIRA GANDHI NURSING SCHOOL, MUKHED, NANDED",20,20
3461,Amravati,Amravati,274,2022-23,ANM,"UTTAMRAO UMAK MEMORIAL NURSING SCHOOL,  ANJANGAON, AMRAVATI",20,20
3462,Amravati,Amravati,275,2022-23,ANM,"KAMLABAI UMAK NURSING SCHOOL, AMRAVATI",20,20
3463,Amravati,Amravati,276,2022-23,ANM,"LAXMANRAO UMAK MEMORIAL NURSING SCHOOL, BADNERA, AMRAVATI",20,20
3464,Nashik,Ahilyanagar,278,2022-23,ANM,"PARVATIBAI MHASKE INSTITUTE OF NURSING, AHMEDNAGAR",20,9
3465,Chh. Sambhaji Nagar,Nanded,279,2022-23,ANM,"LOTUS NURSING INSTITUTE, NANDED",20,19
3466,Nagpur,Nagpur,280,2022-23,ANM,"MATRU SEVA SANGH NURSING SCHOOL,SITABULDI ,MATERNITY HOME NAGPUR",40,21
3467,Konkan,Ratnagiri,281,2022-23,ANM,"SAMARTH INSTITUTE OF NURSING EDUCATION, DERVAN",20,20
3468,Nashik,Ahilyanagar,282,2022-23,ANM,"MAHARASHTRA HOMOEOPATHIC FOUNDATIONS SCHOOL OF NURSING , PATHAR ,  AHMEDNAGAR",20,20
3469,Chh. Sambhaji Nagar,Jalna,283,2022-23,ANM,"VASANTRAO NAIK SHIKSHAN PRASARAK MANDAL, JALNA",20,8
3470,Pune,Sangli,284,2022-23,ANM,"ADARSH NURSING SCHOOL, VITA, SANGLI",20,19
3471,Chh. Sambhaji Nagar,Chh. Sambhaji Nagar,286,2022-23,ANM,"MATA GIRIJA SCHOOL OF NURSING, AURANGABAD.",20,20
3472,Pune,Kolhapur,287,2022-23,ANM,"KURUNDWAD INST. OF NURSING EDUCATION,SHIROL, KOLHAPUR",20,20
3473,Amravati,Akola,289,2022-23,ANM,"RADHIKA NURSING SCHOOL, AKOLA",20,20
3474,Chh. Sambhaji Nagar,Parbhani,290,2022-23,ANM,"MATOSHRI NURSING SCHOOL, PARBHANI",20,20
3475,Pune,Sangli,294,2022-23,ANM,"HUTATMA INSTITUTE OF NURSING , WALWA , SANGLI",20,20
3476,Pune,Solapur,296,2022-23,ANM,"BINIT NURSING INSTITUTE , SOLAPUR",20,20
3477,Nashik,Dhule,297,2022-23,ANM,"NANDA AAI BAHU. NURSING TRAINING CENTRE, DEOPUR, DHULE",20,17
3478,Amravati,Akola,299,2022-23,ANM,"ANGLE OF MERCY INSTITUTE OF NURSING SCIENCE, AKOLA",20,16
3479,Pune,Pune,301,2022-23,ANM,"PUKHRAJ NAGRAJ RANKA SCHOOL OF NURSING , PUNE",20,17
3480,Pune,Satara,303,2022-23,ANM,"APARNA INST. OF NURSING EDUCATION , KARAD",20,3
3481,Chh. Sambhaji Nagar,Nanded,304,2022-23,ANM,"DR. G. A. GAIKWAD INSTITUTE OF NURSING, DEGLOOR, NANDED",20,17
3482,Pune,Kolhapur,305,2022-23,ANM,"CREATIVE NURSING SCHOOL , GADHINGLAJ , KOLHAPUR",20,20
3483,Pune,Satara,306,2022-23,ANM,"SANJEEVAN MEDICAL COLLEGE OF NURSING , SATARA",30,30
3484,Nashik,Ahilyanagar,307,2022-23,ANM,"WAMANRAO ITHAPE NURSING COLLEGE, SANGAMNER, AHMEDNAGAR",30,25
3485,Chh. Sambhaji Nagar,Beed,308,2022-23,ANM,"YASHWANT NURSING SCHOOL, ASHTI, BEED",20,20
3486,Nashik,Nashik,309,2022-23,ANM,"SHREE SWAMI NARAYAN  NURSING INSTITUE, NASIK",40,27
3487,Chh. Sambhaji Nagar,Beed,310,2022-23,ANM,"S.S.P.M. NURSING COLLEGE, ASHTI, BEED",20,20
3488,Chh. Sambhaji Nagar,Chh. Sambhaji Nagar,311,2022-23,ANM,"SAKOLKAR NURSING SCHOOL, AURANGABAD",20,13
3489,Pune,Pune,312,2022-23,ANM,"GENERAL HOSPITAL, AUNDH, PUNE",40,39
3490,Chh. Sambhaji Nagar,Beed,313,2022-23,ANM,"DR. T. M. DHONDE SCHOOL OF NURSING, ASHTI , BEED",30,30
3491,Chh. Sambhaji Nagar,Beed,314,2022-23,ANM,"NEW NURSING SCHOOL, BEED",20,20
3492,Chh. Sambhaji Nagar,Dharashiv,316,2022-23,ANM,"JEEVAN JYOT AROGYA SHIKSHAN SANSTHA, SCHOOL OF NURSING, OSMANABAD",20,6
3493,Pune,Pune,317,2022-23,ANM,"TEJASWINI NURSING SCHOOL, JUNNAR, PUNE",40,36
3494,Pune,Pune,318,2022-23,ANM,"SHARDABAI PAWAR INSTITUTE OF NURSING, PUNE",40,34
3495,Nashik,Jalgaon,323,2022-23,ANM,"GODAVARI COLLEGE OF  NURSING , JALGAON",30,29
3496,Nashik,Nashik,325,2022-23,ANM,"MATOSHRI SCHOOL OF A.N.M. NURSING , EKLAHARE, NASIK",60,33
3497,Amravati,Amravati,326,2022-23,ANM,"BHAKTI VEDANT SCHOOL OF NURSING, AMRAVATI",20,0
3498,Amravati,Washim,327,2022-23,ANM,"MANSI COLLEGE OF NURSING , WASHIM",40,38
3499,Nagpur,Wardha,328,2022-23,ANM,"EKVIRA DEVI EDUCATION SOCIETY, SCHOOL OF NURSING, WARDHA",20,0
3500,Nagpur,Nagpur,329,2022-23,ANM,"MOTHER TERESA NURSING INSTITUTE , NAGPUR",20,20
3501,Nashik,Nashik,330,2022-23,ANM,"MATOSHRI SCHOOL OF A.N.M. NURSING , BABULGAON , NASIK",60,34
3502,Nagpur,Wardha,331,2022-23,ANM,SARASWATI NURSING SCHOOL GUNJKHEDA WARDHA,60,45
3503,Chh. Sambhaji Nagar,Chh. Sambhaji Nagar,332,2022-23,ANM,"RAMKRISHANA NURSING SCHOOL, SILLOD, AURANGABAD",20,11
3504,Amravati,Amravati,333,2022-23,ANM,"FLORENCE NIGHTINGLE NURSING SCHOOL, AMRAVATI",30,30
3505,Amravati,Amravati,334,2022-23,ANM,"EKVIRA SCHOOL OF NURSING , DARYAPUR , AMRAVATI",20,20
3506,Chh. Sambhaji Nagar,Latur,335,2022-23,ANM,"G.B .PATIL SCHOOL OF NURSING, UDGIR, LATUR",20,17
3507,Chh. Sambhaji Nagar,Latur,336,2022-23,ANM,"SHRI BHAGWAN NURSING SCHOOL, LATUR",20,10
3508,Amravati,Amravati,341,2022-23,ANM,"M.J. PAWADE NURSING SCHOOL, WARUD,  AMRAVATI",20,20
3509,Nashik,Ahilyanagar,342,2022-23,ANM,"SAI NURSING INSTITUTE , RAHATA, AHMEDNAGAR",20,12
3510,Nagpur,Nagpur,343,2022-23,ANM,"MADHUKARRAO MAHAKALKAR NURSING SCHOOL , DIGHORI , NAGPUR",30,23
3511,Chh. Sambhaji Nagar,Dharashiv,349,2022-23,ANM,"HALO NURSING SCHOOL, ANADUR, TULJAPUR",20,11
3512,Amravati,Buldana,350,2022-23,ANM,"RAJSHREE SCHOOL OF NURSING, MEHKAR, BULDANA",20,16
3513,Konkan,Ratnagiri,352,2022-23,ANM,M.E.S SCHOOL OF NURSING KHED RATNAGIRI,30,29
3514,Chh. Sambhaji Nagar,Latur,353,2022-23,ANM,"YASHWANT NURSING TRAINING SCHOOL, AHMADPUR, LATUR",20,20
3515,Pune,Kolhapur,355,2022-23,ANM,"SAHAKAR MAHARSHI TATYASHEB KORE NURSING SCHOOL , HATKANGALE, KOLHAPUR",20,20
3516,Chh. Sambhaji Nagar,Latur,356,2022-23,ANM,"NAVJEEVAN CHARITABLE TRUST, LATUR",20,20
3517,Amravati,Buldana,359,2022-23,ANM,"HARSH SCHOOL OF NURSING, KHAMGAON, BULDANA",20,17
3518,Nagpur,Gadchiroli,360,2022-23,ANM,"NAVJEEVAN NURSING SCHOOL, CHAMORSHI, GADCHIROLI",20,20
3519,Konkan,Sindhudurg,362,2022-23,ANM,"BR. NATH PAI INSTITUTE OF NURSING, PINGULI, SINDHUDURGA",40,16
3520,Chh. Sambhaji Nagar,Latur,363,2022-23,ANM,"BHIVRAI NURSING SCHOOL, LATUR",20,19
3521,Chh. Sambhaji Nagar,Latur,364,2022-23,ANM,"BALVIKAS MAHILA MANDAL, SCHOOL OF NURSING, LATUR",20,20
3522,Chh. Sambhaji Nagar,Parbhani,365,2022-23,ANM,"BHARATRATNA MOTHER TERSA NURSING SCHOOL, SELU, PARBHANI",20,20
3523,Chh. Sambhaji Nagar,Dharashiv,366,2022-23,ANM,"SAI NURSING SCHOOL, OSMANABAD",20,0
3524,Chh. Sambhaji Nagar,Parbhani,367,2022-23,ANM,"INSTITUTE OF NURSING EDUCATION,MANWATH, PARBHANI",20,16
3525,Nashik,Jalgaon,368,2022-23,ANM,"DADASAHEB DR. SURESH G. PATIL COLLEGE OF NURSING , CHOPDA , JALGAON",40,40
3526,Nashik,Ahilyanagar,370,2022-23,ANM,"BAHUJAN SAMAJ PRABODHAN SCHOOL OF NURSING, AKOLE, AHMEDNAGAR",20,13
3527,Chh. Sambhaji Nagar,Latur,371,2022-23,ANM,"LATE MAHALINGE SWAMI NURSING SCHOOL, LATUR",20,20
3528,Amravati,Amravati,372,2022-23,ANM,"SMT. VASUNDHARABAI GHUIKHEDKAR NURSING SCHOOL, AMRAVATI",60,60
3529,Nagpur,Wardha,373,2022-23,ANM,"PARVATIBAI SCHOOL OF NURSING, WARDHA",30,30
3530,Chh. Sambhaji Nagar,Parbhani,374,2022-23,ANM,"TIRUPATI NURSING SCHOOL,PARBHANI",40,40
3531,Amravati,Yavatmal,377,2022-23,ANM,"SHRI SWAMI SAMARTH NURSING SCHOOL, YAVATMAL",20,20
3532,Nagpur,Bhandara,378,2022-23,ANM,"POOJA NURSING INSTITUTE , BHANDARA",40,40
3533,Amravati,Amravati,381,2022-23,ANM,"MELGHAT NURSING SCHOOL , PARATWADA , AMRAVATI",20,18
3534,Chh. Sambhaji Nagar,Latur,383,2022-23,ANM,"RASTRAMATA JIJAU NURSING SCHOOL, NILANGA, LATUR",20,18
3535,Chh. Sambhaji Nagar,Beed,385,2022-23,ANM,"RAGHUNATHRAO MUNDHE INSTITUTE OF NURSING, AMBEJOGAI, BEED",20,10
3536,Pune,Satara,386,2022-23,ANM,"SHIVRASHTRA COLLEGE OF NURSING , KARAD , SATARA",20,20
3537,Pune,Pune,393,2022-23,ANM,"JAY INSTITUTE OF NURSING , INDAPUR , PUNE",20,18
3538,Chh. Sambhaji Nagar,Latur,394,2022-23,ANM,"TIRMULLA  A.N.M. NURSING SCHOOL, JALKOT, LATUR",20,20
3539,Pune,Solapur,395,2022-23,ANM,"RAJMATA JIJAU NURSING SCHOOL, PANDHARPUR",20,19
3540,Konkan,Sindhudurg,400,2022-23,ANM,"GENERAL HOSPITAL,  SINDHUDURG",40,38
3541,Chh. Sambhaji Nagar,Beed,401,2022-23,ANM,"VAIDYANATH NURSING SCHOOL, ,PARALIVAIJNATH, BEED",40,16
3542,Pune,Pune,405,2022-23,ANM,"JANAKI INSTITUTE OF NURSING EDUCATION , PUNE",20,18
3543,Amravati,Yavatmal,410,2022-23,ANM,"SHRI VINAYAKRAOBAPU DESHMUKH NURSING SCHOOL , SAWARGAON , YAVATMAL",60,59
3544,Chh. Sambhaji Nagar,Beed,412,2022-23,ANM,"JIJAMATA SCHOOL OF NURSING, MAJALGAON, BEED",20,2
3545,Chh. Sambhaji Nagar,Chh. Sambhaji Nagar,415,2022-23,ANM,"AURANGABAD NURSING SCHOOL, BHALGAON, AURANGABAD",20,20
3546,Chh. Sambhaji Nagar,Latur,420,2022-23,ANM,"SANT RAMBHAU A.N.M. SCHOOL , AHMEDPUR , LATUR",20,20
3547,Chh. Sambhaji Nagar,Parbhani,421,2022-23,ANM,"MADHAV A.N.M. SCHOOL, PARBHANI",20,16
3548,Chh. Sambhaji Nagar,Chh. Sambhaji Nagar,423,2022-23,ANM,"PAITHAN NURSING SCHOOL, PAITHAN, AURANGABAD",20,17
3549,Chh. Sambhaji Nagar,Chh. Sambhaji Nagar,424,2022-23,ANM,"PRIYANKA GANDHI NURSING SCHOOL, AURANGABAD",20,0
3550,Nashik,Dhule,425,2022-23,ANM,"KIRAN NURSING SCHOOL, KAPADNE, DHULE",20,0
3551,Nagpur,Bhandara,426,2022-23,ANM,"PAWANRAJA NURSING SCHOOL , PAUNI , BHANDARA",30,25
3552,Nashik,Dhule,427,2022-23,ANM,"SAU. R.G. MALI NURSING COLLEGE, AKLAD , DHULE",20,11
3553,Pune,Kolhapur,428,2022-23,ANM,"SHRI BHAIRAVNATH NURSING SCHOOL , ICHALKARANJI  , KOLHAPUR",20,20
3554,Amravati,Yavatmal,431,2022-23,ANM,"MATOSHRI ORGANIZATION OF NURSING EDUCATION , YAVATMAL",20,20
3555,Chh. Sambhaji Nagar,Jalna,432,2022-23,ANM,"JALNA NURSING SCHOOL, SHELGAON, JALNA",20,0
3556,Pune,Solapur,434,2022-23,ANM,"MODERN INSTITUTE OF NURSING, MADHA, SOLAPUR",20,10
3557,Chh. Sambhaji Nagar,Jalna,446,2022-23,ANM,"GENERAL HOSPITAL, JALANA",40,34
3558,Pune,Solapur,449,2022-23,ANM,"DHANVANTERI SCHOOL OF NURSING , MALSHIRAS , SOLAPUR",30,22
3559,Chh. Sambhaji Nagar,Parbhani,476,2022-23,ANM,"Dr.Prafulla Patil Nursing School, Parbhani",20,20
3560,Chh. Sambhaji Nagar,Parbhani,477,2022-23,ANM,"BELESHWAR INSTITUTE OF NURSING, PARBHANI",20,20
3561,Pune,Satara,480,2022-23,ANM,"BEL AIR COLLEGE OF NURSING, PANCHAGANI, SATARA",30,30
3562,Pune,Kolhapur,481,2022-23,ANM,"SAVITRIBAI PHULE COLLEGE OF NURSING, KOLHAPUR",20,18
3563,Nagpur,Nagpur,482,2022-23,ANM,SMT. HANSABEN NURSING SCHOOL NAGPUR,20,20
3564,Konkan,Thane,484,2022-23,ANM,"NAVJEEVAN SCHOOL OF NURSING, SHAHAPUR, THANE",20,20
3565,Konkan,Thane,485,2022-23,ANM,"DAYANAND SCHOOL OF NURSING, VADOLI TALASARI THANE",25,23
3566,Konkan,Raigarh,486,2022-23,ANM,"PRATIBHA SCHOOL OF NURSING, KOPERKHAIRANE, NAVI MUMBAI",20,19
3567,Konkan,Sindhudurg,487,2022-23,ANM,"SARASWATI ANM NURSING SCHOOL, KANKAVLI, SINDHUDURG",20,18
3568,Nashik,Nashik,488,2022-23,ANM,"SAI NURSING SCHOOL, MALEGAON NASHIK",20,20
3569,Konkan,Thane,489,2022-23,ANM,"N. K. T. T. SCHOOL OF NURSING, BHIWANDI, THANE",20,18
3570,Chh. Sambhaji Nagar,Chh. Sambhaji Nagar,490,2022-23,ANM,"Manik Nursing School, Garkhed, Aurangabad",20,20
3571,Chh. Sambhaji Nagar,Latur,492,2022-23,ANM,"New Vision School of Nursing, Latur",20,12
3572,Chh. Sambhaji Nagar,Beed,493,2022-23,ANM,MAULI NURSING SCHOOL BARSHI ROAD BEED,20,20
3573,Chh. Sambhaji Nagar,Jalna,494,2022-23,ANM,"Mathsyodari Nursing School, Tal  Ambad, Jalna",20,20
3574,Chh. Sambhaji Nagar,Beed,495,2022-23,ANM,"ANKITA DOUND INSTITUTE OF NURSING SCHOOL, AMBAJOGAI, BEED",20,8
3575,Chh. Sambhaji Nagar,Parbhani,496,2022-23,ANM,"SAKSHI NURSING SCHOOL, MANWAT, PARBHANI",20,0
3576,Nashik,Nashik,497,2022-23,ANM,"SWAMI VIVEKANAND SANSTHA, MALEGAON, NASHIK",20,17
3577,Pune,Pune,499,2022-23,ANM,"Sushrusha Nursing School, Ap  Daund, Pune",50,6
3578,Pune,Pune,500,2022-23,ANM,"SUSHILA NURSING SCHOOL, DAUND, PUNE",20,20
3579,Pune,Sangli,501,2022-23,ANM,"CHINGUAAI INSTITUTE OF NURSING EDUCATION, KAVATHE MAHANKAL, SANGLI",20,9
3580,Pune,Kolhapur,502,2022-23,ANM,"SANJEEVA NURSING SCHOOL, KOLHAPUR",20,20
3581,Nashik,Ahilyanagar,505,2022-23,ANM,"SAVITRIBAI PHULE ANM NURSING COLLEGE, SHRIGONDA, AHMEDNAGAR",20,0
3582,Nashik,Ahilyanagar,506,2022-23,ANM,"KOPERGAON TALUKA VIDYARTHI SAHAYYAK SCHOOL OF NURSING,KOPERGAON",20,20
3583,Pune,Sangli,507,2022-23,ANM,"ABHINAV INSTITUTE OF NURSING EDUCATION, MIRAJ, SANGLI",20,18
3584,Pune,Pune,508,2022-23,ANM,"PRIYADARSHINI SHAK. BAU. GRAM VIKAS MAHILA SEVABHAVI MANDAL, SCHOOL OF NURSING, SHIRUR, PUNE",20,20
3585,Chh. Sambhaji Nagar,Jalna,509,2022-23,ANM,"Shraddha Commercial  Technical Institute Society, Jalna",20,18
3586,Nagpur,Bhandara,512,2022-23,ANM,"ASHIRWAD NURSING SCHOOL OF ANM, SAKOLI BHANDARA",40,38
3587,Amravati,Yavatmal,513,2022-23,ANM,"Jeevan Rekha  School of Nursing, Tal  Umarkhed, Yavatmal",20,20
3588,Amravati,Yavatmal,514,2022-23,ANM,"Sanjeevan Nursing School, Yavatmal,",20,19
3589,Nagpur,Nagpur,515,2022-23,ANM,"SUVARNA SCHOOL OF NURSING SAONER, NAGPUR",20,20
3590,Nagpur,Nagpur,516,2022-23,ANM,"Indira Gandhi ANM Nursing School, Tal  Bhiwapur, Nagpur",20,20
3591,Amravati,Yavatmal,517,2022-23,ANM,"Yash Institute of Nursing, Athori Bazar, Yavatmal",40,40
3592,Nagpur,Wardha,523,2022-23,ANM,"NEW MAHARASHTRA INSTITUTE OF NURSING, MAHADEVPURA, WARDHA",20,0
3593,Nashik,Ahilyanagar,524,2022-23,ANM,"SHREE SAI NURSING SCHOOL, JAMKHED, AHMEDNAGAR",20,2
3594,Pune,Sangli,526,2022-23,ANM,"VIDYA SAGAR NURSING SCHOOL, SANGLI",20,15
3595,Nagpur,Gondia,531,2022-23,ANM,"Shri Dattatraya Prabhu Bahu. Shikshan Sanstha, Tiroda, Gondia",30,30
3596,Chh. Sambhaji Nagar,Nanded,533,2022-23,ANM,"Sharadrao Nursing College, Naigona Nanded",20,19
3597,Chh. Sambhaji Nagar,Nanded,534,2022-23,ANM,DHARTI SCHOOL OF NURSING MALEGAON RD NANDED,20,20
3598,Chh. Sambhaji Nagar,Nanded,535,2022-23,ANM,"Satabai Landge Nursing School, Nanded",20,20
3599,Amravati,Amravati,539,2022-23,ANM,"SHRI SANT LAHANUJI MAHARAJ SCHOOL OF NURSING, DARYAPUR, AMRAVATI",20,20
3600,Nashik,Nashik,541,2022-23,ANM,"KALWAN NURSING SCHOOL, KALWAN, NASHIK",20,19
3601,Nashik,Nashik,542,2022-23,ANM,"DINDORI SCHOOL OF NURSING, DINDORI, NASHIK",20,20
3602,Nashik,Nashik,543,2022-23,ANM,"YEOLA SCHOOL OF NURSING, YEOLA, NASHIK",20,20
3603,Chh. Sambhaji Nagar,Chh. Sambhaji Nagar,545,2022-23,ANM,"Yeshwant Institute of Nursing, Paithan Road, Aurangabad",30,18
3604,Chh. Sambhaji Nagar,Latur,546,2022-23,ANM,"SWAMI VIVEKANAND SHIKSHAN PRASARAK MANDAL, UDGIR, LATUR",20,0
3605,Amravati,Washim,548,2022-23,ANM,"Nazarene Nurses Training College, Pusad Road, Washim",20,15
3606,Nagpur,Gondia,550,2022-23,ANM,"Gondia Nursing College, Gondia",20,0
3607,Nagpur,Gondia,552,2022-23,ANM,"S. CHANDRA SCHOOL OF NURSING, ARJUNI GONDIA",20,15
3608,Amravati,Amravati,553,2022-23,ANM,"Sardar Nursing Institute, Walgaon Road, Amravati",20,14
3609,Amravati,Amravati,555,2022-23,ANM,"M.J. Pawade Nurisng School, Tal  Morshi, Amravati",20,20
3610,Nagpur,Wardha,557,2022-23,ANM,"Sunita Nursing School, Tal  Shelu, Wardha",20,12
3611,Nagpur,Gondia,558,2022-23,ANM,"S.R.V. NURSING SCHOOL, DAWAKI, TAL DEORI DIST GONDIA",20,20
3612,Chh. Sambhaji Nagar,Dharashiv,559,2022-23,ANM,"Late Changdevrao Banger Nursing School, Tal  Bhum, Osmanabad",20,9
3613,Chh. Sambhaji Nagar,Chh. Sambhaji Nagar,561,2022-23,ANM,"Prabhavati Nursing School, Aurangabad",20,19
3614,Chh. Sambhaji Nagar,Chh. Sambhaji Nagar,563,2022-23,ANM,GOGANATH BABA ANM NURSING SCHOOL CHITEGAON AURANGABAD,50,46
3615,Chh. Sambhaji Nagar,Beed,564,2022-23,ANM,"Late Ranghunathraoji Kendre Nursing School, Vaijnath, Beed",40,40
3616,Chh. Sambhaji Nagar,Latur,565,2022-23,ANM,"Sarojini Naidu School of Nursing, Chakur, Latur",20,19
3617,Chh. Sambhaji Nagar,Nanded,566,2022-23,ANM,"Indira Gandhi School of Nursing, Loha, Nanded",20,20
3618,Nashik,Nashik,567,2022-23,ANM,"MATOSHRI ASARABAI DARADE SCHOOL OF NURSING, YEOLA, NASHIK",60,18
3619,Amravati,Akola,568,2022-23,ANM,"MAHARSHI WALMIKI INSTITUTE OF NURSING MALKAPUR,AKOLA",60,59
3620,Amravati,Akola,571,2022-23,ANM,"AZAD HIND NURSING SCHOOL, AKOLA",20,20
3621,Amravati,Amravati,573,2022-23,ANM,"Gurumauli Institue of Nursing Science, Amravati",20,20
3622,Chh. Sambhaji Nagar,Hingoli,580,2022-23,ANM,"L.D.H.T. SCHOOL OF NURSING, HINGOLI",40,40
3623,Chh. Sambhaji Nagar,Hingoli,581,2022-23,ANM,"JAI HIND NURSING SCHOOL, HINGOLI",20,17
3624,Pune,Kolhapur,582,2022-23,ANM,"SANT GAJANAN MAHARAJ SCHOOL OF NURSING, CHINCHEWADI, GADHINGLAJ, KOLHAPUR",20,17
3625,Pune,Solapur,583,2022-23,ANM,"SAVITRIBAI PHULE NURSING SCHOOL, WAKHARI, SOLAPUR",20,10
3626,Konkan,Sindhudurg,584,2022-23,ANM,"MAI NURSING SCHOOL, KUDAL",20,15
3627,Nashik,Dhule,585,2022-23,ANM,"RANIMANSAHEB MANUBADEVI RAWAL NURSING SCHOOL, DONDAICHA, DHULE",40,39
3628,Nashik,Dhule,586,2022-23,ANM,"D.S. NURSING SCHOOL, SAKRI, DHULE",20,15
3629,Konkan,Palghar,587,2022-23,ANM,"SHREE GAJANAN MAHARAJ COLLEGE OF  NURSING AND RESEARCH CENTER JAWHAR, PALGHAR",20,19
3630,Nashik,Nashik,588,2022-23,ANM,"PETH NURSING SCHOOL, PETH, NASHIK",20,19
3631,Nashik,Nashik,589,2022-23,ANM,"IGATPURI NURSING SCHOOL, IGATPURI, NASHIK",20,20
3632,Nashik,Nashik,590,2022-23,ANM,"NIFAD NURSING SCHOOL, NIFAD, NASHIK",20,20
3633,Nashik,Nashik,591,2022-23,ANM,"MANMAD NURSING SCHOOL, YEOLA, NASHIK",20,20
3634,Nashik,Nashik,592,2022-23,ANM,"SAI CARE NURSING SCHOOL, NASHIK",60,59
3635,Nashik,Nashik,593,2022-23,ANM,"JIJAMATA NURSING SCHOOL, MALEGAON, NASHIK",60,49
3636,Konkan,Raigarh,595,2022-23,ANM,"D. D. VISPUTE SCHOOL OF NURSING, PANVEL, RAIGAD",30,23
3637,Nashik,Nashik,597,2022-23,ANM,"RAJEEV GANDHI GNM NURSING COLLEGE, SINNAR, NASHIK",60,57
3638,Nashik,Nashik,598,2022-23,ANM,"TANMAYI NURSING INSTITUTE, NASHIK",20,20
3639,Nashik,Nashik,601,2022-23,ANM,"KARM. R. S. WAGH EDUCATION  HEALTH SANSTHAS SCHOOL OF NURSING, DINDORI, NASHIK",20,20
3640,Nashik,Ahilyanagar,604,2022-23,ANM,"MANGALA INSTITUTE OF NURSING EDUCATION,AKOLE, AHMEDNAGAR",20,7
3641,Nashik,Ahilyanagar,608,2022-23,ANM,"ABHINAV NURSING SCHOOL, AHMEDNAGAR",20,17
3642,Pune,Pune,610,2022-23,ANM,"SHIRUR SCHOOL OF NURSING, SHIRUR, PUNE",20,13
3643,Nashik,Ahilyanagar,612,2022-23,ANM,"ASHIRWAD NURSING SCHOOL, RAHURI, AHMEDNAGAR",20,20
3644,Pune,Kolhapur,616,2022-23,ANM,"SHRI SIDDHI NURSING SCHOOL, KAGAL, KOLHAPUR",20,20
3645,Pune,Kolhapur,617,2022-23,ANM,"SIDDHAGIRI NURSING INSTITUTE, KARVEER, KOLHAPUR",20,7
3646,Nashik,Ahilyanagar,618,2022-23,ANM,"SAI NURSING SCHOOL, SHEVGAON, AHMEDNAGAR",20,8
3647,Nashik,Ahilyanagar,620,2022-23,ANM,"DR. RAMESH DHOKANE PATIL SCHOOL OF NURSING, NEWASA, AHMEDNAGAR",20,16
3648,Nashik,Ahilyanagar,622,2022-23,ANM,"NITYASEVA NURSING SCHOOL, PARNER, AHMEDNAGAR",20,19
3649,Pune,Sangli,623,2022-23,ANM,"KEDARNATH NURSING SCHOOL, ISLAMPUR, SANGLI",20,20
3650,Nashik,Ahilyanagar,624,2022-23,ANM,"NEWASA NURSING SCHOOL, NEWASA, AHMEDNAGAR",20,0
3651,Nashik,Ahilyanagar,625,2022-23,ANM,"SHRUTI NURSING SCHOOL, SHRIRAMPUR, AHMEDNAGAR",20,0
3652,Nashik,Ahilyanagar,626,2022-23,ANM,"KOPARGAON NURSING SCHOOL, KOPERGAON, AHMEDNAGAR",20,0
3653,Pune,Sangli,627,2022-23,ANM,"LAXMIPRABHA NURSING INSTITUTE, MIRAJ, SANGLI",30,30
3654,Pune,Sangli,628,2022-23,ANM,"SHABBIR AHMED ANSARI NURSING SCHOOL, MIRAJ, SANGLI",20,19
3655,Nashik,Ahilyanagar,629,2022-23,ANM,"LATE BHAU DAJI PATIL DESHMUKH GRAMIN VIKAS PRATISHTHANS RANM SCHOOL, AHMEDNAGAR",20,15
3656,Nashik,Ahilyanagar,630,2022-23,ANM,"SAWALI SCHOOL OF NURSING, PARNER, AHMEDNAGAR",20,20
3657,Pune,Pune,633,2022-23,ANM,"TILAK MAHARASHTRA VIDYAPEETH INSTITUTE OF NURSING EDUCATION  RESEARCH, PUNE",20,6
3658,Nashik,Ahilyanagar,634,2022-23,ANM,"JIJAMATA NURSING SCHOOL, SHEVGAON, AHMEDNAGAR",20,20
3659,Pune,Sangli,635,2022-23,ANM,"DHANVANTARI INSTITUTE OF NURSING  PARAMEDICAL SCIENCES, SHIRALA, SANGLI",20,0
3660,Pune,Solapur,636,2022-23,ANM,"VIJAYSINH MOHITE PATIL SCHOOL OF NURSING, MALSHIRAS, SOLAPUR",20,12
3661,Pune,Pune,637,2022-23,ANM,"LATE UDHAVRAO TULSHIRAM JADHAVAR FOUNDATIONS INSTITUTE OF NURSING, PUNE",20,20
3662,Pune,Solapur,638,2022-23,ANM,"SARDARBI INSTITUTE OF NURSING EDUCATION, MOHOL, SOLAPUR",20,17
3663,Pune,Solapur,642,2022-23,ANM,"JANKALYAN INSTITUTE OF NURSING EDUCATION, PANDHARPUR, SOLAPUR",20,19
3664,Pune,Satara,645,2022-23,ANM,"WILLIS F. PIERCE MEMORIAL HOSPITAL, WAI, SATARA",20,20
3665,Pune,Pune,650,2022-23,ANM,"YASH INSTITUTE OF NURSING  PARAMEDICAL SCIENCES, INDAPUR, PUNE",20,19
3666,Pune,Sangli,651,2022-23,ANM,"SHRI DATTA SCHOOL OF NURSING, SHIRALA, SANGLI",20,14
3667,Pune,Solapur,652,2022-23,ANM,"DHANSHRI INSTITUTE OF NURSING, MADHA, SOLAPUR",20,16
3668,Nagpur,Wardha,653,2022-23,ANM,"CHETNA NURSING INSTITUTE, WARDHA",20,13
3669,Amravati,Buldana,654,2022-23,ANM,"JIJAMATA SCHOOL OF NURSING, BULDANA",20,18
3670,Nagpur,Chandrapur,655,2022-23,ANM,"DEONIL SCHOOL OF NURSING, MUL, CHANDRAPUR",20,14
3671,Amravati,Amravati,656,2022-23,ANM,"SARASWATI INSTITUTE OF NURSING SCIENCES AND RESEARCH, AMRAVATI",40,37
3672,Nagpur,Bhandara,657,2022-23,ANM,"MAHALAXMI NURSING SCHOOL, TUMSAR, BHANDARA",20,20
3673,Nagpur,Gondia,658,2022-23,ANM,"KAMALATAI BUDHE NURSING SCHOOL, GONDIA",20,18
3674,Nagpur,Wardha,659,2022-23,ANM,"NANDATAI LOHAVE SCHOOL OF NURSING, WARDHA",20,20
3675,Nagpur,Wardha,660,2022-23,ANM,"D. P. NURSING SCHOOL  RESEARCH INSTITUTE, WARDHA",20,18
3676,Nagpur,Bhandara,661,2022-23,ANM,"SAI NURSING SCHOOL, TUMSAR, BHANDARA",50,47
3677,Nagpur,Chandrapur,662,2022-23,ANM,"S.R.V. NURSING SCHOOL  RESEARCH INSTITUTE, NAGBHID, CHANDRAPUR",20,12
3678,Nagpur,Nagpur,663,2022-23,ANM,"SAIRAM SCHOOL OF NURSING, RAMTEK, NAGPUR",20,16
3679,Nagpur,Chandrapur,664,2022-23,ANM,"MOTHER TERESA NURSING ACADAMY, BALLARPUR, CHANDRAPUR",30,5
3680,Nagpur,Nagpur,666,2022-23,ANM,"ACHARYA VINOBA BHAVE SCHOOL OF NURSING, KATOL, NAGPUR",50,50
3681,Amravati,Yavatmal,668,2022-23,ANM,"SWA. RUPESHKUMAR INGOLE SCHOOL OF NURSING, YAVATMAL",20,20
3682,Amravati,Yavatmal,670,2022-23,ANM,"MAHAJAN NURSING SCHOOL, YAVATMAL",20,20
3683,Amravati,Buldana,671,2022-23,ANM,"PAINGANGA INSTITUTE OF NURSING, BULDANA",20,0
3684,Nagpur,Gadchiroli,672,2022-23,ANM,"SHRI SAI SCHOOL OF NURSING, ARMORI, GADCHIROLI",20,11
3685,Amravati,Yavatmal,673,2022-23,ANM,"INDIRABAI BHOYAR SCHOOL OF NURSING, GHATANJI, YAVATMAL",20,19
3686,Nagpur,Wardha,674,2022-23,ANM,"KINKAR SCHOOL OF NURSING, SELOO, WARDHA",20,17
3687,Nagpur,Chandrapur,675,2022-23,ANM,"SANT GAJANAN MAHARAJ NURSING SCHOOL, SINDE WAHI, CHANDRAPUR",20,20
3688,Amravati,Buldana,676,2022-23,ANM,"MAHATMA JYOTIBA PHULE BAHU. SHIKSHAN SANSTHAS NURSING SCHOOL, CHIKHALI, BULDHANA",20,20
3689,Amravati,Buldana,677,2022-23,ANM,"SANT GAJANAN MAHARAJ NURSING SCHOOL, SHEGAON, BULDHANA",20,20
3690,Nagpur,Bhandara,678,2022-23,ANM,"SWAPNIL INSTITUTE OF NURSING, PAUNI, BHANDARA",20,17
3691,Nagpur,Bhandara,679,2022-23,ANM,"AROMIRA SCHOOL OF NURSING, BHANDARA",20,15
3692,Amravati,Buldana,680,2022-23,ANM,"DR. K. B. MAPRI INSTITUTE OF NURISNG, LONAR, BULDHANA",20,14
3693,Amravati,Amravati,681,2022-23,ANM,"VIDHARBH SCHOOL OF NURSING, AMRAVATI",20,20
3694,Amravati,Buldana,682,2022-23,ANM,"KALASKAR NURSING INSTITUTE, NANDURA, BULDHANA",20,20
3695,Nagpur,Nagpur,683,2022-23,ANM,"SUMANTAI WASNIK INSTITUTE OF NURSING, NAGPUR",20,15
3696,Amravati,Buldana,684,2022-23,ANM,"KAUSHALYA INSTITUTE OF NURSING, BULDHANA",20,18
3697,Nagpur,Wardha,686,2022-23,ANM,"SATAO NURSING TRAINING SCHOOL, WARDHA",20,20
3698,Nagpur,Bhandara,687,2022-23,ANM,"NAV  YUVA NURSING SCHOOL, BHANDARA",30,30
3699,Nagpur,Nagpur,688,2022-23,ANM,"POOJA NURSING SCHOOL, NAGPUR",40,40
3700,Nagpur,Gondia,689,2022-23,ANM,"HEALTH CARE NURSING SCHOOL, AMGAON, GONDIA",20,20
3701,Nagpur,Bhandara,690,2022-23,ANM,"G.S.NURSING SCHOOL, SAKOLI, BHANDARA",20,14
3702,Chh. Sambhaji Nagar,Chh. Sambhaji Nagar,694,2022-23,ANM,"SHRI GORAKSHA NURSING SCHOOL, PHULAMBRI, AURANGABAD",20,19
3703,Chh. Sambhaji Nagar,Latur,696,2022-23,ANM,"JIJAMATA NURSING SCHOOL, LATUR",20,10
3704,Chh. Sambhaji Nagar,Beed,697,2022-23,ANM,"SHREE VENKATESHA NURSING SCHOOL, BEED",20,20
3705,Chh. Sambhaji Nagar,Latur,699,2022-23,ANM,"S.G.NURSING SCHOOL, LATUR",20,0
3706,Chh. Sambhaji Nagar,Beed,700,2022-23,ANM,"GANDHI NURSING SCHOOL, ASHTI, BEED",20,19
3707,Chh. Sambhaji Nagar,Chh. Sambhaji Nagar,701,2022-23,ANM,"MAHARAJA  SAYAJIRAO GAIKWAD NURSING SCHOOL, AURANGABAD",20,18
3708,Chh. Sambhaji Nagar,Beed,702,2022-23,ANM,"RASHTRAMATA JIJAU NURSING SCHOOL, PATODA, BEED",20,19
3709,Chh. Sambhaji Nagar,Beed,704,2022-23,ANM,"VISHWAS SAWANT NURSING SCHOOL, BEED",20,20
3710,Chh. Sambhaji Nagar,Parbhani,705,2022-23,ANM,"INDIRA GANDHI A.N.M. NURSING SCHOOL, PARBHANI",60,60
3711,Chh. Sambhaji Nagar,Chh. Sambhaji Nagar,707,2022-23,ANM,"DR. DAHIPHALE MEDICAL FOUNDATION TRUSTS SCHOOL OF NURSING, AURANGABAD",20,18
3712,Chh. Sambhaji Nagar,Nanded,708,2022-23,ANM,"KOMALBAI MUNDE NURSING SCHOOL, MUKHED, NANDED",20,10
3713,Chh. Sambhaji Nagar,Nanded,709,2022-23,ANM,"GANSHANTI NURSING SCHOOL, NANDED",30,30
3714,Chh. Sambhaji Nagar,Nanded,710,2022-23,ANM,"RAM RATAN NURSING INSTITUTE, BHOKAR, NANDED",40,39
3715,Chh. Sambhaji Nagar,Dharashiv,711,2022-23,ANM,"BILL GATES NURSING SCHOOL, OSMANABAD",20,20
3716,Chh. Sambhaji Nagar,Nanded,712,2022-23,ANM,"SHAKUNTALA NURSING INSTITUTE, MUDKHED, NANDED",20,14
3717,Chh. Sambhaji Nagar,Latur,714,2022-23,ANM,"JAWALGE NURSING SCHOOL, LATUR",20,20
3718,Chh. Sambhaji Nagar,Nanded,717,2022-23,ANM,"GOVINDRAO PAUL NURSING SCHOOL, NANDED",30,30
3719,Chh. Sambhaji Nagar,Dharashiv,718,2022-23,ANM,"RENUKA NURSING RANM SCHOOL, KALAMB, OSMANABAD",20,19
3720,Chh. Sambhaji Nagar,Latur,719,2022-23,ANM,"DAYEE INSTITUTE OF NURSING,LATUR",20,6
3721,Chh. Sambhaji Nagar,Chh. Sambhaji Nagar,720,2022-23,ANM,"RAJLAKSHMI NURSING SCHOOL, PHULAMBRI, AURANGABAD",20,20
3722,Chh. Sambhaji Nagar,Chh. Sambhaji Nagar,721,2022-23,ANM,"SAVITRIBAI PHULE NURSING SCHOOL, KANNAD, AURANGABAD",60,60
3723,Chh. Sambhaji Nagar,Parbhani,722,2022-23,ANM,"RAJMATA AHILYA DEVI INSTITUTION OF NURSING, PARBHANI",20,20
3724,Chh. Sambhaji Nagar,Nanded,723,2022-23,ANM,"SUBHADRA INSTITUTE NURSING SCHOOL, BILOLI, NANDED",20,11
3725,Chh. Sambhaji Nagar,Parbhani,724,2022-23,ANM,"LATE ANNASAHEB KAKDE NURSING SCHOOL, SAILU, PARBHANI",20,19
3726,Chh. Sambhaji Nagar,Parbhani,725,2022-23,ANM,"KAI. MUNIRAM NIKE NURSING SCHOOL, SONPETH, PARBHANI",20,20
3727,Chh. Sambhaji Nagar,Parbhani,726,2022-23,ANM,"DHANWANTARI NURSING SCHOOL, PALAM, PARBHANI",20,0
3728,Chh. Sambhaji Nagar,Parbhani,727,2022-23,ANM,"RADHAI INSTITUTE OF NURSING SCHOOL, GANGAKHED, PARBHANI",20,20
3729,Chh. Sambhaji Nagar,Latur,728,2022-23,ANM,"PUSHPAI NURSING SCHOOL, AHMEDPUR, LATUR",20,18
3730,Chh. Sambhaji Nagar,Nanded,732,2022-23,ANM,"SWAMI RAMANAND TIRTH NURSING INSTITITUE, KANDHAR, NANDED",20,20
3731,Chh. Sambhaji Nagar,Beed,733,2022-23,ANM,"PRAGATI NURSING SCHOOL, PATODA, BEED",20,15
3732,Chh. Sambhaji Nagar,Beed,734,2022-23,ANM,"SAMARTH NURSING SCHOOL, WADVANI, BEED",20,20
3733,Chh. Sambhaji Nagar,Parbhani,738,2022-23,ANM,"RAJIV GANDHI NURSING SCHOOL, PARBHANI",20,20
3734,Chh. Sambhaji Nagar,Parbhani,740,2022-23,ANM,"SAMARTH NURSING SCHOOL, PARBHANI",20,20
3735,Chh. Sambhaji Nagar,Chh. Sambhaji Nagar,741,2022-23,ANM,"GANGAPUR NURSING SCHOOL, GANGAPUR, AURANGABAD",20,0
3736,Chh. Sambhaji Nagar,Chh. Sambhaji Nagar,742,2022-23,ANM,"SHRI SWAMI SAMARTH NURSING SCHOOL, AURANGABAD",20,20
3737,Chh. Sambhaji Nagar,Chh. Sambhaji Nagar,743,2022-23,ANM,"HUDCO NURSING SCHOOL, AURANGABAD",20,20
3738,Chh. Sambhaji Nagar,Chh. Sambhaji Nagar,744,2022-23,ANM,"SHRADDHA NURSING SCHOOL, AURANGABAD",20,12
3739,Chh. Sambhaji Nagar,Chh. Sambhaji Nagar,745,2022-23,ANM,"NEW NURSING SCHOOL, AURANGABAD",20,20
3740,Chh. Sambhaji Nagar,Chh. Sambhaji Nagar,746,2022-23,ANM,"SHEETAL NURSING SCHOOL, AURANGABAD",20,0
3741,Chh. Sambhaji Nagar,Latur,748,2022-23,ANM,"SAVITHRIBAI PULE NURSING SCHOOL, JALKOT, LATUR",20,16
3742,Chh. Sambhaji Nagar,Nanded,749,2022-23,ANM,"GANGABAI PATIL NURSING SCHOOL, BILOLI, NANDED",20,20
3743,Chh. Sambhaji Nagar,Beed,750,2022-23,ANM,"SANSKRUTI NURSING SCHOOL, BEED",20,20
3744,Chh. Sambhaji Nagar,Hingoli,751,2022-23,ANM,"SHRAVNI INSTISUTE OF NURSING, BASMAT, HINGOLI",20,20
3745,Chh. Sambhaji Nagar,Latur,753,2022-23,ANM,"SUVIDHA NURSING SCHOOL, LATUR",20,7
3746,Chh. Sambhaji Nagar,Chh. Sambhaji Nagar,754,2022-23,ANM,"BHARTIYA NURSING SCHOOL, AURANGABAD",20,19
3747,Chh. Sambhaji Nagar,Hingoli,755,2022-23,ANM,"YESHWANT INSTITUTE OF NURSING SCHOOL, HINGOLI",20,20
3748,Chh. Sambhaji Nagar,Parbhani,756,2022-23,ANM,"SHRI SURESHDADA DESHMUKH INSTITUTE OF NURSING, PARBHANI",20,20
3749,Chh. Sambhaji Nagar,Nanded,757,2022-23,ANM,"BHIVRAJ KALANTRI NURSING INSTITUTE, NANDED",20,20
3750,Chh. Sambhaji Nagar,Beed,758,2022-23,ANM,"KAI BABURAO GHULE SCHOOL OF NURSING, AMBAJOGAI, BEED",60,47
3751,Chh. Sambhaji Nagar,Nanded,760,2022-23,ANM,"RAJMATA JIJAU NURSING SCHOOL, NANDED",20,20
3752,Chh. Sambhaji Nagar,Nanded,763,2022-23,ANM,"MOTHER TERESA NURSING SCHOOL, NANDED",20,19
3753,Chh. Sambhaji Nagar,Nanded,764,2022-23,ANM,"OMKAR NURSING SCHOOL, BILOLI, NANDED",20,20
3754,Chh. Sambhaji Nagar,Latur,765,2022-23,ANM,"MAHARASHTARA NURSING SCHOOL, CHAKUR, LATUR",20,10
3755,Chh. Sambhaji Nagar,Nanded,767,2022-23,ANM,"ADARSHA NURSING SCHOOL, DEGLOOR, NANDED",20,19
3756,Nagpur,Gondia,769,2022-23,ANM,"S. CHANDRA NURSING SCHOOL, AMGAON, GONDIA",20,9
3757,Nagpur,Gondia,770,2022-23,ANM,"SMT. GUNAMALA JAIN CHARITABLE TRUSTS INSTITUTE OF NURSING EDUCATION, GONDIA",20,0
3758,Nagpur,Gondia,771,2022-23,ANM,"SMT. LAXMIBAI CHANDEKAR NURSING SCHOOL, GORGAON, GONDIA",20,20
3759,Nagpur,Gondia,772,2022-23,ANM,"GONDIA CITY INSTITUTE OF NURSING  PARAMEDICAL SCIENCES, GONDIA",20,0
3760,Chh. Sambhaji Nagar,Chh. Sambhaji Nagar,774,2022-23,ANM,"IDEAL NURSING SCHOOL, AURANGABAD",20,20
3761,Chh. Sambhaji Nagar,Latur,775,2022-23,ANM,"MATRUBHOOMI NURSING SCHOOL, UDGIR, LATUR",30,30
3762,Chh. Sambhaji Nagar,Dharashiv,776,2022-23,ANM,"SUSAIN A.N.M. NURSING SCHOOL, OSMANABAD",20,15
3763,Chh. Sambhaji Nagar,Dharashiv,777,2022-23,ANM,"K.T. PATIL SCHOOL OF  NURSING, OSMANABAD",50,28
3764,Chh. Sambhaji Nagar,Chh. Sambhaji Nagar,779,2022-23,ANM,"AURANGABAD NURSING SCHOOL, AURANGABAD",20,20
3765,Chh. Sambhaji Nagar,Chh. Sambhaji Nagar,780,2022-23,ANM,"SHAHNAWAZ NURSING SCHOOL, AURANGABAD",20,12
3766,Chh. Sambhaji Nagar,Nanded,781,2022-23,ANM,"NARMADA NURSING INSTITUTE , LOHA, NANDED",20,20
3767,Chh. Sambhaji Nagar,Parbhani,782,2022-23,ANM,"DNYANAI INSTITUTE OF NURSING SCHOOL, PARBHANI",40,40
3768,Chh. Sambhaji Nagar,Chh. Sambhaji Nagar,783,2022-23,ANM,"SHAHU MAHARAJ NURSING SCHOOL, AURANGABAD",20,0
3769,Chh. Sambhaji Nagar,Parbhani,786,2022-23,ANM,"TORJA NURSING SCHOOL, PARBHANI",20,20
3770,Chh. Sambhaji Nagar,Dharashiv,787,2022-23,ANM,"SAI NURSING COLLEGE, UMERGA, OSMANABAD",20,20
3771,Chh. Sambhaji Nagar,Latur,788,2022-23,ANM,"NEW MOTHER TERESA A.N.M. SCHOOL OF NURSING, UDGIR, LATUR",20,16
3772,Chh. Sambhaji Nagar,Parbhani,790,2022-23,ANM,"SAISHA NURSING SCHOOL, PURNA, PARBHANI",20,20
3773,Chh. Sambhaji Nagar,Hingoli,791,2022-23,ANM,"INDIRA GANDHI NURSING SCHOOL, BASMAT, HINGOLI",20,16
3774,Chh. Sambhaji Nagar,Nanded,792,2022-23,ANM,"MUKTAI NURSING SCHOOL, NANDED",20,20
3775,Chh. Sambhaji Nagar,Parbhani,793,2022-23,ANM,"SHRI SAI INSTITUTION OF NURSING SCHOOL, JINTOR, PARBHANI",20,14
3776,Chh. Sambhaji Nagar,Parbhani,794,2022-23,ANM,"YESHWANT INSTITUTE OF NURSING,  PARBHANI",20,20
3777,Chh. Sambhaji Nagar,Hingoli,795,2022-23,ANM,"LATE S. D. MASKE SCHOOL OF NURSING, HINGOLI",20,17
3778,Chh. Sambhaji Nagar,Beed,797,2022-23,ANM,"DIPTI AAHER NURSING SCHOOL, AMBAJOGAI, BEED",20,20
3779,Chh. Sambhaji Nagar,Hingoli,798,2022-23,ANM,"MOTHER TERESA NURSING SCHOOL, HINGOLI",20,20
3780,Chh. Sambhaji Nagar,Nanded,799,2022-23,ANM,"MOTHER TERESA NURSING INSTITUTE, KANDHAR, NANDED",20,20
3781,Chh. Sambhaji Nagar,Beed,800,2022-23,ANM,"TAMBWERSHWAR NURSING SCHOOL, DHARUR, BEED",20,17
3782,Nashik,Dhule,804,2022-23,ANM,"Palak Nursing Institute, Shirpur, Dhule",20,20
3783,Konkan,Ratnagiri,806,2022-23,ANM,"Devang A.N.M. Nursing School, Ratnagiri",20,20
3784,Pune,Satara,807,2022-23,ANM,"RAJMATA NURSING SCHOOL, SATARA",20,15
3785,Pune,Kolhapur,808,2022-23,ANM,"Late. Ushatai Nursing School, Kolhapur",20,19
3786,Pune,Sangli,809,2022-23,ANM,"Smt. Padmini Institute of Nursing  Paramedical Sciences, Atpadi, Sangli",20,19
3787,Nashik,Ahilyanagar,810,2022-23,ANM,"Saibaba Nursing School, Kolpewadi,  Ahmednagar",60,60
3788,Nashik,Ahilyanagar,811,2022-23,ANM,"Raj Laxmi Nursing School, Ahmednagar",20,14
3789,Nagpur,Wardha,813,2022-23,ANM,"Dimond Nursing Institute, Deoli, Wardha",20,20
3790,Nagpur,Wardha,814,2022-23,ANM,"Kasturba Nurisng School Mandgaon, Samudrapur, Wardha",20,20
3791,Nagpur,Gondia,819,2022-23,ANM,"S.M.Nursing School, Gondia",20,10
3792,Amravati,Buldana,820,2022-23,ANM,"Vision Nursing School, Buldhana",20,13
3793,Amravati,Yavatmal,821,2022-23,ANM,"Varsharaj Nursing School, Wani, Yavatmal",20,11
3794,Nagpur,Chandrapur,822,2022-23,ANM,"Jijamata Insitute of Nursing, Bhadrawati, Chandrapur",20,16
3795,Amravati,Amravati,823,2022-23,ANM,"Maa Renuka School of Nursing, Bhatkuli, Amravati",20,20
3796,Nagpur,Chandrapur,824,2022-23,ANM,"Rashtriy Nursing School, Rajura, Chandrapur",20,14
3797,Nagpur,Nagpur,825,2022-23,ANM,"Aakar School of Nursing, Nagpur",20,20
3798,Nagpur,Nagpur,826,2022-23,ANM,"Tanisq School of Nursing, Nagpur",30,30
3799,Chh. Sambhaji Nagar,Hingoli,829,2022-23,ANM,"Ananditai Bengal Nursing School, Sengaon, Hingoli",60,60
3800,Chh. Sambhaji Nagar,Jalna,830,2022-23,ANM,"Om Shanti Nursing School, Bhokardan, Jalna",20,12
3801,Chh. Sambhaji Nagar,Latur,831,2022-23,ANM,"RAJGURU SCHOOL OF NURSING, UDGIR, LATUR",20,18
3802,Chh. Sambhaji Nagar,Nanded,832,2022-23,ANM,"Akshay Nursing School, Nanded",50,50
3803,Chh. Sambhaji Nagar,Parbhani,834,2022-23,ANM,"Kalpana Chawala Nursing School, Parbhani",20,20
3804,Chh. Sambhaji Nagar,Latur,837,2022-23,ANM,"Bapurao Shelke Nursing School, Ahmedpur, Latur",20,19
3805,Chh. Sambhaji Nagar,Beed,838,2022-23,ANM,"Swaraj Indira Gandhi Nursing School, Patoda, Beed",20,20
3806,Chh. Sambhaji Nagar,Beed,839,2022-23,ANM,"Kalai Nursing School, Patoda, Beed",20,0
3807,Konkan,Ratnagiri,870,2022-23,ANM,"The Yash Foundations College of  Nursing  Medical Research Institute, Ratnagiri",30,10
3808,Nashik,Ahilyanagar,880,2022-23,ANM,"Praytna Nursing College, Ahmednagar",20,20
3809,Pune,Pune,898,2022-23,ANM,"Dhareshwar Institute of Nursing, Pune",20,20
3810,Amravati,Buldana,919,2022-23,ANM,VASANTPRABHA SCHOOL OF NURSING BULDHANA,40,12
3811,Nagpur,Nagpur,924,2022-23,ANM,"Shree Sai School of Nursing, Umrer, Nagpur",20,20
3812,Nagpur,Bhandara,935,2022-23,ANM,"Spandan Nursing School, Pauni, Bhandara",60,46
3813,Nagpur,Gondia,937,2022-23,ANM,"RADHABAI BAHEKAR SCHOOL OF NURSING,  GONDIA.",20,18
3814,Chh. Sambhaji Nagar,Beed,939,2022-23,ANM,"District Hospital, Beed",40,36
3815,Chh. Sambhaji Nagar,Chh. Sambhaji Nagar,942,2022-23,ANM,"Aurangabad Training School of Nursing,Shivajinagar, Aurangabad",20,20
3816,Chh. Sambhaji Nagar,Nanded,971,2022-23,ANM,"Marathwada Nursing School, Nanded",20,20
3817,Amravati,Yavatmal,1002,2022-23,ANM,"Devyani School of Nursing, Yavatmal",20,20
3818,Amravati,Buldana,1003,2022-23,ANM,"Dnyandeep Vimukta Va Bhatkya  Jati, Jamati Shikshan Prasarak Mandal Nursing School, Buldhana",20,13
3819,Chh. Sambhaji Nagar,Nanded,1005,2022-23,ANM,"Matoshri Nursing School, Nanded",20,19
3820,Konkan,Mumbai Suburban,1011,2022-23,ANM,"SMT. D.Y.SAWANT NURSING SCHOOL, BHANDUP",20,20
3821,Chh. Sambhaji Nagar,Nanded,1014,2022-23,ANM,"TIRUMALA ANM SCHOOL OF NURSING,HADGAON,NANDED",20,20
3822,Nashik,Ahilyanagar,1017,2022-23,ANM,"SHRIRAMPUR NURSING SCHOOL, SHRIAMPUR, AHMEDNAGAR",20,0
3823,Chh. Sambhaji Nagar,Chh. Sambhaji Nagar,1018,2022-23,ANM,"VAIJAPUR NURSING SCHOOL, AURANGABAD",20,20
3824,Chh. Sambhaji Nagar,Chh. Sambhaji Nagar,1019,2022-23,ANM,"WALUNJ NURSING SCHOOL,WALUNJ, AURANGABAD",20,8
3825,Chh. Sambhaji Nagar,Parbhani,1021,2022-23,ANM,"GENERAL HOSPITAL, PARBHANI",40,37
3826,Konkan,Thane,1022,2022-23,ANM,"SAKET GYANPEETH TRUST, THANE",20,20
3827,Konkan,Raigarh,1023,2022-23,ANM,"MANGAON EDUCATION TRUST, MANGAON, RAIGAD",20,20
3828,Nagpur,Gondia,1025,2022-23,ANM,"K.T.S. GENERAL HOSPITAL, GONDIA",40,39
3829,Chh. Sambhaji Nagar,Beed,1026,2022-23,ANM,"SOU RUKHMINI MANOHAR MACHALE  NURSING SCHOOL, BEED",20,19
3830,Chh. Sambhaji Nagar,Beed,1028,2022-23,ANM,"UNIQUE RANM NURSING SCHOOL, PARLI, BEED",20,20
3831,Chh. Sambhaji Nagar,Chh. Sambhaji Nagar,1029,2022-23,ANM,"MONICA NURSING SCHOOL, AURANGABAD",20,14
3832,Amravati,Akola,1030,2022-23,ANM,"MAA ANUSAYA SCHOOL OF NURSING, AKOLA",40,40
3833,Chh. Sambhaji Nagar,Jalna,1031,2022-23,ANM,"Sharda Nursing School,Jalna",20,10
3834,Chh. Sambhaji Nagar,Parbhani,1032,2022-23,ANM,"Aai Institute of Nursing, Parbhani",20,15
3835,Pune,Solapur,1033,2022-23,ANM,"Swami Samarth Nursing School,Solapur",20,0
3836,Konkan,Sindhudurg,1034,2022-23,ANM,"LATE MRS. ABOLI KULDEEP PEDNEKAR NURSING INSTITUTE, PINGULI, SINDHUDURG",20,7
3837,Chh. Sambhaji Nagar,Chh. Sambhaji Nagar,1035,2022-23,ANM,"CIVIL HOSPITAL, AMKHAS MAIDAN, AURANGABAD",40,37
3838,Chh. Sambhaji Nagar,Hingoli,1038,2022-23,ANM,"V.B.N. NURSING SCHOOL, HINGOLI",20,20
3839,Chh. Sambhaji Nagar,Parbhani,1039,2022-23,ANM,"BLESSING INSTITUTE OF NURSING, PARBHANI",20,20
3840,Nagpur,Nagpur,1040,2022-23,ANM,"INDIRA GANDHI SCHOOL OF NURSING,Golchha marg,sadar, NAGPUR",20,20
3841,Nagpur,Gondia,1041,2022-23,ANM,"ASHWINI NURSING TRAINING SCHOOL, GONDIA",20,11
3842,Amravati,Amravati,1043,2022-23,ANM,"ASHA NURSING SCHOOL, AMRAVATI",20,20
3843,Nagpur,Nagpur,1044,2022-23,ANM,"AVATAR MEHER BABA SCHOOL OF NURSING, NAGPUR",20,20
3844,Nagpur,Wardha,1045,2022-23,ANM,"MAHATMA GANDHI NURSING INSTITUTE, DEOLI, WARDHA",20,20
3845,Amravati,Amravati,1049,2022-23,ANM,"SARSWATI NURSING SCHOOL, DHAMANGAON, AMRAVATI",20,19
3846,Amravati,Washim,1050,2022-23,ANM,"GENERAL HOSPITAL, WASHIM",40,40
3847,Chh. Sambhaji Nagar,Beed,1051,2022-23,ANM,"DISTRICT HOSPITAL, SAWARGAON, AMBAJOGAI, BEED",40,39
3848,Pune,Solapur,1052,2022-23,ANM,"SMT. KAMALBEN PATEL INSTITUTE OF NURISNG, KUMBHARI, SOLAPUR",20,15
3849,Chh. Sambhaji Nagar,Chh. Sambhaji Nagar,1093,2022-23,ANM,"NEW NURSING SCHOOL, JAINPURA PAITHAN, AURANGABAD",20,0
3850,Nashik,Nashik,1099,2022-23,ANM,"Training college of Nursing, general hospital malegaon nashik",40,36
3851,Nashik,Nandurbar,1101,2022-23,ANM,"GENERAL HOSPITAL, NANDURBAR",40,40
3852,Amravati,Yavatmal,1102,2022-23,ANM,"GENERAL HOSPITAL, PUSAD, YAVATMAL",40,39
3853,Chh. Sambhaji Nagar,Hingoli,1103,2022-23,ANM,"GENERAL HOSPITAL, HINGOLI",40,32
3854,Amravati,Yavatmal,1106,2022-23,ANM,"Chintamani School of Nursing, Kalamb, Yavatmal",60,60
3855,Nagpur,Bhandara,1109,2022-23,ANM,"Smt. Shalinitai Meghe College of Nursing & Hospital, Bhilewada, Bhandara",60,17
3856,Nagpur,Nagpur,1110,2022-23,ANM,"Shri K.R.Pandav College of Nursing and Hospital, Nagpur",60,7
3857,Chh. Sambhaji Nagar,Latur,1114,2022-23,ANM,"KSPM's Jijamata Nursing School, Latur",60,21
3858,Chh. Sambhaji Nagar,Chh. Sambhaji Nagar,1115,2022-23,ANM,"Godavari Nursing School of ANM, Aurangabad",60,51
3859,Konkan,Palghar,1117,2022-23,ANM,"Shantai Nursing School, Palghar",60,51
3860,Nagpur,Bhandara,1120,2022-23,ANM,"Sanjeevani Nursing College, Sakoli, Bhandara",20,20
3861,Chh. Sambhaji Nagar,Parbhani,1127,2022-23,ANM,"DNYANAI INSTITUTE OF NURSING SCHOOL Karegaon, PARBHANI",50,0
3862,Nashik,Jalgaon,1128,2022-23,ANM,G.M Institute of Nursing Jamner,40,10
3863,Chh. Sambhaji Nagar,Nanded,1129,2022-23,ANM,Rajmudra ANM Nursing School Nanded,40,40
3864,Chh. Sambhaji Nagar,Parbhani,1130,2022-23,ANM,"Dnyanai Nursing School Karegaon,Parbhani",50,50
3865,Chh. Sambhaji Nagar,Hingoli,1132,2022-23,ANM,Indira Gandhi Nursing School Hingoli,60,60
3866,Pune,Kolhapur,1133,2022-23,ANM,Sharad College Of Nursing Ichalkaranji,40,40
3867,Chh. Sambhaji Nagar,Dharashiv,1137,2022-23,ANM,"INSTITUTE OF  NURSING, WASHI, OSMANABAD",20,13
3868,Chh. Sambhaji Nagar,Latur,1138,2022-23,ANM,"Mother Teresa RANM Nursing Institute Yeshwant Society,Udgir Latur",30,12
3869,Nashik,Nashik,1144,2022-23,ANM,"Jeevak School Of Nursing,Mhasrul Nashik",30,25
3870,Chh. Sambhaji Nagar,Jalna,1149,2022-23,ANM,A.M.D Institute Of Nursing Jalna,40,14
3871,Nagpur,Nagpur,1155,2022-23,ANM,"Smt. Rajkamal Tidke Institute of Nursing Mouda, Nagpur",40,0
3872,Nashik,Nashik,1157,2022-23,ANM,"SHREYA NURSING SCHOOL, KALWAN, NASHIK",60,50
3873,Nagpur,Chandrapur,1158,2022-23,ANM,"Meerabai Kamble  Nursing College Bramhapuri, Chandrapur",60,55
3874,Amravati,Amravati,1162,2022-23,ANM,"Gurukul Nursing Institute, Daryapur Amravati",40,37
3875,Nagpur,Gadchiroli,1164,2022-23,ANM,"SAVITRIBAI FULE ANM NURSING SCHOOL, MEDHHA GADCHIROLI",60,60
3876,Konkan,Thane,1169,2022-23,ANM,"ARYAVEER INSTITUTE OF NURSING,MURBAD THANE",40,35
3877,Nashik,Jalgaon,1170,2022-23,ANM,"MEDILINE INSTITUTE OF NURSING,KUSUMBA,JALGAON",40,40
3878,Pune,Solapur,1186,2022-23,ANM,"SHRIRAM INSTITUTE OF NURSING, PANIV",60,52
3879,Chh. Sambhaji Nagar,Jalna,1189,2022-23,ANM,"JAY AMBE SCHOOL OF NURSING, AMBAD ROAD JALNA",40,36
3880,Amravati,Akola,1192,2022-23,ANM,"MAHATMA PHULE NURSING SCHOOL ANM BABHULGAON, AKOLA",60,60
3881,Chh. Sambhaji Nagar,Hingoli,1194,2022-23,ANM,"BHAGWANBABA SCHOOL OF NURSING, KOTHLAJ, HINGOLI",40,39
3882,Chh. Sambhaji Nagar,Hingoli,1195,2022-23,ANM,"SUBHADRA NURSING SCHOOL, KALAMNURI, HINGOLI",40,30
3883,Nashik,Ahilyanagar,1196,2022-23,ANM,"SURYA NURSING COLLEGE A.N.M, SANGAMNER, AHMEDNAGAR",60,60
3884,Konkan,Thane,1207,2022-23,ANM,"SMT. VIMALADEVI KHYALILAL VAGHARECHA COLLEGE OF NURSING EDUCATION, MAJIWADA, THANE",60,0
3885,Nashik,Dhule,1214,2022-23,ANM,"Shree Sai College of Nursing, Mhasadi, Pimpalner, Sakri, Dhule",40,27
3886,Konkan,Palghar,1215,2022-23,ANM,"Ideal Institute of Nursing, Wada Palghar",60,0
3887,Chh. Sambhaji Nagar,Latur,1216,2022-23,ANM,"Shifa Institute of Nursing College Ausa,Latur",20,0
3888,Chh. Sambhaji Nagar,Jalna,1219,2022-23,ANM,"Raje Chhatrapati Paramedical and Nursing College Mahora, Jafrabad Jalna",60,30
3889,Amravati,Akola,1222,2022-23,ANM,"Late Pandurang patil Nursing School, Kanheri Barshi Takli, Akola",40,0
3890,Amravati,Washim,1223,2022-23,ANM,"Sanmati Nursing school, Sawargaon Barde, Washim",40,0
3891,Chh. Sambhaji Nagar,Nanded,1226,2022-23,ANM,"Mauli Nursing School Taroda, Nanded",40,0
3892,Chh. Sambhaji Nagar,Chh. Sambhaji Nagar,1229,2022-23,ANM,"Shri. Sai Nursing School RANM Wadgaon, Aurangabad",20,0
3893,Nashik,Jalgaon,1234,2022-23,ANM,"Dr. Ketki Patil School of Nursing, Jalgaon",20,0
3894,Konkan,Thane,4,2022-23,GNM,"V. S. GENERAL HOSPITAL, THANE",40,40
3895,Konkan,Raigarh,6,2022-23,GNM,"GENERAL HOSPITAL,  ALIBAG",40,39
3896,Konkan,Ratnagiri,7,2022-23,GNM,"GENERAL HOSPITAL, RATNAGIRI",40,40
3897,Nashik,Nashik,8,2022-23,GNM,"GENERAL HOSPITAL, NASIK",40,40
3898,Nashik,Jalgaon,10,2022-23,GNM,"GENERAL HOSPITAL,  JALGAON",40,40
3899,Nashik,Nashik,12,2022-23,GNM,GANPATRAO ADKE INE.  NASIK,40,39
3900,Nashik,Nashik,13,2022-23,GNM,"NASIK MEDICO TRAINING COLLEGE OF NURSING, NASIK",40,40
3901,Konkan,Ratnagiri,14,2022-23,GNM,"RAMRAJE SCH. NSG, RCON DAPOLI, RATNAGIRI",40,40
3902,Konkan,Raigarh,16,2022-23,GNM,"NOOTAN SCHOOL OF NURSING, RAIGAD",40,40
3903,Konkan,Raigarh,26,2022-23,GNM,"KALAVATI INSTITUTE OF NURSING EDUCATION,  AIROLI NAVI MUMBAI",40,38
3904,Konkan,Ratnagiri,29,2022-23,GNM,"PARKAR MEDICAL FOUNDATION SCHOOL OF NURSING, RATNAGIRI",20,20
3905,Nashik,Nashik,33,2022-23,GNM,"NAMCO SCHOOL OF NURSING, NASIK",40,39
3906,Konkan,Sindhudurg,35,2022-23,GNM,"SHREE ANANT SMRUTI SCHOOL OF NURSING, KASAL",60,57
3907,Nashik,Nashik,38,2022-23,GNM,"NASHIK NURSING SCHOOL, NASHIK",60,60
3908,Nashik,Ahilyanagar,39,2022-23,GNM,"GENERAL HOSPITAL,AHMEDNAGAR",40,40
3909,Pune,Satara,40,2022-23,GNM,"GENERAL HOSPITAL, SATARA",40,40
3910,Pune,Kolhapur,41,2022-23,GNM,"C.P.R. GENERAL HOSPITAL, KOLHAPUR",20,20
3911,Pune,Solapur,42,2022-23,GNM,"DHANRAJGIRIJI HOSPITAL,  SOLAPUR",20,20
3912,Nashik,Ahilyanagar,51,2022-23,GNM,KRANTI SCHOOL OF NURSING  AHMEDNAGAR,40,40
3913,Pune,Kolhapur,53,2022-23,GNM,"DR. J. J. MAGDUM SON, SHIROL, KOLHAPUR",40,40
3914,Pune,Solapur,54,2022-23,GNM,"ASHWINI SAHAKARI SON,  SOLAPUR",30,30
3915,Pune,Pune,62,2022-23,GNM,"Sevadham Trust A.S.M.T. SON, MAVAL, PUNE,",20,18
3916,Pune,Solapur,64,2022-23,GNM,"SHIVAJI SHIKSHAN PRASARAK MANDALS, SON, BARSHI, SOLAPUR",20,20
3917,Pune,Pune,65,2022-23,GNM,"ANAND MEDICAL FOUNDATION, SON, KURULI, KHED, PUNE",50,45
3918,Pune,Sangli,66,2022-23,GNM,"KAMAL INSTITUTE OF NURSING EDUCATION, JATH, SANGLI",20,20
3919,Pune,Sangli,72,2022-23,GNM,"UMA INST. OF NURSING EDUCATION, SANGLI",20,20
3920,Nashik,Ahilyanagar,73,2022-23,GNM,"SEVA NURSING SCHOOL, AHMEDNAGAR",80,80
3921,Pune,Kolhapur,74,2022-23,GNM,"KEDARI REDEKAR  NURSING SCHOOL, GADHINGLAJ, KOLHAPUR",20,20
3922,Pune,Sangli,82,2022-23,GNM,"KULLOLLI CH.TRUSTS, SCHOOL OF NURSING, MIRAJ, SANGLI",40,32
3923,Pune,Satara,90,2022-23,GNM,"PHALTAN EDUCATION SOCIETY, SCHOOL OF NURSING, PHALTAN ,SATARA",80,80
3924,Pune,Satara,91,2022-23,GNM,"KANISHKA CHARITABLE TRUSTS, SCHOOL OF NURSING ,SATARA",40,13
3925,Nagpur,Wardha,101,2022-23,GNM,"FLORENCE NIGHTINGALE TRAINING COLLEGE OF NURSING,WARDHA.",100,100
3926,Amravati,Amravati,107,2022-23,GNM,"DIST.HOSPITAL FOR WOMEN , AMRAVATI",40,40
3927,Nagpur,Chandrapur,109,2022-23,GNM,"GENERAL HOSPITAL,CHANDRAPUR",40,40
3928,Nagpur,Bhandara,112,2022-23,GNM,"GENERAL HOSPITAL, BHANDARA",40,40
3929,Nagpur,Gadchiroli,113,2022-23,GNM,GENERAL HOSPITAL  GADCHIROLI,40,40
3930,Amravati,Yavatmal,115,2022-23,GNM,"HELEN ROSE SCHOOL OF NURSING UMRI, YAVATMAL",20,20
3931,Amravati,Amravati,116,2022-23,GNM,"MAA GAYATRI SCHOOL OF NURSING, ACHALPUR, AMRAVATI",40,40
3932,Amravati,Akola,118,2022-23,GNM,"INSTITUTE OF NURSING EDUCATION & RESEARCH, AKOLA",60,59
3933,Amravati,Yavatmal,119,2022-23,GNM,"SUMITRABAI THAKARE TRAINING COLLEGE OF NURSING, YAVATMAL",60,60
3934,Amravati,Akola,122,2022-23,GNM,"NATIONAL SCHOOL OF NURSING , AKOLA",20,20
3935,Nagpur,Nagpur,123,2022-23,GNM,"TIRPUDE NURSING TRAINING SCHOOL, NAGPUR",40,40
3936,Amravati,Washim,124,2022-23,GNM,"MAA GANGA NURSING SCHOOL, WASHIM",40,40
3937,Nagpur,Bhandara,126,2022-23,GNM,"SMT. K. N. PATEL  SCHOOL OF NURSING, BHANDARA",40,40
3938,Nagpur,Chandrapur,130,2022-23,GNM,"KALYAN INSTITUTE OF NURSING EDUCATION, RAJURA, CHANDRAPUR",40,40
3939,Nagpur,Chandrapur,131,2022-23,GNM,"PRABHADEVI NURSING SCHOOL, CHANDRAPUR",20,20
3940,Amravati,Yavatmal,136,2022-23,GNM,"MUNGASAJI MAHARAJ NURSING SCHOOL, YAVATMAL",60,60
3941,Amravati,Yavatmal,138,2022-23,GNM,DR. ARCHANATAI GADE PATIL SCHOOL OF NURSING LOHARA YAVATMAL,40,40
3942,Amravati,Amravati,146,2022-23,GNM,DR. PANJABRAO DESHMUKH INST. OF NSG. AMRAVATI,50,50
3943,Nagpur,Wardha,149,2022-23,GNM,"SHALOM SCHOOL OF NURSING, WARDHA",20,20
3944,Nagpur,Wardha,151,2022-23,GNM,"KASABAI SCHOOL OF NURSING, SEVAGRAM,WARDHA",50,50
3945,Chh. Sambhaji Nagar,Nanded,158,2022-23,GNM,"SHRI GURU GOVINDSINGHJI MEMORIAL HOSPITAL, SON, NANDED",40,38
3946,Chh. Sambhaji Nagar,Dharashiv,161,2022-23,GNM,"GENERAL HOSPITAL, SON, OSMANABAD",40,40
3947,Chh. Sambhaji Nagar,Beed,164,2022-23,GNM,"VITHAI HOSPITAL AND RESEARCH CENTRE, SON, BEED",60,60
3948,Chh. Sambhaji Nagar,Chh. Sambhaji Nagar,168,2022-23,GNM,"SHRI DHANESHWARI MANAV VIKAS MANDAL,  AURANGABAD",60,60
3949,Chh. Sambhaji Nagar,Jalna,169,2022-23,GNM,"SHRI SAI  INSTITUE OF NURSING, JALNA",60,58
3950,Chh. Sambhaji Nagar,Parbhani,170,2022-23,GNM,"MAULI INSTITUTE OF NURSING, PARBHANI",40,39
3951,Konkan,Mumbai City,175,2022-23,GNM,"G.T. HOSPITAL, MUMBAI",25,25
3952,Konkan,Mumbai City,177,2022-23,GNM,"ST. GEORGES HOSPITAL, MUMBAI",20,20
3953,Konkan,Mumbai City,178,2022-23,GNM,"B.Y.L.NAIR CHA. HOSP, MUMBAI",100,97
3954,Konkan,Mumbai City,179,2022-23,GNM,"K.E.M. HOSPITAL , MUMBAI",100,98
3955,Konkan,Mumbai Suburban,180,2022-23,GNM,"L.T.M.G.HOSPITAL, SION, MUMBAI",100,96
3956,Konkan,Mumbai City,181,2022-23,GNM,"M.G.M.HOSPITAL, PAREL , MUMBAI",20,19
3957,Konkan,Mumbai Suburban,186,2022-23,GNM,"HARILAL BHAGWATI MUNCIPAL GEN.HOSPITAL, SON, BORIVALI , MUMBAI",20,20
3958,Konkan,Mumbai City,187,2022-23,GNM,"DR.R.N.COOPER HOSPITAL, SON, MUMBAI",30,30
3959,Konkan,Mumbai City,188,2022-23,GNM,"K.J.SOMAIYA HOSPITAL  RES. CENTRE, SON, SION , MUMBAI",40,40
3960,Konkan,Mumbai Suburban,189,2022-23,GNM,"HOLY SPIRIT HOSPITAL , ANDHERI , MUMBAI",30,29
3961,Konkan,Mumbai Suburban,191,2022-23,GNM,"GURU NANAK HOSPITAL, SON, BANDRA , MUMBAI",20,20
3962,Konkan,Mumbai Suburban,192,2022-23,GNM,"HOLY FAMILY INSTITUTE OF NURSING EDU., KURLA, MUMBAI",30,30
3963,Konkan,Thane,193,2022-23,GNM,"SAU.MINATAI THAKARE INSTITUTE OF NURSING EDUCATION ,THANE",30,30
3964,Konkan,Thane,194,2022-23,GNM,"UDAY GER SCHOOL OF NURSING, VASAI, THANE",25,24
3965,Konkan,Raigarh,195,2022-23,GNM,"MGMS FLORENCE NIGHTINGALE INSTITUTE OF NSG EDU., NAVI MUMBAI",30,29
3966,Nashik,Nashik,196,2022-23,GNM,"N.D.M.V.P.SAMAJS SCHOOL OF NSG., NASIK",60,59
3967,Nashik,Nashik,197,2022-23,GNM,"GOKHALE EDUCATION SOCIETY , SON, VIDYANAGAR , NASIK",30,30
3968,Nashik,Dhule,198,2022-23,GNM,"JAWAHAR MED.FOUNDATION, SON , DHULE",20,20
3969,Konkan,Sindhudurg,199,2022-23,GNM,"MANAV SADHAN VIKAS SANSTHA, SON, KUDAL, SINDHUDURG",60,52
3970,Konkan,Thane,201,2022-23,GNM,"INSTITUTE  OF  NURSING  EDUCATION , DOMBIVALI",60,53
3971,Nashik,Nashik,203,2022-23,GNM,"GLOBAL HEALTH CARE INSTITUTE , COLLEGE OF NURSING , NASHIK",60,59
3972,Konkan,Thane,204,2022-23,GNM,"BHAKTI VEDANTA HOSPITAL , SCHOOL OF NURSING , MIRAROAD,THANE",20,20
3973,Konkan,Raigarh,205,2022-23,GNM,"YERALA MEDICAL TRUST  RESEARCH CENTRE, SCHOOL OF NURSING , KHARGHAR",100,100
3974,Nashik,Nashik,206,2022-23,GNM,"SAHYADRI SEVA SANSTHA , INSTITUTE OF NURSING , NASIK",60,60
3975,Nashik,Nandurbar,207,2022-23,GNM,"DEOMOGRA FOUNDATION TRUST , NANDURBAR",50,50
3976,Konkan,Raigarh,208,2022-23,GNM,"PRABHAKAR PATIL INSTITUTE OF NURSING EDUCATION, PEN",20,20
3977,Pune,Pune,210,2022-23,GNM,"K.E.M. HOSPITAL , PUNE",20,20
3978,Pune,Pune,211,2022-23,GNM,"POONA HOSPITAL  RESEARCH CENTRE, SON, PUNE",40,39
3979,Nashik,Ahilyanagar,212,2022-23,GNM,"E.BOOTH HOSPITAL, AHMEDNAGAR",20,18
3980,Nashik,Ahilyanagar,213,2022-23,GNM,"ST.LUKES HOSPITAL, SHRIRAMPUR,   AHMEDNAGAR",25,25
3981,Nashik,Ahilyanagar,214,2022-23,GNM,"PRAVARA MED. TRUST, COLLEGE OF NURSING, LONI, AHMEDNAGAR",100,100
3982,Pune,Satara,215,2022-23,GNM,"KRISHNA HOSPITAL  MEDICAL RESEARCH CENTER , KARAD, SATARA",60,60
3983,Pune,Sangli,216,2022-23,GNM,"WANLESS HOSPITAL COLLEGE OF NURSING, MIRAJ , DIST SANGLI",40,40
3984,Pune,Sangli,217,2022-23,GNM,"GENERAL HOSPITAL, SANGLI",20,20
3985,Pune,Solapur,218,2022-23,GNM,"GENERAL HOSPITAL, SOLAPUR",20,20
3986,Pune,Pune,220,2022-23,GNM,"DR. D.Y. PATIL INST OF NURSING EDU , PIMPRI ,PUNE",90,88
3987,Pune,Pune,221,2022-23,GNM,"Maharshi Karve Stree Shikshan Sanstha SMT BAKUL TAMBAT INSTITUTE OF NURSING EDUCATION, KARVE NAGAR PUNE",80,73
3988,Pune,Pune,222,2022-23,GNM,"BHAUSAHEB SARDESAI SCHOOL OF NURSING , TALEGAON GENERAL HOSPITAL , PUNE",20,19
3989,Pune,Pune,223,2022-23,GNM,"BHARATI VIDYAPEETH COLLEGE OF NURSING , PUNE",50,50
3990,Nashik,Ahilyanagar,224,2022-23,GNM,"SHRI VIVEKANAND SCHOOL OF NURSING , RAHURI , AHMEDNAGAR",60,59
3991,Pune,Kolhapur,225,2022-23,GNM,"DR. D.Y.PATIL INSTITUTE OF NURSING EDUCATION , KOLHAPUR",30,30
3992,Pune,Pune,226,2022-23,GNM,"DWARIKA SANGAMNER INSTITUTE OF NURSING EDUCATION, PUNE",20,20
3993,Pune,Pune,227,2022-23,GNM,"N.M. WADIA HOSPITAL, SCHOOL OF NURSING, PUNE",20,20
3994,Pune,Sangli,228,2022-23,GNM,"LOKNETE RAJARAMBAPU PATIL , TRG. COLL. OF NURSING , ISLAMPUR, WALWA, SANGLI",30,29
3995,Pune,Sangli,230,2022-23,GNM,"KASEGAON EDUCATION SOCIETY, SCHOOL OF NURSING, ISLAMPUR, SANGLI",60,60
3996,Pune,Pune,231,2022-23,GNM,"C Y DANGAT PATIL SHIKSHAN AND KRIDA MANDAL, SCHOOL OF NURSING , PUNE",20,20
3997,Pune,Pune,232,2022-23,GNM,"GIRIRAJ SCHOOL OF NURSING , BARAMATI",60,59
3998,Pune,Satara,233,2022-23,GNM,"LATE NARAYANDAS BHAWANGDAS CHHABADA TRAINING COLLEGE OF NURSING, SATARA",30,29
3999,Nashik,Ahilyanagar,234,2022-23,GNM,"ANAND RISHIJI HOSPITAL  MEDICA RES CENTRE, SON, AHMEDNAGAR",40,36
4000,Nashik,Ahilyanagar,235,2022-23,GNM,"PAD DR. V. VIKHE PATIL INSTITUTE OF NURSING EDUCATION, AHMEDNAGAR",80,80
4001,Pune,Sangli,236,2022-23,GNM,"MARY BHORE GENERAL NURSING SCHOOL , MIRAJ",20,20
4002,Pune,Sangli,238,2022-23,GNM,"GULABRAO PATIL INSTITUTE OF NURSING SCIENCES, MIRAJ, SANGLI",60,60
4003,Pune,Pune,239,2022-23,GNM,"SUSHRUSHA NURSING SCHOOL, DAUND , PUNE",50,50
4004,Pune,Satara,240,2022-23,GNM,"W.F.P.M., SCHOOL OF NURSING,  WAI, SATARA",30,30
4005,Pune,Solapur,241,2022-23,GNM,"SAHARA INSTITUTE OF NURSING EDUCATION, AKLUJ , SOLAPUR",20,20
4006,Nagpur,Nagpur,244,2022-23,GNM,"INDIRA GANDHI MEDICAL COLLEGE  HOSPITAL, NAGPUR",40,23
4007,Nagpur,Nagpur,245,2022-23,GNM,"MURE MEMORIAL HOSPITAL SCHOOL OF NURSING, NAGPUR",30,30
4008,Nagpur,Nagpur,246,2022-23,GNM,"MADHURIBAI DESHMUKH INST.OF NSG.EDU., NAGPUR",100,97
4009,Nagpur,Wardha,247,2022-23,GNM,"KASTURBA HEALTH SOCIETY, SEVAGRAM, WARDHA",40,40
4010,Amravati,Amravati,248,2022-23,GNM,"GENERAL HOSPITAL, AMRAVATI",40,40
4011,Amravati,Akola,249,2022-23,GNM,"GENERAL  HOSPITAL, AKOLA",40,20
4012,Nagpur,Nagpur,251,2022-23,GNM,"SURETECH COLLEGE OF NURSING, NAGPUR",60,60
4013,Nagpur,Gadchiroli,253,2022-23,GNM,"DR. SALVE NURSING INSTITUTE  COLLEGE , GADCHIROLI",60,21
4014,Amravati,Buldana,254,2022-23,GNM,"MOTHER TERESA SCHOOL OF NURSING , BULDANA",60,60
4015,Amravati,Yavatmal,255,2022-23,GNM,"SAKSHI DESHMUKH INST OF NURSING , LOHARA , YAVATMAL",40,40
4016,Amravati,Yavatmal,256,2022-23,GNM,"PRUTHVIRAJ DESHMUKH NURSING INSTITUTE, LOHARA, YAVATMAL",40,40
4017,Chh. Sambhaji Nagar,Chh. Sambhaji Nagar,259,2022-23,GNM,"MAHATMA GANDHI MISSION INSTITUTE OF NURSING EDUCATION, AURANGABAD",100,99
4018,Chh. Sambhaji Nagar,Jalna,260,2022-23,GNM,"JALNA MISSION HOSPITAL, JALNA",20,20
4019,Chh. Sambhaji Nagar,Latur,262,2022-23,GNM,"GENERAL HOSPITAL, LATUR",20,20
4020,Chh. Sambhaji Nagar,Beed,263,2022-23,GNM,"SHRI SWAMI VIVEKANAND SCHOOL OF NURSING, BEED",20,20
4021,Chh. Sambhaji Nagar,Latur,264,2022-23,GNM,"SANT TUKARM INSTITUTE OF NURSING EDUCATION, AHMEDPUR, LATUR",30,30
4022,Chh. Sambhaji Nagar,Parbhani,265,2022-23,GNM,"INSTITUTE OF NURSING, PARBHANI",20,20
4023,Nagpur,Nagpur,267,2022-23,GNM,"ASHARAM SCHOOL OF NURSING , NAGPUR",60,60
4024,Chh. Sambhaji Nagar,Dharashiv,271,2022-23,GNM,"INDIRA GANDHI NURSING SCHOOL, OSMANABAD",30,30
4025,Nashik,Ahilyanagar,278,2022-23,GNM,"PARVATIBAI MHASKE INSTITUTE OF NURSING, AHMEDNAGAR",60,59
4026,Konkan,Ratnagiri,281,2022-23,GNM,"SAMARTH INSTITUTE OF NURSING EDUCATION, DERVAN",60,58
4027,Nashik,Ahilyanagar,282,2022-23,GNM,"MAHARASHTRA HOMOEOPATHIC FOUNDATIONS SCHOOL OF NURSING , PATHAR ,  AHMEDNAGAR",80,80
4028,Chh. Sambhaji Nagar,Jalna,283,2022-23,GNM,"VASANTRAO NAIK SHIKSHAN PRASARAK MANDAL, JALNA",40,38
4029,Amravati,Buldana,300,2022-23,GNM,"ANANDI NURSING INSTITUTE  COLLEGE , BULDANA",20,14
4030,Pune,Satara,303,2022-23,GNM,"APARNA INST. OF NURSING EDUCATION , KARAD",30,30
4031,Chh. Sambhaji Nagar,Beed,308,2022-23,GNM,"YASHWANT NURSING SCHOOL, ASHTI, BEED",40,40
4032,Pune,Pune,318,2022-23,GNM,"SHARDABAI PAWAR INSTITUTE OF NURSING, PUNE",60,59
4033,Nashik,Jalgaon,323,2022-23,GNM,"GODAVARI COLLEGE OF  NURSING , JALGAON",100,100
4034,Nagpur,Wardha,331,2022-23,GNM,SARASWATI NURSING SCHOOL GUNJKHEDA WARDHA,60,60
4035,Chh. Sambhaji Nagar,Latur,335,2022-23,GNM,"G.B .PATIL SCHOOL OF NURSING, UDGIR, LATUR",20,20
4036,Chh. Sambhaji Nagar,Latur,336,2022-23,GNM,"SHRI BHAGWAN NURSING SCHOOL, LATUR",20,20
4037,Nashik,Ahilyanagar,342,2022-23,GNM,"SAI NURSING INSTITUTE , RAHATA, AHMEDNAGAR",60,59
4038,Chh. Sambhaji Nagar,Latur,351,2022-23,GNM,"MAHARASHTRA COLLEGE OF NURSING, KAVA, LATUR",45,39
4039,Konkan,Ratnagiri,352,2022-23,GNM,M.E.S SCHOOL OF NURSING KHED RATNAGIRI,40,40
4040,Chh. Sambhaji Nagar,Latur,356,2022-23,GNM,"NAVJEEVAN CHARITABLE TRUST, LATUR",60,59
4041,Amravati,Buldana,359,2022-23,GNM,"HARSH SCHOOL OF NURSING, KHAMGAON, BULDANA",60,60
4042,Nagpur,Gadchiroli,360,2022-23,GNM,"NAVJEEVAN NURSING SCHOOL, CHAMORSHI, GADCHIROLI",40,37
4043,Konkan,Sindhudurg,362,2022-23,GNM,"BR. NATH PAI INSTITUTE OF NURSING, PINGULI, SINDHUDURGA",60,60
4044,Nagpur,Bhandara,378,2022-23,GNM,"POOJA NURSING INSTITUTE , BHANDARA",60,60
4045,Chh. Sambhaji Nagar,Beed,387,2022-23,GNM,"POOJA NURSING SCHOOL, PARALI-VAIJNATH, BEED",20,
4046,Pune,Pune,393,2022-23,GNM,"JAY INSTITUTE OF NURSING , INDAPUR , PUNE",60,57
4047,Konkan,Sindhudurg,400,2022-23,GNM,"GENERAL HOSPITAL,  SINDHUDURG",40,39
4048,Chh. Sambhaji Nagar,Beed,401,2022-23,GNM,"VAIDYANATH NURSING SCHOOL, ,PARALIVAIJNATH, BEED",50,50
4049,Chh. Sambhaji Nagar,Latur,408,2022-23,GNM,"MAHARASHTRA INSTITUTE OF MED. SCI  RE. NSG, LATUR",20,20
4050,Amravati,Yavatmal,410,2022-23,GNM,"SHRI VINAYAKRAOBAPU DESHMUKH NURSING SCHOOL , SAWARGAON , YAVATMAL",60,60
4051,Chh. Sambhaji Nagar,Beed,412,2022-23,GNM,"JIJAMATA SCHOOL OF NURSING, MAJALGAON, BEED",60,60
4052,Chh. Sambhaji Nagar,Chh. Sambhaji Nagar,415,2022-23,GNM,"AURANGABAD NURSING SCHOOL, BHALGAON, AURANGABAD",60,60
4053,Pune,Kolhapur,428,2022-23,GNM,"SHRI BHAIRAVNATH NURSING SCHOOL , ICHALKARANJI  , KOLHAPUR",20,20
4054,Pune,Pune,430,2022-23,GNM,"GURURAJ SCHOOL OF NURSING , PUNE",20,17
4055,Konkan,Raigarh,444,2022-23,GNM,"DR. D. Y. PATIL INSTITUTE OF NURSING EDUCATION, NAVI MUMBAI",20,20
4056,Chh. Sambhaji Nagar,Jalna,446,2022-23,GNM,"GENERAL HOSPITAL, JALANA",40,38
4057,Chh. Sambhaji Nagar,Parbhani,477,2022-23,GNM,"BELESHWAR INSTITUTE OF NURSING, PARBHANI",30,28
4058,Konkan,Thane,484,2022-23,GNM,"NAVJEEVAN SCHOOL OF NURSING, SHAHAPUR, THANE",20,20
4059,Konkan,Raigarh,486,2022-23,GNM,"PRATIBHA SCHOOL OF NURSING, KOPERKHAIRANE, NAVI MUMBAI",70,70
4060,Chh. Sambhaji Nagar,Chh. Sambhaji Nagar,490,2022-23,GNM,"Manik Nursing School, Garkhed, Aurangabad",20,20
4061,Chh. Sambhaji Nagar,Latur,492,2022-23,GNM,"New Vision School of Nursing, Latur",60,60
4062,Chh. Sambhaji Nagar,Beed,493,2022-23,GNM,MAULI NURSING SCHOOL BARSHI ROAD BEED,30,30
4063,Chh. Sambhaji Nagar,Beed,495,2022-23,GNM,"ANKITA DOUND INSTITUTE OF NURSING SCHOOL, AMBAJOGAI, BEED",20,18
4064,Nashik,Nashik,497,2022-23,GNM,"SWAMI VIVEKANAND SANSTHA, MALEGAON, NASHIK",20,20
4065,Pune,Sangli,501,2022-23,GNM,"CHINGUAAI INSTITUTE OF NURSING EDUCATION, KAVATHE MAHANKAL, SANGLI",20,20
4066,Nashik,Ahilyanagar,506,2022-23,GNM,"KOPERGAON TALUKA VIDYARTHI SAHAYYAK SCHOOL OF NURSING,KOPERGAON",60,40
4067,Amravati,Yavatmal,514,2022-23,GNM,"Sanjeevan Nursing School, Yavatmal,",60,59
4068,Nashik,Ahilyanagar,524,2022-23,GNM,"SHREE SAI NURSING SCHOOL, JAMKHED, AHMEDNAGAR",60,46
4069,Pune,Sangli,526,2022-23,GNM,"VIDYA SAGAR NURSING SCHOOL, SANGLI",50,50
4070,Nashik,Nashik,541,2022-23,GNM,"KALWAN NURSING SCHOOL, KALWAN, NASHIK",60,60
4071,Nashik,Nashik,542,2022-23,GNM,"DINDORI SCHOOL OF NURSING, DINDORI, NASHIK",60,60
4072,Nashik,Nashik,543,2022-23,GNM,"YEOLA SCHOOL OF NURSING, YEOLA, NASHIK",60,59
4073,Chh. Sambhaji Nagar,Chh. Sambhaji Nagar,545,2022-23,GNM,"Yeshwant Institute of Nursing, Paithan Road, Aurangabad",20,20
4074,Chh. Sambhaji Nagar,Latur,546,2022-23,GNM,"SWAMI VIVEKANAND SHIKSHAN PRASARAK MANDAL, UDGIR, LATUR",20,20
4075,Nagpur,Gondia,552,2022-23,GNM,"S. CHANDRA SCHOOL OF NURSING, ARJUNI GONDIA",20,19
4076,Nagpur,Wardha,557,2022-23,GNM,"Sunita Nursing School, Tal  Shelu, Wardha",60,60
4077,Pune,Solapur,562,2022-23,GNM,"YASHODHARA NURSING INSTITUTE, SOLAPUR",20,20
4078,Chh. Sambhaji Nagar,Beed,564,2022-23,GNM,"Late Ranghunathraoji Kendre Nursing School, Vaijnath, Beed",40,40
4079,Amravati,Akola,568,2022-23,GNM,"MAHARSHI WALMIKI INSTITUTE OF NURSING MALKAPUR,AKOLA",60,59
4080,Pune,Kolhapur,582,2022-23,GNM,"SANT GAJANAN MAHARAJ SCHOOL OF NURSING, CHINCHEWADI, GADHINGLAJ, KOLHAPUR",40,39
4081,Konkan,Sindhudurg,584,2022-23,GNM,"MAI NURSING SCHOOL, KUDAL",40,31
4082,Nashik,Dhule,586,2022-23,GNM,"D.S. NURSING SCHOOL, SAKRI, DHULE",60,60
4083,Konkan,Palghar,587,2022-23,GNM,"SHREE GAJANAN MAHARAJ COLLEGE OF  NURSING AND RESEARCH CENTER JAWHAR, PALGHAR",50,30
4084,Nashik,Nashik,589,2022-23,GNM,"IGATPURI NURSING SCHOOL, IGATPURI, NASHIK",60,58
4085,Nashik,Nashik,590,2022-23,GNM,"NIFAD NURSING SCHOOL, NIFAD, NASHIK",60,60
4086,Nashik,Nashik,592,2022-23,GNM,"SAI CARE NURSING SCHOOL, NASHIK",60,60
4087,Nashik,Nashik,593,2022-23,GNM,"JIJAMATA NURSING SCHOOL, MALEGAON, NASHIK",60,60
4088,Konkan,Raigarh,595,2022-23,GNM,"D. D. VISPUTE SCHOOL OF NURSING, PANVEL, RAIGAD",20,19
4089,Nashik,Nashik,597,2022-23,GNM,"RAJEEV GANDHI GNM NURSING COLLEGE, SINNAR, NASHIK",60,60
4090,Nashik,Ahilyanagar,604,2022-23,GNM,"MANGALA INSTITUTE OF NURSING EDUCATION,AKOLE, AHMEDNAGAR",40,39
4091,Pune,Kolhapur,606,2022-23,GNM,"LATE SOU ROSHANBI SHAMANJI NURSING SCHOOL, GADHINGLAJ, KOLHAPUR",20,18
4092,Nashik,Ahilyanagar,608,2022-23,GNM,"ABHINAV NURSING SCHOOL, AHMEDNAGAR",60,58
4093,Pune,Sangli,623,2022-23,GNM,"KEDARNATH NURSING SCHOOL, ISLAMPUR, SANGLI",60,60
4094,Nashik,Ahilyanagar,625,2022-23,GNM,"SHRUTI NURSING SCHOOL, SHRIRAMPUR, AHMEDNAGAR",60,60
4095,Nashik,Ahilyanagar,629,2022-23,GNM,"LATE BHAU DAJI PATIL DESHMUKH GRAMIN VIKAS PRATISHTHANS RANM SCHOOL, AHMEDNAGAR",60,60
4096,Nashik,Ahilyanagar,634,2022-23,GNM,"JIJAMATA NURSING SCHOOL, SHEVGAON, AHMEDNAGAR",20,19
4097,Pune,Solapur,636,2022-23,GNM,"VIJAYSINH MOHITE PATIL SCHOOL OF NURSING, MALSHIRAS, SOLAPUR",60,60
4098,Pune,Pune,637,2022-23,GNM,"LATE UDHAVRAO TULSHIRAM JADHAVAR FOUNDATIONS INSTITUTE OF NURSING, PUNE",30,30
4099,Pune,Solapur,638,2022-23,GNM,"SARDARBI INSTITUTE OF NURSING EDUCATION, MOHOL, SOLAPUR",20,20
4100,Nashik,Ahilyanagar,647,2022-23,GNM,"SIDDHAKALA SCHOOL OF NURSING, SANGAMNER, AHMEDNAGAR",60,60
4101,Pune,Pune,650,2022-23,GNM,"YASH INSTITUTE OF NURSING  PARAMEDICAL SCIENCES, INDAPUR, PUNE",20,20
4102,Nagpur,Wardha,653,2022-23,GNM,"CHETNA NURSING INSTITUTE, WARDHA",60,60
4103,Nagpur,Chandrapur,655,2022-23,GNM,"DEONIL SCHOOL OF NURSING, MUL, CHANDRAPUR",40,34
4104,Amravati,Amravati,656,2022-23,GNM,"SARASWATI INSTITUTE OF NURSING SCIENCES AND RESEARCH, AMRAVATI",40,40
4105,Nagpur,Bhandara,661,2022-23,GNM,"SAI NURSING SCHOOL, TUMSAR, BHANDARA",60,60
4106,Nagpur,Chandrapur,662,2022-23,GNM,"S.R.V. NURSING SCHOOL  RESEARCH INSTITUTE, NAGBHID, CHANDRAPUR",40,40
4107,Nagpur,Chandrapur,664,2022-23,GNM,"MOTHER TERESA NURSING ACADAMY, BALLARPUR, CHANDRAPUR",20,19
4108,Amravati,Yavatmal,670,2022-23,GNM,"MAHAJAN NURSING SCHOOL, YAVATMAL",60,60
4109,Amravati,Buldana,671,2022-23,GNM,"PAINGANGA INSTITUTE OF NURSING, BULDANA",20,20
4110,Nagpur,Gadchiroli,672,2022-23,GNM,"SHRI SAI SCHOOL OF NURSING, ARMORI, GADCHIROLI",40,40
4111,Nagpur,Bhandara,679,2022-23,GNM,"AROMIRA SCHOOL OF NURSING, BHANDARA",60,25
4112,Chh. Sambhaji Nagar,Beed,693,2022-23,GNM,"KAMAL NURSING INSTITUTE, KAIJ, BEED",20,20
4113,Chh. Sambhaji Nagar,Chh. Sambhaji Nagar,694,2022-23,GNM,"SHRI GORAKSHA NURSING SCHOOL, PHULAMBRI, AURANGABAD",20,20
4114,Chh. Sambhaji Nagar,Latur,696,2022-23,GNM,"JIJAMATA NURSING SCHOOL, LATUR",20,17
4115,Chh. Sambhaji Nagar,Beed,700,2022-23,GNM,"GANDHI NURSING SCHOOL, ASHTI, BEED",20,20
4116,Chh. Sambhaji Nagar,Parbhani,705,2022-23,GNM,"INDIRA GANDHI A.N.M. NURSING SCHOOL, PARBHANI",60,60
4117,Chh. Sambhaji Nagar,Chh. Sambhaji Nagar,707,2022-23,GNM,"DR. DAHIPHALE MEDICAL FOUNDATION TRUSTS SCHOOL OF NURSING, AURANGABAD",20,20
4118,Chh. Sambhaji Nagar,Nanded,717,2022-23,GNM,"GOVINDRAO PAUL NURSING SCHOOL, NANDED",30,30
4119,Chh. Sambhaji Nagar,Chh. Sambhaji Nagar,721,2022-23,GNM,"SAVITRIBAI PHULE NURSING SCHOOL, KANNAD, AURANGABAD",60,60
4120,Chh. Sambhaji Nagar,Beed,733,2022-23,GNM,"PRAGATI NURSING SCHOOL, PATODA, BEED",60,50
4121,Chh. Sambhaji Nagar,Hingoli,755,2022-23,GNM,"YESHWANT INSTITUTE OF NURSING SCHOOL, HINGOLI",20,20
4122,Chh. Sambhaji Nagar,Nanded,763,2022-23,GNM,"MOTHER TERESA NURSING SCHOOL, NANDED",60,51
4123,Chh. Sambhaji Nagar,Chh. Sambhaji Nagar,774,2022-23,GNM,"IDEAL NURSING SCHOOL, AURANGABAD",20,20
4124,Chh. Sambhaji Nagar,Dharashiv,777,2022-23,GNM,"K.T. PATIL SCHOOL OF  NURSING, OSMANABAD",60,58
4125,Pune,Satara,807,2022-23,GNM,"RAJMATA NURSING SCHOOL, SATARA",80,80
4126,Nagpur,Wardha,814,2022-23,GNM,"Kasturba Nurisng School Mandgaon, Samudrapur, Wardha",40,40
4127,Nagpur,Nagpur,825,2022-23,GNM,"Aakar School of Nursing, Nagpur",40,39
4128,Nagpur,Nagpur,826,2022-23,GNM,"Tanisq School of Nursing, Nagpur",60,60
4129,Chh. Sambhaji Nagar,Hingoli,829,2022-23,GNM,"Ananditai Bengal Nursing School, Sengaon, Hingoli",60,60
4130,Chh. Sambhaji Nagar,Latur,831,2022-23,GNM,"RAJGURU SCHOOL OF NURSING, UDGIR, LATUR",40,40
4131,Chh. Sambhaji Nagar,Nanded,832,2022-23,GNM,"Akshay Nursing School, Nanded",40,40
4132,Nashik,Dhule,852,2022-23,GNM,"SAROJINI SCHOOL OF NURSING, DHULE",30,30
4133,Konkan,Thane,853,2022-23,GNM,"ANUSAYA NURSING COLLEGE, DAHANU, THANE",20,
4134,Konkan,Thane,859,2022-23,GNM,"JAYRAMSETH CHAUDHARI INSTITUTE OF NURSING EDUCATION  PARAMEDICAL SCIENCE, MURBAD, THANE",50,30
4135,Nashik,Nashik,863,2022-23,GNM,"Tuljabhavani Adiwashi Shikshan Krida  Nursing Institute, Surgana, Nashik",60,60
4136,Nashik,Nandurbar,864,2022-23,GNM,"Angel Nursing School, nandurbar",60,60
4137,Nashik,Nashik,865,2022-23,GNM,"M.A.D.SCHOOL OF NURSING, YEOLA, NASHIK",100,99
4138,Nashik,Nashik,867,2022-23,GNM,"LATE BHIKAJI DARADE SCHOOL OF NURSING YEOLA, NASHIK",100,100
4139,Konkan,Ratnagiri,870,2022-23,GNM,"The Yash Foundations College of  Nursing  Medical Research Institute, Ratnagiri",50,37
4140,Nashik,Nashik,871,2022-23,GNM,JAGADAMBA SCHOOL OF NURSING YEOLA NASHIK,100,99
4141,Nashik,Ahilyanagar,878,2022-23,GNM,VIJAYA SCHOOL OF NURSING PARNER AHMEDNAGAR,60,55
4142,Pune,Pune,879,2022-23,GNM,PIMPRI NURSING SCHOOL CHINCHWAD PUNE,30,30
4143,Nashik,Ahilyanagar,880,2022-23,GNM,"Praytna Nursing College, Ahmednagar",40,40
4144,Nashik,Ahilyanagar,884,2022-23,GNM,"Sant Eknath Institute of Nursing, Shevgaon, Ahmednagar",60,60
4145,Pune,Kolhapur,888,2022-23,GNM,"YASHWANT NURSING INSTITUTE, KODOLI PANHALA KOLHAPUR",60,60
4146,Nashik,Ahilyanagar,889,2022-23,GNM,"Swami Samarth Nursing College, Kolpewadi, Ahmednagar",40,40
4147,Nashik,Ahilyanagar,896,2022-23,GNM,"Jijamata Nursing School, Newasa, Ahmednagar",20,19
4148,Pune,Pune,898,2022-23,GNM,"Dhareshwar Institute of Nursing, Pune",40,40
4149,Nashik,Ahilyanagar,902,2022-23,GNM,"Vamanrao Ithape RGNM School, Sangamner, Ahmednagar",60,58
4150,Pune,Pune,903,2022-23,GNM,"Rajmata Jijau Shikshan Prasarak Mandal School of Nursing, Pune",20,20
4151,Pune,Pune,905,2022-23,GNM,SNEHAL GNM INSTITUTE OF NURSING PUNE,20,19
4152,Pune,Kolhapur,906,2022-23,GNM,"APEX NURSING SCHOOL KARVIR, KOLHAPUR",20,20
4153,Amravati,Buldana,919,2022-23,GNM,VASANTPRABHA SCHOOL OF NURSING BULDHANA,40,40
4154,Nagpur,Nagpur,920,2022-23,GNM,CENTRAL INDIA NURSING COLLEGE NAGPUR,40,38
4155,Amravati,Buldana,921,2022-23,GNM,ONENESS SCHOOL OF NURSING BULDHANA,20,20
4156,Nagpur,Chandrapur,923,2022-23,GNM,"St.Paul Nursing College, Ballarpur, Chandrapur",60,60
4157,Nagpur,Nagpur,924,2022-23,GNM,"Shree Sai School of Nursing, Umrer, Nagpur",20,19
4158,Amravati,Buldana,926,2022-23,GNM,"Late.Vijay Makhamale Institute of RGNM School, Buldhana",20,19
4159,Amravati,Akola,928,2022-23,GNM,SAVITRIBAI FULE SCHOOL OF NURSING AKOLA,60,59
4160,Nagpur,Chandrapur,929,2022-23,GNM,"Meerabai Kamble College of Nursing, Chandrapur",50,50
4161,Amravati,Washim,930,2022-23,GNM,"Mother Teresa College of Nursing, Washim",70,70
4162,Nagpur,Bhandara,935,2022-23,GNM,"Spandan Nursing School, Pauni, Bhandara",60,60
4163,Amravati,Washim,936,2022-23,GNM,SAVITRIBAI PHULE INSTITUTE OF NURSING WASHIM,30,30
4164,Nagpur,Gondia,937,2022-23,GNM,"RADHABAI BAHEKAR SCHOOL OF NURSING,  GONDIA.",20,20
4165,Chh. Sambhaji Nagar,Beed,939,2022-23,GNM,"District Hospital, Beed",40,40
4166,Chh. Sambhaji Nagar,Chh. Sambhaji Nagar,942,2022-23,GNM,"Aurangabad Training School of Nursing,Shivajinagar, Aurangabad",60,60
4167,Chh. Sambhaji Nagar,Hingoli,949,2022-23,GNM,LATE DATTARAO HAIBATRAO THORAT NURSING SCHOOL HINGOLI,40,40
4168,Chh. Sambhaji Nagar,Latur,950,2022-23,GNM,"Arman Nursing School, Latur",20,20
4169,Chh. Sambhaji Nagar,Latur,954,2022-23,GNM,"SONI NURSING SCHOOL, LATUR",20,20
4170,Chh. Sambhaji Nagar,Dharashiv,957,2022-23,GNM,Dr. SHIVAJIRAO GHOGARE NURSING SCHOOL OSMANABAD,40,40
4171,Chh. Sambhaji Nagar,Dharashiv,958,2022-23,GNM,AASTHA SCHOOL OF NURSING OSMANABAD,20,19
4172,Chh. Sambhaji Nagar,Dharashiv,959,2022-23,GNM,NAVIN NURSING SCHOOL OSMANABAD,20,17
4173,Chh. Sambhaji Nagar,Latur,960,2022-23,GNM,"VEDANT RGNM NURSING SCHOOL, LATUR",40,40
4174,Chh. Sambhaji Nagar,Beed,965,2022-23,GNM,"LOKSEVA NURSING SCHOOL, BEED",20,20
4175,Chh. Sambhaji Nagar,Latur,966,2022-23,GNM,"Sharada Institute of Nursing, Latur",80,74
4176,Chh. Sambhaji Nagar,Latur,969,2022-23,GNM,"Sambhajirao Kendre Nursing School, Udgir, Latur",20,20
4177,Chh. Sambhaji Nagar,Nanded,970,2022-23,GNM,"Shivaprasad Nursing Institute, Mukhed, Nanded",30,30
4178,Chh. Sambhaji Nagar,Nanded,971,2022-23,GNM,"Marathwada Nursing School, Nanded",20,20
4179,Chh. Sambhaji Nagar,Latur,973,2022-23,GNM,"FlORENCE SCHOOL OF NURSING, LATUR",20,20
4180,Chh. Sambhaji Nagar,Beed,974,2022-23,GNM,"LATE PRAMODJI MAHAJAN GNM SCHOOL OF NURSING, AMBAJOGAI.  BEED",50,50
4181,Pune,Pune,975,2022-23,GNM,"DR.B.B KHALADKAR GNM NURSING SCHOOL BORIPARDHI, DAUND PUNE",60,42
4182,Chh. Sambhaji Nagar,Beed,978,2022-23,GNM,RENUKA NURSING SCHOOL KAIJ BEED,30,30
4183,Chh. Sambhaji Nagar,Latur,982,2022-23,GNM,RAJIV GANDHI RGNM NURSING SCHOOL UDGIR LATUR,60,56
4184,Chh. Sambhaji Nagar,Nanded,983,2022-23,GNM,"DAGDOJIRAO PATIL RGNM NURSING SCHOOL HADGAON, NANDED",20,20
4185,Chh. Sambhaji Nagar,Latur,985,2022-23,GNM,"KASTURABAI NURSING SCHOOL, UDGIR, LATUR",60,60
4186,Chh. Sambhaji Nagar,Parbhani,986,2022-23,GNM,"Late. Tulsabai Sapanrao Patil Institute of Nursing Education, Parbhani",20,20
4187,Chh. Sambhaji Nagar,Jalna,988,2022-23,GNM,"Arjun School of Nursing, Jalna",60,20
4188,Chh. Sambhaji Nagar,Jalna,990,2022-23,GNM,JAI AMBE SCHOOL OF NURSING JALNA,30,30
4189,Chh. Sambhaji Nagar,Beed,993,2022-23,GNM,"GANGAA INSTITUTE OF MEDICAL SCIENCES, AMBAJOGAI, BEED",20,19
4190,Amravati,Akola,994,2022-23,GNM,"MAHATMA PHULE NURSING SCHOOL, AKOLA",60,60
4191,Chh. Sambhaji Nagar,Chh. Sambhaji Nagar,995,2022-23,GNM,"PADMAVATI NURSING SCHOOL, AURANGABAD",20,19
4192,Chh. Sambhaji Nagar,Beed,996,2022-23,GNM,"OM NURSING SCHOOL, BEED",20,20
4193,Chh. Sambhaji Nagar,Latur,997,2022-23,GNM,LATE PARVATIBAI BURDE NURSING SCHOOL CHAKUR LATUR,20,20
4194,Chh. Sambhaji Nagar,Parbhani,998,2022-23,GNM,"APURVA NURSING INSTITUTE, PARBHANI",20,20
4195,Nashik,Nandurbar,1010,2022-23,GNM,"AAISAHEB JAYABAI G.N.M NURSING, PATHRAI, NANDURBAR",40,40
4196,Amravati,Akola,1020,2022-23,GNM,"ANGEL OF MERCY INSTITUTE OF NURSING SCIENCE,  AKOLA",40,38
4197,Chh. Sambhaji Nagar,Parbhani,1021,2022-23,GNM,"GENERAL HOSPITAL, PARBHANI",40,40
4198,Nagpur,Gondia,1025,2022-23,GNM,"K.T.S. GENERAL HOSPITAL, GONDIA",40,39
4199,Chh. Sambhaji Nagar,Hingoli,1038,2022-23,GNM,"V.B.N. NURSING SCHOOL, HINGOLI",40,39
4200,Chh. Sambhaji Nagar,Nanded,1042,2022-23,GNM,"SHRI GURURGOVIND SINGHJI MEMORIAL SCHOOL OF NURSING, ARDHAPUR, NANDED",60,60
4201,Chh. Sambhaji Nagar,Beed,1048,2022-23,GNM,"PRAJAKATA NURSING SCHOOL, PARLI, BEED",20,20
4202,Amravati,Washim,1050,2022-23,GNM,"GENERAL HOSPITAL, WASHIM",40,40
4203,Chh. Sambhaji Nagar,Chh. Sambhaji Nagar,1082,2022-23,GNM,"Dr. Hedgewar College of Nursing, Garkheda, Aurangabad",40,39
4204,Pune,Kolhapur,1087,2022-23,GNM,"Dr. Deepak Patil Nursing Institution,Panhala,Kolhapur",50,50
4205,Chh. Sambhaji Nagar,Beed,1094,2022-23,GNM,"S.R.T.R. Govt. Med. College  Hospital, Ambejogai",20,20
4206,Nashik,Nashik,1099,2022-23,GNM,"Training college of Nursing, general hospital malegaon nashik",40,40
4207,Chh. Sambhaji Nagar,Nanded,1100,2022-23,GNM,New Rajmata Jijau RGNM Nursing School,20,20
4208,Nashik,Nandurbar,1101,2022-23,GNM,"GENERAL HOSPITAL, NANDURBAR",40,40
4209,Chh. Sambhaji Nagar,Hingoli,1103,2022-23,GNM,"GENERAL HOSPITAL, HINGOLI",40,40
4210,Nagpur,Wardha,1107,2022-23,GNM,"Shalinitai Meghe College of Nursing, Salod(Hirapur), Wardha",100,99
4211,Nagpur,Nagpur,1108,2022-23,GNM,"Datta Meghe College of Nursing, Wandongari, Nagpur",100,74
4212,Nagpur,Bhandara,1109,2022-23,GNM,"Smt. Shalinitai Meghe College of Nursing & Hospital, Bhilewada, Bhandara",60,51
4213,Nagpur,Nagpur,1110,2022-23,GNM,"Shri K.R.Pandav College of Nursing and Hospital, Nagpur",60,60
4214,Chh. Sambhaji Nagar,Latur,1111,2022-23,GNM,"DAGDOJIRAO PATIL NURSING SCHOOL, JALKOT, LATUR",40,40
4215,Nashik,Dhule,1112,2022-23,GNM,"TCN Shri Bhausaheb Hire Government Medical College & Sarvopachar Rugnalaya, Dhule",20,20
4216,Chh. Sambhaji Nagar,Latur,1114,2022-23,GNM,"KSPM's Jijamata Nursing School, Latur",100,92
4217,Amravati,Washim,1116,2022-23,GNM,"Shivshakti Nursing Institute, Kota, Washim",50,50
4218,Konkan,Palghar,1117,2022-23,GNM,"Shantai Nursing School, Palghar",80,80
4219,Amravati,Akola,1118,2022-23,GNM,"Shree Samarth Nursing College, Balapur, Akola",50,49
4220,Chh. Sambhaji Nagar,Nanded,1119,2022-23,GNM,"Nandigram Nursing College, Nanded",50,50
4221,Chh. Sambhaji Nagar,Latur,1122,2022-23,GNM,"Kohinoor RGNM Nursing School,Latur",50,50
4222,Chh. Sambhaji Nagar,Latur,1123,2022-23,GNM,Swami Vivekanand Institute of Nursing Latur,40,40
4223,Chh. Sambhaji Nagar,Nanded,1124,2022-23,GNM,Rajmudra GNM Nursing School Nanded,50,50
4224,Pune,Pune,1125,2022-23,GNM,Sancheti Institute of Nursing Education,60,59
4225,Chh. Sambhaji Nagar,Jalna,1126,2022-23,GNM,"Chaitanya Nursing School Badnapur, Jalna",60,60
4226,Chh. Sambhaji Nagar,Parbhani,1127,2022-23,GNM,"DNYANAI INSTITUTE OF NURSING SCHOOL Karegaon, PARBHANI",60,59
4227,Nashik,Jalgaon,1128,2022-23,GNM,G.M Institute of Nursing Jamner,60,45
4228,Chh. Sambhaji Nagar,Parbhani,1131,2022-23,GNM,"Indira Gandhi Nursing School Khadrabad Plot,Parbhani",60,60
4229,Chh. Sambhaji Nagar,Nanded,1134,2022-23,GNM,"SAMARTH NURSING SCHOOL,Mudkhed Nanded",40,40
4230,Amravati,Yavatmal,1135,2022-23,GNM,"Yash Institute of Nursing, Yavatmal",40,40
4231,Konkan,Sindhudurg,1136,2022-23,GNM,"Mukundrav Phatak Nursing College, Jamsande",40,31
4232,Chh. Sambhaji Nagar,Dharashiv,1137,2022-23,GNM,"INSTITUTE OF  NURSING, WASHI, OSMANABAD",20,20
4233,Nashik,Ahilyanagar,1139,2022-23,GNM,"SAVITRIBAI PHULE RGNM NURSING COLLEGE, SHRIGONDA, AHMEDNAGAR",20,20
4234,Nashik,Nashik,1140,2022-23,GNM,"MATOSHRI SCHOOL OF NURSING , EKLAHARE, NASIK",50,49
4235,Chh. Sambhaji Nagar,Dharashiv,1141,2022-23,GNM,"RENUKA SCHOOL OF NURSING , KALAMB, OSMANABAD",40,40
4236,Chh. Sambhaji Nagar,Dharashiv,1142,2022-23,GNM,"RENUKA SCHOOL OF NURSING , Ambajogai, OSMANABAD",50,50
4237,Nagpur,Nagpur,1145,2022-23,GNM,"Med Pro College of Nursing,Nandanvan Nagpur",60,60
4238,Chh. Sambhaji Nagar,Nanded,1146,2022-23,GNM,"Sai Institute Of G.N.M Nursing School,Nanded",40,40
4239,Konkan,Palghar,1147,2022-23,GNM,"Bhagwant Nursing School,Moregoan Palghar",50,50
4240,Pune,Pune,1148,2022-23,GNM,"Emerald School of Nursing,Pune",30,30
4241,Chh. Sambhaji Nagar,Jalna,1149,2022-23,GNM,A.M.D Institute Of Nursing Jalna,40,40
4242,Pune,Satara,1150,2022-23,GNM,"Hirai Institute of Nursing Education,Karad",60,60
4243,Nashik,Ahilyanagar,1151,2022-23,GNM,"Shri. Dr. Kolpe Nursing College,Kolpewadi",60,60
4244,Nagpur,Gadchiroli,1152,2022-23,GNM,"Savitribai Fule G.N.M Nursing School,Gadchiroli",60,60
4245,Konkan,Palghar,1153,2022-23,GNM,"Dayanand School of Nursing, Palghar",40,40
4246,Konkan,Raigarh,1154,2022-23,GNM,"Sara School Of Nursing Taloja,Navi Mumbai",40,40
4247,Nagpur,Nagpur,1155,2022-23,GNM,"Smt. Rajkamal Tidke Institute of Nursing Mouda, Nagpur",60,28
4248,Chh. Sambhaji Nagar,Latur,1156,2022-23,GNM,"Sahyadri Institute Of Nursing Education, Latur",60,58
4249,Chh. Sambhaji Nagar,Chh. Sambhaji Nagar,1159,2022-23,GNM,"SAVITRIBAI PHULE NURSING SCHOOL GANGAPUR, AURANGABAD",60,60
4250,Amravati,Buldana,1160,2022-23,GNM,Dr.Rajendra Gode GNM Nursing School Segvan Buldhana,60,60
4251,Chh. Sambhaji Nagar,Jalna,1161,2022-23,GNM,"Om Shanti Nursing College Jomala Bhokardan, Jalna",60,60
4252,Amravati,Amravati,1162,2022-23,GNM,"Gurukul Nursing Institute, Daryapur Amravati",40,40
4253,Nagpur,Bhandara,1163,2022-23,GNM,"ASHIRWAD NURSING SCHOOL OF GNM, SAKOLI BHANDARA",40,40
4254,Nagpur,Gondia,1165,2022-23,GNM,"ACQUARIOUS SCHOOL OF NURSING,KUDWA GONDIA",60,59
4255,Nashik,Ahilyanagar,1166,2022-23,GNM,"SURYA NURSING COLLEGE GNM SANGAMNER,AHMEDNAGAR",60,60
4256,Amravati,Buldana,1167,2022-23,GNM,"S.M.M.B.S SARASWATI NURSING SCHOOL,CHIKHALI BULDHANA",60,60
4257,Nashik,Jalgaon,1170,2022-23,GNM,"MEDILINE INSTITUTE OF NURSING,KUSUMBA,JALGAON",40,40
4258,Chh. Sambhaji Nagar,Dharashiv,1171,2022-23,GNM,"SAHYADRI NURSING COLLEGE,OSMANABAD",60,60
4259,Chh. Sambhaji Nagar,Dharashiv,1172,2022-23,GNM,"MOTHER KANCHAN NURSING INSTITUTE,BARSHI OSMANABAD",40,40
4260,Chh. Sambhaji Nagar,Chh. Sambhaji Nagar,1174,2022-23,GNM,"SWAMI RAMDAS NURSING COLLEGE, BHALGAON AURANGABAD",60,60
4261,Nashik,Ahilyanagar,1175,2022-23,GNM,"Mula Pravara Nursing School,Newasa Ahmednagar",60,51
4262,Chh. Sambhaji Nagar,Parbhani,1176,2022-23,GNM,SAHARA GNM NURSING SCHOOL PARBHANI,40,40
4263,Pune,Pune,1177,2022-23,GNM,"RAJMATA JIJAU SCHOOL OF NURSING , KHARADI BAYPASS PUNE",60,60
4264,Nagpur,Chandrapur,1179,2022-23,GNM,"ELENA SCHOOL OF NURSING BRAMHAPURI,CHANDRAPUR",60,47
4265,Pune,Pune,1180,2022-23,GNM,JAI HIND COLLEGE OF NURSING JUNNER PUNE,60,60
4266,Amravati,Washim,1181,2022-23,GNM,"RAJASHRI SHAHU COLLEGE OF NURSING,WASHIM",40,39
4267,Konkan,Sindhudurg,1182,2022-23,GNM,"SHRI. SARASWATI SCHOOL OF NURSING TONDAVALI,SINDHUDURG",50,50
4268,Nashik,Nashik,1183,2022-23,GNM,"MANMAD NURSING SCHOOL, NANDGAON, NASHIK",60,58
4269,Konkan,Palghar,1184,2022-23,GNM,"PRAJAPATI COLLEGE OF NURSING,KUDUS, PALGHAR",40,38
4270,Chh. Sambhaji Nagar,Hingoli,1185,2022-23,GNM,"INDIRA GANDHI NURSING COLLEGE GNM BASMAT, HINGOLI",60,57
4271,Pune,Solapur,1186,2022-23,GNM,"SHRIRAM INSTITUTE OF NURSING, PANIV",60,60
4272,Chh. Sambhaji Nagar,Latur,1187,2022-23,GNM,"DSPM SCHOOL OF NURSING, BABHALGAON LATUR",60,58
4273,Chh. Sambhaji Nagar,Nanded,1188,2022-23,GNM,"PANDIT DINDAYAL UPADHYAY NURSING SCHOOL, DHANEGAON NANDED",20,20
4274,Chh. Sambhaji Nagar,Jalna,1189,2022-23,GNM,"JAY AMBE SCHOOL OF NURSING, AMBAD ROAD JALNA",40,39
4275,Nashik,Nashik,1190,2022-23,GNM,"SWAMI NARAYAN NURSING INSTITUTE, PANCHAVATI, NASIK",40,40
4276,Amravati,Akola,1191,2022-23,GNM,"MAHATMA PHULE NURSING SCHOOL GNM BABHULGAON, AKOLA",60,60
4277,Nashik,Jalgaon,1193,2022-23,GNM,"PRAKASHCHAND JAIN INSTITUTE OF NURSING, JAMNER, JALGAON",60,59
4278,Amravati,Washim,1199,2022-23,GNM,"LATE GOVINDRAO DESHPANDE COLLEGE OF NURSING, WASHIM",50,50
4279,Amravati,Amravati,1200,2022-23,GNM,"FATEMA COLLEGE OF NURSING, AMRAVATI",60,59
4280,Nashik,Nandurbar,1202,2022-23,GNM,"MOTHER HAWWA NURSING INSTITUTE,NANDURBAR",60,53
4281,Konkan,Ratnagiri,1203,2022-23,GNM,"SANJEEVANI D.M.L.T NURSING COLLEGE, CHIPLUN, RATNAGIRI",40,21
4282,Chh. Sambhaji Nagar,Nanded,1204,2022-23,GNM,"KASTURBA GANDHI NURSING SCHOOL, KANDHAR, NANDED",40,40
4283,Chh. Sambhaji Nagar,Nanded,1205,2022-23,GNM,"JIJAU NURSING SCHOOL, NANDED",40,30
4284,Pune,Solapur,1206,2022-23,GNM,"KARMAYOGI INSTITUTE OF NURSING, PANDHARPUR, SOLAPUR",60,
4285,Konkan,Thane,1207,2022-23,GNM,"SMT. VIMALADEVI KHYALILAL VAGHARECHA COLLEGE OF NURSING EDUCATION, MAJIWADA, THANE",60,57
4286,Pune,Solapur,1208,2022-23,GNM,"KANHOPATRA NURSING SCHOOL, MANGALWEDHA, SOLAPUR",50,50
4287,Pune,Kolhapur,1209,2022-23,GNM,"SIDDHAGIRI NURSING INSTITUTE, KARVIR, KOLHAPUR",40,40
4288,Nagpur,Gadchiroli,1210,2022-23,GNM,"SHRI. SAI INSTITUTE OF NURSING AND MEDICAL SCIENCE, GADCHIROLI",60,53
4289,Konkan,Thane,1211,2022-23,GNM,B.R.Harne School of Nursing Ambarnath Thane,60,16
4290,Konkan,Raigarh,1212,2022-23,GNM,Lifeline School of Nursing Panvel Raigad,60,57
4291,Pune,Solapur,1213,2022-23,GNM,"Gangamai School of Nursing Wadala NorthSolapur ,Solapur",60,42
4292,Nashik,Dhule,1214,2022-23,GNM,"Shree Sai College of Nursing, Mhasadi, Pimpalner, Sakri, Dhule",40,28
4293,Konkan,Palghar,1215,2022-23,GNM,"Ideal Institute of Nursing, Wada Palghar",60,6
4294,Chh. Sambhaji Nagar,Latur,1216,2022-23,GNM,"Shifa Institute of Nursing College Ausa,Latur",40,40
4295,Chh. Sambhaji Nagar,Dharashiv,1217,2022-23,GNM,"Ideal Institute of Nursing College Lohara,Osmanabad",20,20
4296,Chh. Sambhaji Nagar,Dharashiv,1218,2022-23,GNM,"Dr.K.D.Shendge G.N.M. Nursing School Omerga, Osmanabad",60,51
4297,Nagpur,Nagpur,1220,2022-23,GNM,"Tanisq Nursing School Somalwada, Nagpur",60,44
4298,Pune,Pune,1221,2022-23,GNM,"NOBLE INSTITUTE OF MEDICAL SCIENCES, PUNE",40,
4299,Amravati,Akola,1222,2022-23,GNM,"Late Pandurang patil Nursing School, Kanheri Barshi Takli, Akola",40,39
4300,Amravati,Washim,1223,2022-23,GNM,"Sanmati Nursing school, Sawargaon Barde, Washim",40,39
4301,Amravati,Buldana,1224,2022-23,GNM,"Dr. R. N. Lahoti Nursing college, Sultanpur Lonar, Buldhana",60,20
4302,Chh. Sambhaji Nagar,Nanded,1225,2022-23,GNM,"Radhai G.N.M. Nursing School, Karegaon Loha, Nanded",40,38
4303,Chh. Sambhaji Nagar,Nanded,1226,2022-23,GNM,"Mauli Nursing School Taroda, Nanded",40,35
4304,Pune,Solapur,1227,2022-23,GNM,"Muktai College of Nursing Education, BhandiShegaon Pandharpur, Solapur",40,38
4305,Nagpur,Chandrapur,1228,2022-23,GNM,"Navjeevan Nursing School, Chandrapur",40,39
4306,Konkan,Sindhudurg,1230,2022-23,GNM,"Dnyanvardhini Charitable Trust Nursing Institute Talere Kankavli, Sindhudurg",40,21
4307,Pune,Sangli,1231,2022-23,GNM,"Suvidha Institute of Nursing School, Atpadi Sangli",30,
4308,Nashik,Jalgaon,1234,2022-23,GNM,"Dr. Ketki Patil School of Nursing, Jalgaon",40,
4309,Konkan,Mumbai City,1,2023-24,ANM,"CAMA  ALBLESS HOSPITAL , MUMBAI",40,39
4310,Konkan,Mumbai City,2,2023-24,ANM,"AKI INSTITUTE OF NURSING, NAGPADA, MUMBAI",20,13
4311,Konkan,Mumbai City,3,2023-24,ANM,"SMT. S. C. NANAVATI OF POLYTECHNIC SCHOOL OF NURSING, MUMBAI",40,40
4312,Konkan,Thane,4,2023-24,ANM,"V. S. GENERAL HOSPITAL, THANE",40,38
4313,Konkan,Raigarh,5,2023-24,ANM,"WOMENS INDIA TRUST, PANVEL",20,17
4314,Konkan,Raigarh,6,2023-24,ANM,"GENERAL HOSPITAL,  ALIBAG",40,40
4315,Konkan,Ratnagiri,7,2023-24,ANM,"GENERAL HOSPITAL, RATNAGIRI",40,38
4316,Nashik,Nashik,8,2023-24,ANM,"GENERAL HOSPITAL, NASIK",40,40
4317,Nashik,Dhule,9,2023-24,ANM,"GENERAL HOSPITAL,  DHULE",40,39
4318,Nashik,Jalgaon,10,2023-24,ANM,"GENERAL HOSPITAL,  JALGAON",40,40
4319,Nashik,Nashik,12,2023-24,ANM,GANPATRAO ADKE INE.  NASIK,20,15
4320,Nashik,Nashik,13,2023-24,ANM,"NASIK MEDICO TRAINING COLLEGE OF NURSING, NASIK",40,4
4321,Konkan,Ratnagiri,14,2023-24,ANM,"RAMRAJE SCH. NSG, RCON DAPOLI, RATNAGIRI",20,8
4322,Konkan,Raigarh,16,2023-24,ANM,"NOOTAN SCHOOL OF NURSING, RAIGAD",30,15
4323,Nashik,Nashik,17,2023-24,ANM,"RACHANA SCHOOL OF NURSING, NASHIK",40,31
4324,Nashik,Nashik,18,2023-24,ANM,"S.N.D. SCHOOL OF NURSING, JES, YEOLA,  NASIK",60,49
4325,Nashik,Nandurbar,19,2023-24,ANM,"K.D. GAVIT NURSING SCHOOL, PATHRAI , NANDURBAR",20,20
4326,Nashik,Dhule,22,2023-24,ANM,RAJANI SMRUTI NSG SCH. DONDAICHA SHINDKHEDA DHULE,30,30
4327,Konkan,Raigarh,23,2023-24,ANM,"LIFE LINE HOSPITAL, PANVEL",20,20
4328,Konkan,Raigarh,26,2023-24,ANM,"KALAVATI INSTITUTE OF NURSING EDUCATION,  AIROLI NAVI MUMBAI",40,14
4329,Nashik,Jalgaon,27,2023-24,ANM,"BHAGINI MANDAL SCHOOL OF NURSING, CHOPDA , JALGAON",25,22
4330,Konkan,Ratnagiri,29,2023-24,ANM,"PARKAR MEDICAL FOUNDATION SCHOOL OF NURSING, RATNAGIRI",20,18
4331,Nashik,Nashik,30,2023-24,ANM,"KARUNA SCHOOL OF NURSING, MANMAD, NASHIK",30,24
4332,Nashik,Jalgaon,31,2023-24,ANM,"KHANDESH NURISNG INSTITUTE, CHALISGAON, JALGAON",20,0
4333,Nashik,Nashik,33,2023-24,ANM,"NAMCO SCHOOL OF NURSING, NASIK",30,30
4334,Konkan,Sindhudurg,35,2023-24,ANM,"SHREE ANANT SMRUTI SCHOOL OF NURSING, KASAL",20,10
4335,Konkan,Sindhudurg,36,2023-24,ANM,"IDEAL NURSING SCHOOL, KANKAVALI, SINDHUDURG",20,10
4336,Nashik,Nashik,37,2023-24,ANM,"VISHWASATTAYA SCHOOL OF NURSING, OZAR",30,11
4337,Nashik,Nashik,38,2023-24,ANM,"NASHIK NURSING SCHOOL, NASHIK",20,16
4338,Nashik,Ahilyanagar,39,2023-24,ANM,"GENERAL HOSPITAL,AHMEDNAGAR",40,40
4339,Pune,Satara,40,2023-24,ANM,"GENERAL HOSPITAL, SATARA",40,36
4340,Pune,Kolhapur,41,2023-24,ANM,"C.P.R. GENERAL HOSPITAL, KOLHAPUR",40,28
4341,Pune,Solapur,42,2023-24,ANM,"DHANRAJGIRIJI HOSPITAL,  SOLAPUR",20,0
4342,Pune,Pune,45,2023-24,ANM,"SETH TARACHAND R.C.A. SCH. OF NSG HOSPITAL, PUNE",20,10
4343,Pune,Pune,46,2023-24,ANM,"Maharashtra Arogya Mandal's Institute of Nursing Education,Malwadi,Hadapsar,Pune",40,40
4344,Pune,Pune,47,2023-24,ANM,"JANASEVA FOUNDATION SCH. OF NSG, PUNE",30,16
4345,Nashik,Ahilyanagar,48,2023-24,ANM,"F.J.F.M. HOSPITAL SCH OF NSG, NEWASA, DISTAHMEDNAGAR",30,19
4346,Nashik,Ahilyanagar,51,2023-24,ANM,KRANTI SCHOOL OF NURSING  AHMEDNAGAR,20,13
4347,Pune,Kolhapur,53,2023-24,ANM,"DR. J. J. MAGDUM SON, SHIROL, KOLHAPUR",20,20
4348,Pune,Solapur,56,2023-24,ANM,"BHAKTI MEDICAL FOUNDATION SCHOOL OF NURSING, SOLAPUR, PANDHARPUR",20,0
4349,Pune,Sangli,57,2023-24,ANM,"SAHAKARMAHARSHI VISHNUANNA PATIL NURSING SCHOOL, SANGLI",20,20
4350,Pune,Sangli,58,2023-24,ANM,"DESAI CHARITABLE TRUST TAL. MIRAJ, SANGLI",30,30
4351,Pune,Kolhapur,59,2023-24,ANM,"WESTERN MAHARASHTRA SCHOOL OF NURSING, TILWANI, KOLHAPUR",20,20
4352,Pune,Sangli,60,2023-24,ANM,"ABHINAV SCHOOL OF NURSING ASHTA, WALWA, SANGLI",30,29
4353,Pune,Pune,62,2023-24,ANM,"Sevadham Trust A.S.M.T. SON, MAVAL, PUNE,",20,13
4354,Pune,Solapur,64,2023-24,ANM,"SHIVAJI SHIKSHAN PRASARAK MANDALS, SON, BARSHI, SOLAPUR",30,26
4355,Pune,Pune,65,2023-24,ANM,"ANAND MEDICAL FOUNDATION, SON, KURULI, KHED, PUNE",40,4
4356,Pune,Sangli,66,2023-24,ANM,"KAMAL INSTITUTE OF NURSING EDUCATION, JATH, SANGLI",20,10
4357,Nashik,Ahilyanagar,67,2023-24,ANM,"VIJAY GANGA RURAL, MED  RES FOUNDATION, SON, AHMEDNAGAR",20,0
4358,Pune,Pune,68,2023-24,ANM,"SANT DNYANESHWAR MED EDUS,SCHOOL OF NURSING, PUNE",20,10
4359,Pune,Sangli,70,2023-24,ANM,"HON.R.R.PATIL INSTITUTE OF NSG EDUCATION,SANGLI",30,22
4360,Pune,Sangli,71,2023-24,ANM,"KRANTIAGRANI G.D.BAPU LAD SCH OF NS, SANGLI",20,20
4361,Pune,Sangli,72,2023-24,ANM,"UMA INST. OF NURSING EDUCATION, SANGLI",20,0
4362,Nashik,Ahilyanagar,73,2023-24,ANM,"SEVA NURSING SCHOOL, AHMEDNAGAR",35,35
4363,Pune,Kolhapur,74,2023-24,ANM,"KEDARI REDEKAR  NURSING SCHOOL, GADHINGLAJ, KOLHAPUR",30,17
4364,Pune,Solapur,75,2023-24,ANM,"SHRI MARKANDEY SOLAPUR SAHAKARI RUGNALAYA, SOLAPUR",25,0
4365,Pune,Pune,76,2023-24,ANM,"MEERA  NURSING SCHOOL, SASWAD, PUNE",30,24
4366,Nashik,Ahilyanagar,77,2023-24,ANM,"INDIRA GANDHI NSG, COLLEGE, PARNER, AHMEDNAGAR",20,20
4367,Pune,Kolhapur,78,2023-24,ANM,"FLORENCE SCHOOL OF NURSING, MAHAGAON, GADHINGLAJ, KOLHAPUR",20,20
4368,Pune,Sangli,82,2023-24,ANM,"KULLOLLI CH.TRUSTS, SCHOOL OF NURSING, MIRAJ, SANGLI",30,26
4369,Pune,Kolhapur,83,2023-24,ANM,"MAHALAXMI NURSING INSTITUTE, KOLHAPUR",20,19
4370,Pune,Satara,84,2023-24,ANM,"SMT. INDUMATI RAMCHANDRA DESHMUKH SCHOOL OF NURSING, KHATAV, SATARA",30,0
4371,Pune,Kolhapur,89,2023-24,ANM,"Y.D. MANE SCHOOL OF NURSING, KAGAL, KOLHAPUR",30,27
4372,Pune,Satara,90,2023-24,ANM,"PHALTAN EDUCATION SOCIETY, SCHOOL OF NURSING, PHALTAN ,SATARA",20,8
4373,Pune,Satara,91,2023-24,ANM,"KANISHKA CHARITABLE TRUSTS, SCHOOL OF NURSING ,SATARA",20,13
4374,Pune,Kolhapur,92,2023-24,ANM,"ADHAAR NURSING SCHOOL, AJRA KOLHAPUR",20,20
4375,Pune,Kolhapur,93,2023-24,ANM,"KAI. BALWANTRAO HANUMANTRAO PATIL SHIKSHAN PRASARAK MANDAL, KARVIR, KOLHAPUR",20,20
4376,Nashik,Ahilyanagar,94,2023-24,ANM,"PRAVARA MEDICAL TRUST,SON, SHEVGAON, AHMEDNAGAR",40,25
4377,Pune,Kolhapur,96,2023-24,ANM,"SARASWATI GAIKWAD NURSING SCHOOL , KOTOLI, PANHALA, KOLHAPUR",20,20
4378,Nashik,Ahilyanagar,98,2023-24,ANM,"NITYASEVA HOSPITAL NURSING SCHOOL, SHEVGAON, AHMEDNAGAR",30,6
4379,Nagpur,Wardha,101,2023-24,ANM,"FLORENCE NIGHTINGALE TRAINING COLLEGE OF NURSING,WARDHA.",60,51
4380,Nagpur,Nagpur,103,2023-24,ANM,"MAHAL MATERNITY HOM, SON, NAGPUR",15,15
4381,Nagpur,Wardha,105,2023-24,ANM,"GENERAL HOSPITAL, WARDHA",40,34
4382,Nagpur,Nagpur,106,2023-24,ANM,"DAGA MEMORIAL HOSPITAL, NAGPUR",40,40
4383,Amravati,Amravati,107,2023-24,ANM,"DIST.HOSPITAL FOR WOMEN , AMRAVATI",40,38
4384,Amravati,Akola,108,2023-24,ANM,"DIST.HOSPITAL FOR WOMEN, AKOLA",40,40
4385,Nagpur,Chandrapur,109,2023-24,ANM,"GENERAL HOSPITAL,CHANDRAPUR",40,40
4386,Amravati,Yavatmal,110,2023-24,ANM,"GENERAL HOSPITAL ,YAVATMAL",40,24
4387,Amravati,Buldana,111,2023-24,ANM,"GENERAL HOSPITAL, BULDANA",40,33
4388,Nagpur,Bhandara,112,2023-24,ANM,"GENERAL HOSPITAL, BHANDARA",40,38
4389,Nagpur,Gadchiroli,113,2023-24,ANM,GENERAL HOSPITAL  GADCHIROLI,40,39
4390,Nagpur,Nagpur,114,2023-24,ANM,"SWAMI VIVEKANAND MED MISSION, PARSODI, SON, KHAPRI , NAGPUR",20,12
4391,Amravati,Yavatmal,115,2023-24,ANM,"HELEN ROSE SCHOOL OF NURSING UMRI, YAVATMAL",20,17
4392,Amravati,Amravati,116,2023-24,ANM,"MAA GAYATRI SCHOOL OF NURSING, ACHALPUR, AMRAVATI",20,16
4393,Nagpur,Wardha,117,2023-24,ANM,"BHARTIYA MAHILA VIKAS NURSING SCHOOL, RAMNAGAR, WARDHA",30,0
4394,Amravati,Akola,118,2023-24,ANM,"INSTITUTE OF NURSING EDUCATION & RESEARCH, AKOLA",60,14
4395,Amravati,Yavatmal,119,2023-24,ANM,"SUMITRABAI THAKARE TRAINING COLLEGE OF NURSING, YAVATMAL",30,15
4396,Nagpur,Nagpur,120,2023-24,ANM,"DR.DALVI MEMORIAL HOSPITAL, SON, NAGPUR",40,10
4397,Nagpur,Nagpur,121,2023-24,ANM,"RIGHT VALUE INSTITUTE OF NURSING, NAGPUR",20,15
4398,Amravati,Akola,122,2023-24,ANM,"NATIONAL SCHOOL OF NURSING , AKOLA",30,13
4399,Nagpur,Nagpur,123,2023-24,ANM,"TIRPUDE NURSING TRAINING SCHOOL, NAGPUR",40,15
4400,Amravati,Washim,124,2023-24,ANM,"MAA GANGA NURSING SCHOOL, WASHIM",20,10
4401,Amravati,Yavatmal,125,2023-24,ANM,"PADOLE NURSING SCHOOL, YAVATMAL",20,20
4402,Konkan,Raigarh,129,2023-24,ANM,"ANURADHA NURSING SCHOOL , CHIKHALI",30,11
4403,Nagpur,Chandrapur,130,2023-24,ANM,"KALYAN INSTITUTE OF NURSING EDUCATION, RAJURA, CHANDRAPUR",30,27
4404,Nagpur,Chandrapur,131,2023-24,ANM,"PRABHADEVI NURSING SCHOOL, CHANDRAPUR",40,39
4405,Amravati,Yavatmal,134,2023-24,ANM,"TULSHIRAMJI SHEBE SCHOOL OF NURSING, PUSAD, YAVATMAL",30,29
4406,Amravati,Yavatmal,136,2023-24,ANM,"MUNGASAJI MAHARAJ NURSING SCHOOL, YAVATMAL",60,58
4407,Amravati,Yavatmal,137,2023-24,ANM,"MUNGASAJI MAHARAJ NURSING SCHOOL, DHARWA, YAVATMAL",60,56
4408,Amravati,Yavatmal,138,2023-24,ANM,DR. ARCHANATAI GADE PATIL SCHOOL OF NURSING LOHARA YAVATMAL,35,34
4409,Nagpur,Wardha,139,2023-24,ANM,"SHRI RADHASWAMI  NURSING SCHOOL, WARDHA",13,0
4410,Nagpur,Wardha,140,2023-24,ANM,"JANATA NURSING SCHOOL, HINGANGHAT, WARDHA",20,20
4411,Nagpur,Nagpur,141,2023-24,ANM,"KALYANI NURSING SCHOOL, NAGPUR",20,16
4412,Nagpur,Nagpur,142,2023-24,ANM,"RENUKA NURSING SCHOOL, HINGANA, NAGPUR",20,3
4413,Amravati,Amravati,144,2023-24,ANM,"SUJATA SCHOOL OF NURSING, AMRAVATI",30,28
4414,Amravati,Amravati,146,2023-24,ANM,DR. PANJABRAO DESHMUKH INST. OF NSG. AMRAVATI,30,29
4415,Amravati,Akola,148,2023-24,ANM,"MAHATMA PHULE INSTITUTE OF NURSING, AKOLA",60,59
4416,Nagpur,Wardha,149,2023-24,ANM,"SHALOM SCHOOL OF NURSING, WARDHA",40,34
4417,Nagpur,Wardha,151,2023-24,ANM,"KASABAI SCHOOL OF NURSING, SEVAGRAM,WARDHA",20,0
4418,Amravati,Buldana,152,2023-24,ANM,"INDIRA BAHU. SHIKSHAN SANSTHS, SCHOOL OF NURSING, SAGWAN, BULDHANA",20,20
4419,Amravati,Buldana,153,2023-24,ANM,"INDIRA BAHU SHIKSHAN SANSTHS, SCHOOL OF NURSING,BELAD MALKAPUR",20,20
4420,Nagpur,Bhandara,155,2023-24,ANM,"SHARDA NURSING SCHOOL, KHAPA TUMSAR, BHANDARA",20,5
4421,Chh. Sambhaji Nagar,Nanded,158,2023-24,ANM,"SHRI GURU GOVINDSINGHJI MEMORIAL HOSPITAL, SON, NANDED",40,40
4422,Chh. Sambhaji Nagar,Nanded,159,2023-24,ANM,"SMT. PRAMILATAI BHALERAO SCHOOL OF NURSING, Nanded",30,0
4423,Chh. Sambhaji Nagar,Dharashiv,161,2023-24,ANM,"GENERAL HOSPITAL, SON, OSMANABAD",40,31
4424,Chh. Sambhaji Nagar,Chh. Sambhaji Nagar,168,2023-24,ANM,"SHRI DHANESHWARI MANAV VIKAS MANDAL,  AURANGABAD",20,17
4425,Chh. Sambhaji Nagar,Jalna,169,2023-24,ANM,"SHRI SAI  INSTITUE OF NURSING, JALNA",20,3
4426,Chh. Sambhaji Nagar,Parbhani,170,2023-24,ANM,"MAULI INSTITUTE OF NURSING, PARBHANI",20,12
4427,Chh. Sambhaji Nagar,Latur,174,2023-24,ANM,"INDIRA GANDHI NURSING SCHOOL, LATUR",30,28
4428,Nashik,Dhule,198,2023-24,ANM,"JAWAHAR MED.FOUNDATION, SON , DHULE",40,0
4429,Konkan,Sindhudurg,199,2023-24,ANM,"MANAV SADHAN VIKAS SANSTHA, SON, KUDAL, SINDHUDURG",40,2
4430,Konkan,Thane,201,2023-24,ANM,"INSTITUTE  OF  NURSING  EDUCATION , DOMBIVALI",20,0
4431,Nashik,Nashik,206,2023-24,ANM,"SAHYADRI SEVA SANSTHA , INSTITUTE OF NURSING , NASIK",20,15
4432,Konkan,Raigarh,208,2023-24,ANM,"PRABHAKAR PATIL INSTITUTE OF NURSING EDUCATION, PEN",20,18
4433,Pune,Pune,221,2023-24,ANM,"Maharshi Karve Stree Shikshan Sanstha SMT BAKUL TAMBAT INSTITUTE OF NURSING EDUCATION, KARVE NAGAR PUNE",30,15
4434,Pune,Pune,226,2023-24,ANM,"DWARIKA SANGAMNER INSTITUTE OF NURSING EDUCATION, PUNE",20,17
4435,Pune,Sangli,228,2023-24,ANM,"LOKNETE RAJARAMBAPU PATIL , TRG. COLL. OF NURSING , ISLAMPUR, WALWA, SANGLI",20,13
4436,Pune,Sangli,230,2023-24,ANM,"KASEGAON EDUCATION SOCIETY, SCHOOL OF NURSING, ISLAMPUR, SANGLI",20,20
4437,Pune,Pune,231,2023-24,ANM,"C Y DANGAT PATIL SHIKSHAN AND KRIDA MANDAL, SCHOOL OF NURSING , PUNE",20,7
4438,Pune,Pune,232,2023-24,ANM,"GIRIRAJ SCHOOL OF NURSING , BARAMATI",50,50
4439,Pune,Satara,233,2023-24,ANM,"LATE NARAYANDAS BHAWANGDAS CHHABADA TRAINING COLLEGE OF NURSING, SATARA",20,13
4440,Pune,Solapur,241,2023-24,ANM,"SAHARA INSTITUTE OF NURSING EDUCATION, AKLUJ , SOLAPUR",20,15
4441,Nagpur,Nagpur,251,2023-24,ANM,"SURETECH COLLEGE OF NURSING, NAGPUR",30,14
4442,Nagpur,Gadchiroli,253,2023-24,ANM,"DR. SALVE NURSING INSTITUTE  COLLEGE , GADCHIROLI",30,4
4443,Amravati,Yavatmal,256,2023-24,ANM,"PRUTHVIRAJ DESHMUKH NURSING INSTITUTE, LOHARA, YAVATMAL",20,6
4444,Chh. Sambhaji Nagar,Chh. Sambhaji Nagar,259,2023-24,ANM,"MAHATMA GANDHI MISSION INSTITUTE OF NURSING EDUCATION, AURANGABAD",20,11
4445,Chh. Sambhaji Nagar,Latur,262,2023-24,ANM,"GENERAL HOSPITAL, LATUR",40,30
4446,Nagpur,Nagpur,266,2023-24,ANM,"ARNEJA INSTITUTE OF NURSING SCIENCES , NAGPUR",20,11
4447,Nagpur,Nagpur,267,2023-24,ANM,"ASHARAM SCHOOL OF NURSING , NAGPUR",20,20
4448,Pune,Satara,270,2023-24,ANM,"SHAKUNTALA  INSTITUTE OF NURSING EDUCATION , SATARA",20,5
4449,Chh. Sambhaji Nagar,Dharashiv,271,2023-24,ANM,"INDIRA GANDHI NURSING SCHOOL, OSMANABAD",20,16
4450,Pune,Kolhapur,272,2023-24,ANM,"SAU. JEBELINA NURSING SCHOOL, GARGOTI, KOLHAPUR",20,20
4451,Chh. Sambhaji Nagar,Nanded,273,2023-24,ANM,"INDIRA GANDHI NURSING SCHOOL, MUKHED, NANDED",20,20
4452,Amravati,Amravati,274,2023-24,ANM,"UTTAMRAO UMAK MEMORIAL NURSING SCHOOL,  ANJANGAON, AMRAVATI",20,12
4453,Amravati,Amravati,275,2023-24,ANM,"KAMLABAI UMAK NURSING SCHOOL, AMRAVATI",20,10
4454,Amravati,Amravati,276,2023-24,ANM,"LAXMANRAO UMAK MEMORIAL NURSING SCHOOL, BADNERA, AMRAVATI",20,20
4455,Nashik,Ahilyanagar,278,2023-24,ANM,"PARVATIBAI MHASKE INSTITUTE OF NURSING, AHMEDNAGAR",20,16
4456,Chh. Sambhaji Nagar,Nanded,279,2023-24,ANM,"LOTUS NURSING INSTITUTE, NANDED",20,13
4457,Nagpur,Nagpur,280,2023-24,ANM,"MATRU SEVA SANGH NURSING SCHOOL,SITABULDI ,MATERNITY HOME NAGPUR",40,15
4458,Konkan,Ratnagiri,281,2023-24,ANM,"SAMARTH INSTITUTE OF NURSING EDUCATION, DERVAN",20,20
4459,Nashik,Ahilyanagar,282,2023-24,ANM,"MAHARASHTRA HOMOEOPATHIC FOUNDATIONS SCHOOL OF NURSING , PATHAR ,  AHMEDNAGAR",20,20
4460,Chh. Sambhaji Nagar,Jalna,283,2023-24,ANM,"VASANTRAO NAIK SHIKSHAN PRASARAK MANDAL, JALNA",20,9
4461,Pune,Sangli,284,2023-24,ANM,"ADARSH NURSING SCHOOL, VITA, SANGLI",20,17
4462,Chh. Sambhaji Nagar,Chh. Sambhaji Nagar,286,2023-24,ANM,"MATA GIRIJA SCHOOL OF NURSING, AURANGABAD.",20,20
4463,Pune,Kolhapur,287,2023-24,ANM,"KURUNDWAD INST. OF NURSING EDUCATION,SHIROL, KOLHAPUR",20,20
4464,Amravati,Akola,289,2023-24,ANM,"RADHIKA NURSING SCHOOL, AKOLA",20,0
4465,Chh. Sambhaji Nagar,Parbhani,290,2023-24,ANM,"MATOSHRI NURSING SCHOOL, PARBHANI",20,20
4466,Pune,Sangli,294,2023-24,ANM,"HUTATMA INSTITUTE OF NURSING , WALWA , SANGLI",20,20
4467,Pune,Solapur,296,2023-24,ANM,"BINIT NURSING INSTITUTE , SOLAPUR",20,12
4468,Nashik,Dhule,297,2023-24,ANM,"NANDA AAI BAHU. NURSING TRAINING CENTRE, DEOPUR, DHULE",20,0
4469,Amravati,Akola,299,2023-24,ANM,"ANGLE OF MERCY INSTITUTE OF NURSING SCIENCE, AKOLA",20,16
4470,Pune,Pune,301,2023-24,ANM,"PUKHRAJ NAGRAJ RANKA SCHOOL OF NURSING , PUNE",20,6
4471,Pune,Satara,303,2023-24,ANM,"APARNA INST. OF NURSING EDUCATION , KARAD",20,5
4472,Chh. Sambhaji Nagar,Nanded,304,2023-24,ANM,"DR. G. A. GAIKWAD INSTITUTE OF NURSING, DEGLOOR, NANDED",20,14
4473,Pune,Kolhapur,305,2023-24,ANM,"CREATIVE NURSING SCHOOL , GADHINGLAJ , KOLHAPUR",20,20
4474,Pune,Satara,306,2023-24,ANM,"SANJEEVAN MEDICAL COLLEGE OF NURSING , SATARA",30,29
4475,Nashik,Ahilyanagar,307,2023-24,ANM,"WAMANRAO ITHAPE NURSING COLLEGE, SANGAMNER, AHMEDNAGAR",30,22
4476,Chh. Sambhaji Nagar,Beed,308,2023-24,ANM,"YASHWANT NURSING SCHOOL, ASHTI, BEED",60,20
4477,Nashik,Nashik,309,2023-24,ANM,"SHREE SWAMI NARAYAN  NURSING INSTITUE, NASIK",40,29
4478,Chh. Sambhaji Nagar,Beed,310,2023-24,ANM,"S.S.P.M. NURSING COLLEGE, ASHTI, BEED",20,15
4479,Chh. Sambhaji Nagar,Chh. Sambhaji Nagar,311,2023-24,ANM,"SAKOLKAR NURSING SCHOOL, AURANGABAD",20,17
4480,Pune,Pune,312,2023-24,ANM,"GENERAL HOSPITAL, AUNDH, PUNE",40,22
4481,Chh. Sambhaji Nagar,Beed,313,2023-24,ANM,"DR. T. M. DHONDE SCHOOL OF NURSING, ASHTI , BEED",30,26
4482,Chh. Sambhaji Nagar,Beed,314,2023-24,ANM,"NEW NURSING SCHOOL, BEED",20,11
4483,Chh. Sambhaji Nagar,Dharashiv,316,2023-24,ANM,"JEEVAN JYOT AROGYA SHIKSHAN SANSTHA, SCHOOL OF NURSING, OSMANABAD",20,10
4484,Pune,Pune,317,2023-24,ANM,"TEJASWINI NURSING SCHOOL, JUNNAR, PUNE",40,25
4485,Pune,Pune,318,2023-24,ANM,"SHARDABAI PAWAR INSTITUTE OF NURSING, PUNE",40,24
4486,Nashik,Jalgaon,323,2023-24,ANM,"GODAVARI COLLEGE OF  NURSING , JALGAON",30,11
4487,Nashik,Nashik,325,2023-24,ANM,"MATOSHRI SCHOOL OF A.N.M. NURSING , EKLAHARE, NASIK",60,30
4488,Amravati,Amravati,326,2023-24,ANM,"BHAKTI VEDANT SCHOOL OF NURSING, AMRAVATI",20,20
4489,Amravati,Washim,327,2023-24,ANM,"MANSI COLLEGE OF NURSING , WASHIM",40,40
4490,Nagpur,Wardha,328,2023-24,ANM,"EKVIRA DEVI EDUCATION SOCIETY, SCHOOL OF NURSING, WARDHA",20,0
4491,Nagpur,Nagpur,329,2023-24,ANM,"MOTHER TERESA NURSING INSTITUTE , NAGPUR",20,16
4492,Nashik,Nashik,330,2023-24,ANM,"MATOSHRI SCHOOL OF A.N.M. NURSING , BABULGAON , NASIK",60,45
4493,Nagpur,Wardha,331,2023-24,ANM,SARASWATI NURSING SCHOOL GUNJKHEDA WARDHA,60,54
4494,Chh. Sambhaji Nagar,Chh. Sambhaji Nagar,332,2023-24,ANM,"RAMKRISHANA NURSING SCHOOL, SILLOD, AURANGABAD",20,0
4495,Amravati,Amravati,333,2023-24,ANM,"FLORENCE NIGHTINGLE NURSING SCHOOL, AMRAVATI",30,28
4496,Amravati,Amravati,334,2023-24,ANM,"EKVIRA SCHOOL OF NURSING , DARYAPUR , AMRAVATI",20,20
4497,Chh. Sambhaji Nagar,Latur,335,2023-24,ANM,"G.B .PATIL SCHOOL OF NURSING, UDGIR, LATUR",20,17
4498,Chh. Sambhaji Nagar,Latur,336,2023-24,ANM,"SHRI BHAGWAN NURSING SCHOOL, LATUR",20,0
4499,Amravati,Amravati,341,2023-24,ANM,"M.J. PAWADE NURSING SCHOOL, WARUD,  AMRAVATI",20,20
4500,Nashik,Ahilyanagar,342,2023-24,ANM,"SAI NURSING INSTITUTE , RAHATA, AHMEDNAGAR",20,9
4501,Nagpur,Nagpur,343,2023-24,ANM,"MADHUKARRAO MAHAKALKAR NURSING SCHOOL , DIGHORI , NAGPUR",30,26
4502,Chh. Sambhaji Nagar,Dharashiv,349,2023-24,ANM,"HALO NURSING SCHOOL, ANADUR, TULJAPUR",20,11
4503,Amravati,Buldana,350,2023-24,ANM,"RAJSHREE SCHOOL OF NURSING, MEHKAR, BULDANA",20,15
4504,Konkan,Ratnagiri,352,2023-24,ANM,M.E.S SCHOOL OF NURSING KHED RATNAGIRI,30,20
4505,Chh. Sambhaji Nagar,Latur,353,2023-24,ANM,"YASHWANT NURSING TRAINING SCHOOL, AHMADPUR, LATUR",20,20
4506,Pune,Kolhapur,355,2023-24,ANM,"SAHAKAR MAHARSHI TATYASHEB KORE NURSING SCHOOL , HATKANGALE, KOLHAPUR",20,16
4507,Chh. Sambhaji Nagar,Latur,356,2023-24,ANM,"NAVJEEVAN CHARITABLE TRUST, LATUR",20,8
4508,Amravati,Buldana,359,2023-24,ANM,"HARSH SCHOOL OF NURSING, KHAMGAON, BULDANA",20,20
4509,Nagpur,Gadchiroli,360,2023-24,ANM,"NAVJEEVAN NURSING SCHOOL, CHAMORSHI, GADCHIROLI",20,15
4510,Konkan,Sindhudurg,362,2023-24,ANM,"BR. NATH PAI INSTITUTE OF NURSING, PINGULI, SINDHUDURGA",40,8
4511,Chh. Sambhaji Nagar,Latur,363,2023-24,ANM,"BHIVRAI NURSING SCHOOL, LATUR",20,20
4512,Chh. Sambhaji Nagar,Latur,364,2023-24,ANM,"BALVIKAS MAHILA MANDAL, SCHOOL OF NURSING, LATUR",20,15
4513,Chh. Sambhaji Nagar,Parbhani,365,2023-24,ANM,"BHARATRATNA MOTHER TERSA NURSING SCHOOL, SELU, PARBHANI",20,14
4514,Chh. Sambhaji Nagar,Dharashiv,366,2023-24,ANM,"SAI NURSING SCHOOL, OSMANABAD",20,6
4515,Chh. Sambhaji Nagar,Parbhani,367,2023-24,ANM,"INSTITUTE OF NURSING EDUCATION,MANWATH, PARBHANI",20,11
4516,Nashik,Jalgaon,368,2023-24,ANM,"DADASAHEB DR. SURESH G. PATIL COLLEGE OF NURSING , CHOPDA , JALGAON",40,40
4517,Nashik,Ahilyanagar,370,2023-24,ANM,"BAHUJAN SAMAJ PRABODHAN SCHOOL OF NURSING, AKOLE, AHMEDNAGAR",20,0
4518,Chh. Sambhaji Nagar,Latur,371,2023-24,ANM,"LATE MAHALINGE SWAMI NURSING SCHOOL, LATUR",20,20
4519,Amravati,Amravati,372,2023-24,ANM,"SMT. VASUNDHARABAI GHUIKHEDKAR NURSING SCHOOL, AMRAVATI",60,60
4520,Nagpur,Wardha,373,2023-24,ANM,"PARVATIBAI SCHOOL OF NURSING, WARDHA",30,30
4521,Chh. Sambhaji Nagar,Parbhani,374,2023-24,ANM,"TIRUPATI NURSING SCHOOL,PARBHANI",40,40
4522,Amravati,Yavatmal,377,2023-24,ANM,"SHRI SWAMI SAMARTH NURSING SCHOOL, YAVATMAL",20,20
4523,Nagpur,Bhandara,378,2023-24,ANM,"POOJA NURSING INSTITUTE , BHANDARA",40,26
4524,Amravati,Amravati,381,2023-24,ANM,"MELGHAT NURSING SCHOOL , PARATWADA , AMRAVATI",20,19
4525,Chh. Sambhaji Nagar,Latur,383,2023-24,ANM,"RASTRAMATA JIJAU NURSING SCHOOL, NILANGA, LATUR",20,20
4526,Chh. Sambhaji Nagar,Beed,385,2023-24,ANM,"RAGHUNATHRAO MUNDHE INSTITUTE OF NURSING, AMBEJOGAI, BEED",20,11
4527,Pune,Satara,386,2023-24,ANM,"SHIVRASHTRA COLLEGE OF NURSING , KARAD , SATARA",20,20
4528,Pune,Pune,393,2023-24,ANM,"JAY INSTITUTE OF NURSING , INDAPUR , PUNE",20,16
4529,Chh. Sambhaji Nagar,Latur,394,2023-24,ANM,"TIRMULLA  A.N.M. NURSING SCHOOL, JALKOT, LATUR",20,5
4530,Pune,Solapur,395,2023-24,ANM,"RAJMATA JIJAU NURSING SCHOOL, PANDHARPUR",20,11
4531,Konkan,Sindhudurg,400,2023-24,ANM,"GENERAL HOSPITAL,  SINDHUDURG",40,22
4532,Chh. Sambhaji Nagar,Beed,401,2023-24,ANM,"VAIDYANATH NURSING SCHOOL, ,PARALIVAIJNATH, BEED",40,0
4533,Pune,Pune,405,2023-24,ANM,"JANAKI INSTITUTE OF NURSING EDUCATION , PUNE",20,12
4534,Amravati,Yavatmal,410,2023-24,ANM,"SHRI VINAYAKRAOBAPU DESHMUKH NURSING SCHOOL , SAWARGAON , YAVATMAL",60,57
4535,Chh. Sambhaji Nagar,Beed,412,2023-24,ANM,"JIJAMATA SCHOOL OF NURSING, MAJALGAON, BEED",20,0
4536,Chh. Sambhaji Nagar,Chh. Sambhaji Nagar,415,2023-24,ANM,"AURANGABAD NURSING SCHOOL, BHALGAON, AURANGABAD",20,2
4537,Pune,Sangli,418,2023-24,ANM,"MATOSHRI HIRAI DESHMUKH NURSING COLLEGE , SHIRALA , SANGLI",20,9
4538,Chh. Sambhaji Nagar,Latur,420,2023-24,ANM,"SANT RAMBHAU A.N.M. SCHOOL , AHMEDPUR , LATUR",20,12
4539,Chh. Sambhaji Nagar,Parbhani,421,2023-24,ANM,"MADHAV A.N.M. SCHOOL, PARBHANI",20,18
4540,Chh. Sambhaji Nagar,Chh. Sambhaji Nagar,423,2023-24,ANM,"PAITHAN NURSING SCHOOL, PAITHAN, AURANGABAD",20,8
4541,Chh. Sambhaji Nagar,Chh. Sambhaji Nagar,424,2023-24,ANM,"PRIYANKA GANDHI NURSING SCHOOL, AURANGABAD",20,0
4542,Nashik,Dhule,425,2023-24,ANM,"KIRAN NURSING SCHOOL, KAPADNE, DHULE",20,0
4543,Nagpur,Bhandara,426,2023-24,ANM,"PAWANRAJA NURSING SCHOOL , PAUNI , BHANDARA",30,0
4544,Nashik,Dhule,427,2023-24,ANM,"SAU. R.G. MALI NURSING COLLEGE, AKLAD , DHULE",20,15
4545,Pune,Kolhapur,428,2023-24,ANM,"SHRI BHAIRAVNATH NURSING SCHOOL , ICHALKARANJI  , KOLHAPUR",40,21
4546,Amravati,Yavatmal,431,2023-24,ANM,"MATOSHRI ORGANIZATION OF NURSING EDUCATION , YAVATMAL",20,20
4547,Chh. Sambhaji Nagar,Jalna,432,2023-24,ANM,"JALNA NURSING SCHOOL, SHELGAON, JALNA",20,0
4548,Pune,Solapur,434,2023-24,ANM,"MODERN INSTITUTE OF NURSING, MADHA, SOLAPUR",20,5
4549,Chh. Sambhaji Nagar,Jalna,446,2023-24,ANM,"GENERAL HOSPITAL, JALANA",40,40
4550,Pune,Solapur,449,2023-24,ANM,"DHANVANTERI SCHOOL OF NURSING , MALSHIRAS , SOLAPUR",30,19
4551,Chh. Sambhaji Nagar,Parbhani,476,2023-24,ANM,"Dr.Prafulla Patil Nursing School, Parbhani",20,14
4552,Chh. Sambhaji Nagar,Parbhani,477,2023-24,ANM,"BELESHWAR INSTITUTE OF NURSING, PARBHANI",20,20
4553,Pune,Satara,480,2023-24,ANM,"BEL AIR COLLEGE OF NURSING, PANCHAGANI, SATARA",50,30
4554,Pune,Kolhapur,481,2023-24,ANM,"SAVITRIBAI PHULE COLLEGE OF NURSING, KOLHAPUR",20,11
4555,Nagpur,Nagpur,482,2023-24,ANM,SMT. HANSABEN NURSING SCHOOL NAGPUR,20,11
4556,Konkan,Thane,484,2023-24,ANM,"NAVJEEVAN SCHOOL OF NURSING, SHAHAPUR, THANE",20,19
4557,Konkan,Thane,485,2023-24,ANM,"DAYANAND SCHOOL OF NURSING, VADOLI TALASARI THANE",25,22
4558,Konkan,Raigarh,486,2023-24,ANM,"PRATIBHA SCHOOL OF NURSING, KOPERKHAIRANE, NAVI MUMBAI",20,15
4559,Konkan,Sindhudurg,487,2023-24,ANM,"SARASWATI ANM NURSING SCHOOL, KANKAVLI, SINDHUDURG",20,19
4560,Nashik,Nashik,488,2023-24,ANM,"SAI NURSING SCHOOL, MALEGAON NASHIK",20,15
4561,Konkan,Thane,489,2023-24,ANM,"N. K. T. T. SCHOOL OF NURSING, BHIWANDI, THANE",20,17
4562,Chh. Sambhaji Nagar,Chh. Sambhaji Nagar,490,2023-24,ANM,"Manik Nursing School, Garkhed, Aurangabad",20,20
4563,Chh. Sambhaji Nagar,Latur,492,2023-24,ANM,"New Vision School of Nursing, Latur",20,4
4564,Chh. Sambhaji Nagar,Beed,493,2023-24,ANM,MAULI NURSING SCHOOL BARSHI ROAD BEED,20,20
4565,Chh. Sambhaji Nagar,Jalna,494,2023-24,ANM,"Mathsyodari Nursing School, Tal  Ambad, Jalna",20,20
4566,Chh. Sambhaji Nagar,Beed,495,2023-24,ANM,"ANKITA DOUND INSTITUTE OF NURSING SCHOOL, AMBAJOGAI, BEED",20,6
4567,Chh. Sambhaji Nagar,Parbhani,496,2023-24,ANM,"SAKSHI NURSING SCHOOL, MANWAT, PARBHANI",20,0
4568,Nashik,Nashik,497,2023-24,ANM,"SWAMI VIVEKANAND SANSTHA, MALEGAON, NASHIK",20,11
4569,Pune,Pune,499,2023-24,ANM,"Sushrusha Nursing School, Ap  Daund, Pune",50,0
4570,Pune,Pune,500,2023-24,ANM,"SUSHILA NURSING SCHOOL, DAUND, PUNE",20,19
4571,Pune,Sangli,501,2023-24,ANM,"CHINGUAAI INSTITUTE OF NURSING EDUCATION, KAVATHE MAHANKAL, SANGLI",20,11
4572,Pune,Kolhapur,502,2023-24,ANM,"SANJEEVA NURSING SCHOOL, KOLHAPUR",20,20
4573,Nashik,Ahilyanagar,505,2023-24,ANM,"SAVITRIBAI PHULE ANM NURSING COLLEGE, SHRIGONDA, AHMEDNAGAR",20,0
4574,Nashik,Ahilyanagar,506,2023-24,ANM,"KOPERGAON TALUKA VIDYARTHI SAHAYYAK SCHOOL OF NURSING,KOPERGAON",20,20
4575,Pune,Sangli,507,2023-24,ANM,"ABHINAV INSTITUTE OF NURSING EDUCATION, MIRAJ, SANGLI",20,7
4576,Pune,Pune,508,2023-24,ANM,"PRIYADARSHINI SHAK. BAU. GRAM VIKAS MAHILA SEVABHAVI MANDAL, SCHOOL OF NURSING, SHIRUR, PUNE",20,18
4577,Chh. Sambhaji Nagar,Jalna,509,2023-24,ANM,"Shraddha Commercial  Technical Institute Society, Jalna",20,0
4578,Nagpur,Bhandara,512,2023-24,ANM,"ASHIRWAD NURSING SCHOOL OF ANM, SAKOLI BHANDARA",40,40
4579,Amravati,Yavatmal,513,2023-24,ANM,"Jeevan Rekha  School of Nursing, Tal  Umarkhed, Yavatmal",20,17
4580,Amravati,Yavatmal,514,2023-24,ANM,"Sanjeevan Nursing School, Yavatmal,",20,17
4581,Nagpur,Nagpur,515,2023-24,ANM,"SUVARNA SCHOOL OF NURSING SAONER, NAGPUR",20,11
4582,Nagpur,Nagpur,516,2023-24,ANM,"Indira Gandhi ANM Nursing School, Tal  Bhiwapur, Nagpur",20,20
4583,Amravati,Yavatmal,517,2023-24,ANM,"Yash Institute of Nursing, Athori Bazar, Yavatmal",40,40
4584,Nagpur,Chandrapur,518,2023-24,ANM,"SADHANA NURSING CENTRE ANM, TAL BRAMHAPURI, CHANDRAPUR",20,12
4585,Nagpur,Gadchiroli,519,2023-24,ANM,"Laxmi Nursing Training Centre ANM, Kurkheda, Gadchiroli",20,12
4586,Nagpur,Wardha,523,2023-24,ANM,"NEW MAHARASHTRA INSTITUTE OF NURSING, MAHADEVPURA, WARDHA",20,17
4587,Nashik,Ahilyanagar,524,2023-24,ANM,"SHREE SAI NURSING SCHOOL, JAMKHED, AHMEDNAGAR",20,0
4588,Pune,Sangli,526,2023-24,ANM,"VIDYA SAGAR NURSING SCHOOL, SANGLI",20,13
4589,Nagpur,Gondia,531,2023-24,ANM,"Shri Dattatraya Prabhu Bahu. Shikshan Sanstha, Tiroda, Gondia",30,30
4590,Chh. Sambhaji Nagar,Nanded,533,2023-24,ANM,"Sharadrao Nursing College, Naigona Nanded",20,18
4591,Chh. Sambhaji Nagar,Nanded,534,2023-24,ANM,DHARTI SCHOOL OF NURSING MALEGAON RD NANDED,20,19
4592,Chh. Sambhaji Nagar,Nanded,535,2023-24,ANM,"Satabai Landge Nursing School, Nanded",20,19
4593,Amravati,Amravati,539,2023-24,ANM,"SHRI SANT LAHANUJI MAHARAJ SCHOOL OF NURSING, DARYAPUR, AMRAVATI",20,20
4594,Nashik,Nashik,541,2023-24,ANM,"KALWAN NURSING SCHOOL, KALWAN, NASHIK",20,20
4595,Nashik,Nashik,542,2023-24,ANM,"DINDORI SCHOOL OF NURSING, DINDORI, NASHIK",20,13
4596,Nashik,Nashik,543,2023-24,ANM,"YEOLA SCHOOL OF NURSING, YEOLA, NASHIK",20,20
4597,Chh. Sambhaji Nagar,Chh. Sambhaji Nagar,545,2023-24,ANM,"Yeshwant Institute of Nursing, Paithan Road, Aurangabad",30,18
4598,Chh. Sambhaji Nagar,Latur,546,2023-24,ANM,"SWAMI VIVEKANAND SCHOOL OF NURSING, UDGIR, LATUR",20,0
4599,Amravati,Washim,548,2023-24,ANM,"Nazarene Nurses Training College, Pusad Road, Washim",20,10
4600,Nagpur,Gondia,550,2023-24,ANM,"Gondia Nursing College, Gondia",20,0
4601,Nagpur,Gondia,552,2023-24,ANM,"S. CHANDRA SCHOOL OF NURSING, ARJUNI GONDIA",20,18
4602,Amravati,Amravati,553,2023-24,ANM,"Sardar Nursing Institute, Walgaon Road, Amravati",20,7
4603,Amravati,Amravati,555,2023-24,ANM,"M.J. Pawade Nurisng School, Tal  Morshi, Amravati",20,20
4604,Nagpur,Wardha,557,2023-24,ANM,"Sunita Nursing School, Tal  Shelu, Wardha",20,10
4605,Nagpur,Gondia,558,2023-24,ANM,"S.R.V. NURSING SCHOOL, DAWAKI, TAL DEORI DIST GONDIA",20,7
4606,Chh. Sambhaji Nagar,Dharashiv,559,2023-24,ANM,"Late Changdevrao Banger Nursing School, Tal  Bhum, Osmanabad",20,19
4607,Chh. Sambhaji Nagar,Chh. Sambhaji Nagar,561,2023-24,ANM,"Prabhavati Nursing School, Aurangabad",20,15
4608,Chh. Sambhaji Nagar,Chh. Sambhaji Nagar,563,2023-24,ANM,GOGANATH BABA ANM NURSING SCHOOL CHITEGAON AURANGABAD,50,28
4609,Chh. Sambhaji Nagar,Beed,564,2023-24,ANM,"Late Ranghunathraoji Kendre Nursing School, Vaijnath, Beed",40,24
4610,Chh. Sambhaji Nagar,Latur,565,2023-24,ANM,"Sarojini Naidu School of Nursing, Chakur, Latur",20,10
4611,Chh. Sambhaji Nagar,Nanded,566,2023-24,ANM,"Indira Gandhi School of Nursing, Loha, Nanded",20,20
4612,Nashik,Nashik,567,2023-24,ANM,"MATOSHRI ASARABAI DARADE SCHOOL OF NURSING, YEOLA, NASHIK",60,52
4613,Amravati,Akola,568,2023-24,ANM,"MAHARSHI WALMIKI INSTITUTE OF NURSING MALKAPUR,AKOLA",60,43
4614,Amravati,Akola,571,2023-24,ANM,"AZAD HIND NURSING SCHOOL, AKOLA",20,11
4615,Amravati,Amravati,573,2023-24,ANM,"Gurumauli Institue of Nursing Science, Amravati",20,14
4616,Chh. Sambhaji Nagar,Hingoli,580,2023-24,ANM,"L.D.H.T. SCHOOL OF NURSING, HINGOLI",40,40
4617,Chh. Sambhaji Nagar,Hingoli,581,2023-24,ANM,"JAI HIND NURSING SCHOOL, HINGOLI",20,20
4618,Pune,Kolhapur,582,2023-24,ANM,"SANT GAJANAN MAHARAJ SCHOOL OF NURSING, CHINCHEWADI, GADHINGLAJ, KOLHAPUR",20,19
4619,Pune,Solapur,583,2023-24,ANM,"SAVITRIBAI PHULE NURSING SCHOOL, WAKHARI, SOLAPUR",20,6
4620,Konkan,Sindhudurg,584,2023-24,ANM,"MAI NURSING SCHOOL, KUDAL",20,13
4621,Nashik,Dhule,585,2023-24,ANM,"RANIMANSAHEB MANUBADEVI RAWAL NURSING SCHOOL, DONDAICHA, DHULE",40,20
4622,Nashik,Dhule,586,2023-24,ANM,"D.S. NURSING SCHOOL, SAKRI, DHULE",20,16
4623,Konkan,Palghar,587,2023-24,ANM,"SHREE GAJANAN MAHARAJ COLLEGE OF  NURSING AND RESEARCH CENTER JAWHAR, PALGHAR",20,13
4624,Nashik,Nashik,588,2023-24,ANM,"PETH NURSING SCHOOL, PETH, NASHIK",20,20
4625,Nashik,Nashik,589,2023-24,ANM,"IGATPURI NURSING SCHOOL, IGATPURI, NASHIK",20,20
4626,Nashik,Nashik,590,2023-24,ANM,"NIFAD NURSING SCHOOL, NIFAD, NASHIK",20,20
4627,Nashik,Nashik,591,2023-24,ANM,"MANMAD NURSING SCHOOL, YEOLA, NASHIK",20,0
4628,Nashik,Nashik,592,2023-24,ANM,"SAI CARE NURSING SCHOOL, NASHIK",60,58
4629,Nashik,Nashik,593,2023-24,ANM,"JIJAMATA NURSING SCHOOL, MALEGAON, NASHIK",60,36
4630,Konkan,Raigarh,595,2023-24,ANM,"D. D. VISPUTE SCHOOL OF NURSING, PANVEL, RAIGAD",30,15
4631,Nashik,Nashik,597,2023-24,ANM,"RAJEEV GANDHI GNM NURSING COLLEGE, SINNAR, NASHIK",60,50
4632,Nashik,Nashik,598,2023-24,ANM,"TANMAYI NURSING INSTITUTE, NASHIK",20,18
4633,Nashik,Nashik,601,2023-24,ANM,"KARM. R. S. WAGH EDUCATION  HEALTH SANSTHAS SCHOOL OF NURSING, DINDORI, NASHIK",20,18
4634,Nashik,Ahilyanagar,604,2023-24,ANM,"MANGALA INSTITUTE OF NURSING EDUCATION,AKOLE, AHMEDNAGAR",20,3
4635,Nashik,Ahilyanagar,607,2023-24,ANM,"SAIKRUPA NURSING SCHOOL, SHRIGONDA, AHMEDNAGAR",20,16
4636,Nashik,Ahilyanagar,608,2023-24,ANM,"ABHINAV NURSING SCHOOL, AHMEDNAGAR",20,16
4637,Pune,Pune,609,2023-24,ANM,"PANDURANG KRUPA NURSING SCHOOL, SHIRUR, PUNE",20,13
4638,Pune,Pune,610,2023-24,ANM,"SHIRUR SCHOOL OF NURSING, SHIRUR, PUNE",20,11
4639,Nashik,Ahilyanagar,612,2023-24,ANM,"ASHIRWAD NURSING SCHOOL, RAHURI, AHMEDNAGAR",20,20
4640,Pune,Kolhapur,616,2023-24,ANM,"SHRI SIDDHI NURSING SCHOOL, KAGAL, KOLHAPUR",20,20
4641,Pune,Kolhapur,617,2023-24,ANM,"SIDDHAGIRI NURSING INSTITUTE, KARVEER, KOLHAPUR",20,0
4642,Nashik,Ahilyanagar,618,2023-24,ANM,"SAI NURSING SCHOOL, SHEVGAON, AHMEDNAGAR",20,5
4643,Nashik,Ahilyanagar,620,2023-24,ANM,"DR. RAMESH DHOKANE PATIL SCHOOL OF NURSING, NEWASA, AHMEDNAGAR",20,20
4644,Nashik,Ahilyanagar,622,2023-24,ANM,"NITYASEVA NURSING SCHOOL, PARNER, AHMEDNAGAR",20,15
4645,Pune,Sangli,623,2023-24,ANM,"KEDARNATH NURSING SCHOOL, ISLAMPUR, SANGLI",20,20
4646,Nashik,Ahilyanagar,624,2023-24,ANM,"NEWASA NURSING SCHOOL, NEWASA, AHMEDNAGAR",20,0
4647,Nashik,Ahilyanagar,625,2023-24,ANM,"SHRUTI NURSING SCHOOL, SHRIRAMPUR, AHMEDNAGAR",20,0
4648,Nashik,Ahilyanagar,626,2023-24,ANM,"KOPARGAON NURSING SCHOOL, KOPERGAON, AHMEDNAGAR",20,0
4649,Pune,Sangli,627,2023-24,ANM,"LAXMIPRABHA NURSING INSTITUTE, MIRAJ, SANGLI",30,16
4650,Pune,Sangli,628,2023-24,ANM,"SHABBIR AHMED ANSARI NURSING SCHOOL, MIRAJ, SANGLI",20,10
4651,Nashik,Ahilyanagar,629,2023-24,ANM,"LATE BHAU DAJI PATIL DESHMUKH GRAMIN VIKAS PRATISHTHANS RANM SCHOOL, AHMEDNAGAR",20,13
4652,Nashik,Ahilyanagar,630,2023-24,ANM,"SAWALI SCHOOL OF NURSING, PARNER, AHMEDNAGAR",20,13
4653,Pune,Pune,633,2023-24,ANM,"TILAK MAHARASHTRA VIDYAPEETH INSTITUTE OF NURSING EDUCATION  RESEARCH, PUNE",20,15
4654,Nashik,Ahilyanagar,634,2023-24,ANM,"JIJAMATA NURSING SCHOOL, SHEVGAON, AHMEDNAGAR",20,10
4655,Pune,Sangli,635,2023-24,ANM,"DHANVANTARI INSTITUTE OF NURSING  PARAMEDICAL SCIENCES, SHIRALA, SANGLI",20,0
4656,Pune,Solapur,636,2023-24,ANM,"VIJAYSINH MOHITE PATIL SCHOOL OF NURSING, MALSHIRAS, SOLAPUR",40,15
4657,Pune,Pune,637,2023-24,ANM,"LATE UDHAVRAO TULSHIRAM JADHAVAR FOUNDATIONS INSTITUTE OF NURSING, PUNE",50,49
4658,Pune,Solapur,638,2023-24,ANM,"SARDARBI INSTITUTE OF NURSING EDUCATION, MOHOL, SOLAPUR",20,17
4659,Pune,Solapur,642,2023-24,ANM,"JANKALYAN INSTITUTE OF NURSING EDUCATION, PANDHARPUR, SOLAPUR",20,10
4660,Pune,Satara,645,2023-24,ANM,"WILLIS F. PIERCE MEMORIAL HOSPITAL, WAI, SATARA",20,18
4661,Pune,Pune,650,2023-24,ANM,"YASH INSTITUTE OF NURSING  PARAMEDICAL SCIENCES, INDAPUR, PUNE",20,20
4662,Pune,Sangli,651,2023-24,ANM,"SHRI DATTA SCHOOL OF NURSING, SHIRALA, SANGLI",20,13
4663,Pune,Solapur,652,2023-24,ANM,"DHANSHRI INSTITUTE OF NURSING, MADHA, SOLAPUR",20,9
4664,Nagpur,Wardha,653,2023-24,ANM,"CHETNA NURSING INSTITUTE, WARDHA",20,13
4665,Amravati,Buldana,654,2023-24,ANM,"JIJAMATA SCHOOL OF NURSING, BULDANA",20,14
4666,Nagpur,Chandrapur,655,2023-24,ANM,"DEONIL SCHOOL OF NURSING, MUL, CHANDRAPUR",20,0
4667,Amravati,Amravati,656,2023-24,ANM,"SARASWATI INSTITUTE OF NURSING SCIENCES AND RESEARCH, AMRAVATI",40,40
4668,Nagpur,Bhandara,657,2023-24,ANM,"MAHALAXMI NURSING SCHOOL, TUMSAR, BHANDARA",20,17
4669,Nagpur,Gondia,658,2023-24,ANM,"KAMALATAI BUDHE NURSING SCHOOL, GONDIA",20,15
4670,Nagpur,Wardha,659,2023-24,ANM,"NANDATAI LOHAVE SCHOOL OF NURSING, WARDHA",20,0
4671,Nagpur,Wardha,660,2023-24,ANM,"D. P. NURSING SCHOOL  RESEARCH INSTITUTE, WARDHA",20,14
4672,Nagpur,Bhandara,661,2023-24,ANM,"SAI NURSING SCHOOL, TUMSAR, BHANDARA",50,34
4673,Nagpur,Chandrapur,662,2023-24,ANM,"S.R.V. NURSING SCHOOL  RESEARCH INSTITUTE, NAGBHID, CHANDRAPUR",20,20
4674,Nagpur,Nagpur,663,2023-24,ANM,"SAIRAM SCHOOL OF NURSING, RAMTEK, NAGPUR",20,0
4675,Nagpur,Chandrapur,664,2023-24,ANM,"MOTHER TERESA NURSING ACADAMY, BALLARPUR, CHANDRAPUR",30,5
4676,Nagpur,Nagpur,666,2023-24,ANM,"ACHARYA VINOBA BHAVE SCHOOL OF NURSING, KATOL, NAGPUR",50,50
4677,Amravati,Yavatmal,668,2023-24,ANM,"SWA. RUPESHKUMAR INGOLE SCHOOL OF NURSING, YAVATMAL",20,20
4678,Amravati,Yavatmal,670,2023-24,ANM,"MAHAJAN NURSING SCHOOL, YAVATMAL",20,20
4679,Amravati,Buldana,671,2023-24,ANM,"PAINGANGA INSTITUTE OF NURSING, BULDANA",20,0
4680,Nagpur,Gadchiroli,672,2023-24,ANM,"SHRI SAI SCHOOL OF NURSING, ARMORI, GADCHIROLI",20,14
4681,Amravati,Yavatmal,673,2023-24,ANM,"INDIRABAI BHOYAR SCHOOL OF NURSING, GHATANJI, YAVATMAL",20,12
4682,Nagpur,Wardha,674,2023-24,ANM,"DR. SAVITA SCHOOL OF NURSING, SELOO, WARDHA",20,20
4683,Nagpur,Chandrapur,675,2023-24,ANM,"SANT GAJANAN MAHARAJ NURSING SCHOOL, SINDE WAHI, CHANDRAPUR",20,20
4684,Amravati,Buldana,676,2023-24,ANM,"MAHATMA JYOTIBA PHULE BAHU. SHIKSHAN SANSTHAS NURSING SCHOOL, CHIKHALI, BULDHANA",20,20
4685,Amravati,Buldana,677,2023-24,ANM,"SANT GAJANAN MAHARAJ NURSING SCHOOL, SHEGAON, BULDHANA",20,19
4686,Nagpur,Bhandara,678,2023-24,ANM,"SWAPNIL INSTITUTE OF NURSING, PAUNI, BHANDARA",20,8
4687,Nagpur,Bhandara,679,2023-24,ANM,"AROMIRA SCHOOL OF NURSING, BHANDARA",20,8
4688,Amravati,Buldana,680,2023-24,ANM,"DR. K. B. MAPRI INSTITUTE OF NURISNG, LONAR, BULDHANA",20,20
4689,Amravati,Amravati,681,2023-24,ANM,"VIDHARBH SCHOOL OF NURSING, AMRAVATI",20,9
4690,Amravati,Buldana,682,2023-24,ANM,"KALASKAR NURSING INSTITUTE, NANDURA, BULDHANA",20,0
4691,Nagpur,Nagpur,683,2023-24,ANM,"SUMANTAI WASNIK INSTITUTE OF NURSING, NAGPUR",20,18
4692,Amravati,Buldana,684,2023-24,ANM,"KAUSHALYA INSTITUTE OF NURSING, BULDHANA",20,14
4693,Nagpur,Wardha,686,2023-24,ANM,"SATAO NURSING TRAINING SCHOOL, WARDHA",20,19
4694,Nagpur,Bhandara,687,2023-24,ANM,"NAV  YUVA NURSING SCHOOL, BHANDARA",30,23
4695,Nagpur,Nagpur,688,2023-24,ANM,"POOJA NURSING SCHOOL, NAGPUR",40,40
4696,Nagpur,Gondia,689,2023-24,ANM,"HEALTH CARE NURSING SCHOOL, AMGAON, GONDIA",20,10
4697,Nagpur,Bhandara,690,2023-24,ANM,"G.S.NURSING SCHOOL, SAKOLI, BHANDARA",20,11
4698,Chh. Sambhaji Nagar,Chh. Sambhaji Nagar,694,2023-24,ANM,"SHRI GORAKSHA NURSING SCHOOL, PHULAMBRI, AURANGABAD",20,9
4699,Chh. Sambhaji Nagar,Latur,696,2023-24,ANM,"JIJAMATA NURSING SCHOOL, LATUR",20,8
4700,Chh. Sambhaji Nagar,Beed,697,2023-24,ANM,"SHREE VENKATESHA NURSING SCHOOL, BEED",20,20
4701,Chh. Sambhaji Nagar,Latur,699,2023-24,ANM,"S.G.NURSING SCHOOL, LATUR",20,0
4702,Chh. Sambhaji Nagar,Beed,700,2023-24,ANM,"GANDHI NURSING SCHOOL, ASHTI, BEED",60,60
4703,Chh. Sambhaji Nagar,Chh. Sambhaji Nagar,701,2023-24,ANM,"MAHARAJA  SAYAJIRAO GAIKWAD NURSING SCHOOL, AURANGABAD",20,20
4704,Chh. Sambhaji Nagar,Beed,702,2023-24,ANM,"RASHTRAMATA JIJAU NURSING SCHOOL, PATODA, BEED",20,19
4705,Chh. Sambhaji Nagar,Beed,704,2023-24,ANM,"VISHWAS SAWANT NURSING SCHOOL, BEED",20,14
4706,Chh. Sambhaji Nagar,Parbhani,705,2023-24,ANM,"INDIRA GANDHI A.N.M. NURSING SCHOOL, PARBHANI",60,60
4707,Chh. Sambhaji Nagar,Chh. Sambhaji Nagar,707,2023-24,ANM,"DR. DAHIPHALE MEDICAL FOUNDATION TRUSTS SCHOOL OF NURSING, AURANGABAD",20,20
4708,Chh. Sambhaji Nagar,Nanded,708,2023-24,ANM,"KOMALBAI MUNDE NURSING SCHOOL, MUKHED, NANDED",20,15
4709,Chh. Sambhaji Nagar,Nanded,709,2023-24,ANM,"GANSHANTI NURSING SCHOOL, NANDED",30,30
4710,Chh. Sambhaji Nagar,Nanded,710,2023-24,ANM,"RAM RATAN NURSING INSTITUTE, BHOKAR, NANDED",40,39
4711,Chh. Sambhaji Nagar,Dharashiv,711,2023-24,ANM,"BILL GATES NURSING SCHOOL, OSMANABAD",20,5
4712,Chh. Sambhaji Nagar,Nanded,712,2023-24,ANM,"SHAKUNTALA NURSING INSTITUTE, MUDKHED, NANDED",20,3
4713,Chh. Sambhaji Nagar,Latur,714,2023-24,ANM,"JAWALGE NURSING SCHOOL, LATUR",20,20
4714,Chh. Sambhaji Nagar,Nanded,717,2023-24,ANM,"GOVINDRAO PAUL NURSING SCHOOL, NANDED",30,30
4715,Chh. Sambhaji Nagar,Dharashiv,718,2023-24,ANM,"RENUKA NURSING RANM SCHOOL, KALAMB, OSMANABAD",20,20
4716,Chh. Sambhaji Nagar,Latur,719,2023-24,ANM,"DAYEE INSTITUTE OF NURSING,LATUR",20,18
4717,Chh. Sambhaji Nagar,Chh. Sambhaji Nagar,720,2023-24,ANM,"RAJLAKSHMI NURSING SCHOOL, PHULAMBRI, AURANGABAD",20,20
4718,Chh. Sambhaji Nagar,Chh. Sambhaji Nagar,721,2023-24,ANM,"SAVITRIBAI PHULE NURSING SCHOOL, KANNAD, AURANGABAD",60,60
4719,Chh. Sambhaji Nagar,Parbhani,722,2023-24,ANM,"RAJMATA AHILYA DEVI INSTITUTION OF NURSING, PARBHANI",20,17
4720,Chh. Sambhaji Nagar,Nanded,723,2023-24,ANM,"SUBHADRA INSTITUTE NURSING SCHOOL, BILOLI, NANDED",20,11
4721,Chh. Sambhaji Nagar,Parbhani,724,2023-24,ANM,"LATE ANNASAHEB KAKDE NURSING SCHOOL, SAILU, PARBHANI",20,13
4722,Chh. Sambhaji Nagar,Parbhani,725,2023-24,ANM,"KAI. MUNIRAM NIKE NURSING SCHOOL, SONPETH, PARBHANI",20,0
4723,Chh. Sambhaji Nagar,Parbhani,726,2023-24,ANM,"DHANWANTARI NURSING SCHOOL, PALAM, PARBHANI",20,0
4724,Chh. Sambhaji Nagar,Parbhani,727,2023-24,ANM,"RADHAI INSTITUTE OF NURSING SCHOOL, GANGAKHED, PARBHANI",50,46
4725,Chh. Sambhaji Nagar,Latur,728,2023-24,ANM,"PUSHPAI NURSING SCHOOL, AHMEDPUR, LATUR",20,11
4726,Chh. Sambhaji Nagar,Nanded,732,2023-24,ANM,"SWAMI RAMANAND TIRTH NURSING INSTITITUE, KANDHAR, NANDED",20,14
4727,Chh. Sambhaji Nagar,Beed,733,2023-24,ANM,"PRAGATI NURSING SCHOOL, PATODA, BEED",20,18
4728,Chh. Sambhaji Nagar,Beed,734,2023-24,ANM,"SAMARTH NURSING SCHOOL, WADVANI, BEED",20,20
4729,Chh. Sambhaji Nagar,Parbhani,738,2023-24,ANM,"RAJIV GANDHI NURSING SCHOOL, PARBHANI",20,20
4730,Chh. Sambhaji Nagar,Parbhani,740,2023-24,ANM,"SAMARTH NURSING SCHOOL, PARBHANI",20,0
4731,Chh. Sambhaji Nagar,Chh. Sambhaji Nagar,741,2023-24,ANM,"GANGAPUR NURSING SCHOOL, GANGAPUR, AURANGABAD",20,0
4732,Chh. Sambhaji Nagar,Chh. Sambhaji Nagar,742,2023-24,ANM,"SHRI SWAMI SAMARTH NURSING SCHOOL, AURANGABAD",20,20
4733,Chh. Sambhaji Nagar,Chh. Sambhaji Nagar,743,2023-24,ANM,"HUDCO NURSING SCHOOL, AURANGABAD",20,16
4734,Chh. Sambhaji Nagar,Chh. Sambhaji Nagar,744,2023-24,ANM,"SHRADDHA NURSING SCHOOL, AURANGABAD",20,0
4735,Chh. Sambhaji Nagar,Chh. Sambhaji Nagar,745,2023-24,ANM,"NEW NURSING SCHOOL, AURANGABAD",20,18
4736,Chh. Sambhaji Nagar,Chh. Sambhaji Nagar,746,2023-24,ANM,"SHEETAL NURSING SCHOOL, AURANGABAD",20,0
4737,Chh. Sambhaji Nagar,Latur,748,2023-24,ANM,"SAVITHRIBAI PULE NURSING SCHOOL, JALKOT, LATUR",20,14
4738,Chh. Sambhaji Nagar,Nanded,749,2023-24,ANM,"GANGABAI PATIL NURSING SCHOOL, BILOLI, NANDED",20,14
4739,Chh. Sambhaji Nagar,Beed,750,2023-24,ANM,"SANSKRUTI NURSING SCHOOL, BEED",20,16
4740,Chh. Sambhaji Nagar,Hingoli,751,2023-24,ANM,"SHRAVNI INSTISUTE OF NURSING, BASMAT, HINGOLI",20,20
4741,Chh. Sambhaji Nagar,Latur,753,2023-24,ANM,"SUVIDHA NURSING SCHOOL, LATUR",20,0
4742,Chh. Sambhaji Nagar,Chh. Sambhaji Nagar,754,2023-24,ANM,"BHARTIYA NURSING SCHOOL, AURANGABAD",20,20
4743,Chh. Sambhaji Nagar,Hingoli,755,2023-24,ANM,"YESHWANT INSTITUTE OF NURSING SCHOOL, HINGOLI",40,31
4744,Chh. Sambhaji Nagar,Parbhani,756,2023-24,ANM,"SHRI SURESHDADA DESHMUKH INSTITUTE OF NURSING, PARBHANI",20,20
4745,Chh. Sambhaji Nagar,Nanded,757,2023-24,ANM,"BHIVRAJ KALANTRI NURSING INSTITUTE, NANDED",20,20
4746,Chh. Sambhaji Nagar,Beed,758,2023-24,ANM,"KAI BABURAO GHULE SCHOOL OF NURSING, AMBAJOGAI, BEED",60,60
4747,Chh. Sambhaji Nagar,Nanded,760,2023-24,ANM,"RAJMATA JIJAU NURSING SCHOOL, NANDED",50,50
4748,Chh. Sambhaji Nagar,Nanded,763,2023-24,ANM,"MOTHER TERESA NURSING SCHOOL, NANDED",20,3
4749,Chh. Sambhaji Nagar,Nanded,764,2023-24,ANM,"OMKAR NURSING SCHOOL, BILOLI, NANDED",20,20
4750,Chh. Sambhaji Nagar,Latur,765,2023-24,ANM,"MAHARASHTARA NURSING SCHOOL, CHAKUR, LATUR",20,0
4751,Chh. Sambhaji Nagar,Nanded,767,2023-24,ANM,"ADARSHA NURSING SCHOOL, DEGLOOR, NANDED",20,11
4752,Nagpur,Gondia,769,2023-24,ANM,"S. CHANDRA NURSING SCHOOL, AMGAON, GONDIA",20,5
4753,Nagpur,Gondia,770,2023-24,ANM,"SMT. GUNAMALA JAIN CHARITABLE TRUSTS INSTITUTE OF NURSING EDUCATION, GONDIA",20,0
4754,Nagpur,Gondia,771,2023-24,ANM,"SMT. LAXMIBAI CHANDEKAR NURSING SCHOOL, GORGAON, GONDIA",20,20
4755,Nagpur,Gondia,772,2023-24,ANM,"GONDIA CITY INSTITUTE OF NURSING  PARAMEDICAL SCIENCES, GONDIA",20,10
4756,Chh. Sambhaji Nagar,Chh. Sambhaji Nagar,774,2023-24,ANM,"IDEAL NURSING SCHOOL, AURANGABAD",20,20
4757,Chh. Sambhaji Nagar,Latur,775,2023-24,ANM,"MATRUBHOOMI NURSING SCHOOL, UDGIR, LATUR",30,30
4758,Chh. Sambhaji Nagar,Dharashiv,776,2023-24,ANM,"SUSAIN A.N.M. NURSING SCHOOL, OSMANABAD",20,17
4759,Chh. Sambhaji Nagar,Dharashiv,777,2023-24,ANM,"K.T. PATIL SCHOOL OF  NURSING, OSMANABAD",50,14
4760,Chh. Sambhaji Nagar,Chh. Sambhaji Nagar,779,2023-24,ANM,"AURANGABAD NURSING SCHOOL, AURANGABAD",20,19
4761,Chh. Sambhaji Nagar,Chh. Sambhaji Nagar,780,2023-24,ANM,"SHAHNAWAZ NURSING SCHOOL, AURANGABAD",20,3
4762,Chh. Sambhaji Nagar,Nanded,781,2023-24,ANM,"NARMADA NURSING INSTITUTE , LOHA, NANDED",20,14
4763,Chh. Sambhaji Nagar,Parbhani,782,2023-24,ANM,"DNYANAI INSTITUTE OF NURSING SCHOOL, PARBHANI",40,40
4764,Chh. Sambhaji Nagar,Chh. Sambhaji Nagar,783,2023-24,ANM,"SHAHU MAHARAJ NURSING SCHOOL, AURANGABAD",20,0
4765,Chh. Sambhaji Nagar,Parbhani,786,2023-24,ANM,"TORJA NURSING SCHOOL, PARBHANI",20,16
4766,Chh. Sambhaji Nagar,Dharashiv,787,2023-24,ANM,"SAI NURSING COLLEGE, UMERGA, OSMANABAD",20,17
4767,Chh. Sambhaji Nagar,Latur,788,2023-24,ANM,"NEW MOTHER TERESA A.N.M. SCHOOL OF NURSING, UDGIR, LATUR",20,4
4768,Chh. Sambhaji Nagar,Parbhani,790,2023-24,ANM,"SAISHA NURSING SCHOOL, PURNA, PARBHANI",20,10
4769,Chh. Sambhaji Nagar,Hingoli,791,2023-24,ANM,"INDIRA GANDHI NURSING SCHOOL, BASMAT, HINGOLI",20,11
4770,Chh. Sambhaji Nagar,Nanded,792,2023-24,ANM,"MUKTAI NURSING SCHOOL, NANDED",50,36
4771,Chh. Sambhaji Nagar,Parbhani,793,2023-24,ANM,"SHRI SAI INSTITUTION OF NURSING SCHOOL, JINTOR, PARBHANI",20,7
4772,Chh. Sambhaji Nagar,Parbhani,794,2023-24,ANM,"YESHWANT INSTITUTE OF NURSING,  PARBHANI",20,20
4773,Chh. Sambhaji Nagar,Hingoli,795,2023-24,ANM,"LATE S. D. MASKE SCHOOL OF NURSING, HINGOLI",20,20
4774,Chh. Sambhaji Nagar,Beed,797,2023-24,ANM,"DIPTI AAHER NURSING SCHOOL, AMBAJOGAI, BEED",20,20
4775,Chh. Sambhaji Nagar,Hingoli,798,2023-24,ANM,"MOTHER TERESA NURSING SCHOOL, HINGOLI",20,0
4776,Chh. Sambhaji Nagar,Nanded,799,2023-24,ANM,"MOTHER TERESA NURSING INSTITUTE, KANDHAR, NANDED",20,20
4777,Chh. Sambhaji Nagar,Beed,800,2023-24,ANM,"TAMBWERSHWAR NURSING SCHOOL, DHARUR, BEED",20,7
4778,Nashik,Dhule,804,2023-24,ANM,"Palak Nursing Institute, Shirpur, Dhule",40,40
4779,Konkan,Ratnagiri,806,2023-24,ANM,"Devang A.N.M. Nursing School, Ratnagiri",20,20
4780,Pune,Satara,807,2023-24,ANM,"RAJMATA NURSING SCHOOL, SATARA",20,14
4781,Pune,Kolhapur,808,2023-24,ANM,"Late. Ushatai Nursing School, Kolhapur",20,12
4782,Pune,Sangli,809,2023-24,ANM,"Smt. Padmini Institute of Nursing  Paramedical Sciences, Atpadi, Sangli",20,16
4783,Nashik,Ahilyanagar,810,2023-24,ANM,"Saibaba Nursing School, Kolpewadi,  Ahmednagar",60,60
4784,Nashik,Ahilyanagar,811,2023-24,ANM,"Raj Laxmi Nursing School, Ahmednagar",20,18
4785,Nagpur,Wardha,813,2023-24,ANM,"Dimond Nursing Institute, Deoli, Wardha",20,15
4786,Nagpur,Wardha,814,2023-24,ANM,"Kasturba Nurisng School Mandgaon, Samudrapur, Wardha",20,14
4787,Nagpur,Gondia,819,2023-24,ANM,"S.M.Nursing School, Gondia",20,11
4788,Amravati,Buldana,820,2023-24,ANM,"Vision Nursing School, Buldhana",20,14
4789,Amravati,Yavatmal,821,2023-24,ANM,"Varsharaj Nursing School, Wani, Yavatmal",20,14
4790,Nagpur,Chandrapur,822,2023-24,ANM,"Jijamata Insitute of Nursing, Bhadrawati, Chandrapur",20,8
4791,Amravati,Amravati,823,2023-24,ANM,"Maa Renuka School of Nursing, Bhatkuli, Amravati",20,20
4792,Nagpur,Chandrapur,824,2023-24,ANM,"Rashtriy Nursing School, Rajura, Chandrapur",20,12
4793,Nagpur,Nagpur,825,2023-24,ANM,"Aakar School of Nursing, Nagpur",20,9
4794,Nagpur,Nagpur,826,2023-24,ANM,"Tanisq School of Nursing, Nagpur",30,30
4795,Chh. Sambhaji Nagar,Hingoli,829,2023-24,ANM,"Ananditai Bengal Nursing School, Sengaon, Hingoli",60,60
4796,Chh. Sambhaji Nagar,Jalna,830,2023-24,ANM,"Om Shanti Nursing School, Bhokardan, Jalna",20,5
4797,Chh. Sambhaji Nagar,Latur,831,2023-24,ANM,"RAJGURU SCHOOL OF NURSING, UDGIR, LATUR",20,20
4798,Chh. Sambhaji Nagar,Nanded,832,2023-24,ANM,"Akshay Nursing School, Nanded",50,38
4799,Chh. Sambhaji Nagar,Parbhani,834,2023-24,ANM,"Kalpana Chawala Nursing School, Parbhani",20,20
4800,Chh. Sambhaji Nagar,Latur,837,2023-24,ANM,"Bapurao Shelke Nursing School, Ahmedpur, Latur",20,11
4801,Chh. Sambhaji Nagar,Beed,838,2023-24,ANM,"Swaraj Indira Gandhi Nursing School, Patoda, Beed",20,0
4802,Chh. Sambhaji Nagar,Beed,839,2023-24,ANM,"Kalai Nursing School, Patoda, Beed",20,0
4803,Konkan,Ratnagiri,870,2023-24,ANM,"The Yash Foundations College of  Nursing  Medical Research Institute, Ratnagiri",30,24
4804,Nashik,Ahilyanagar,880,2023-24,ANM,"Praytna Nursing College, Ahmednagar",20,20
4805,Pune,Pune,898,2023-24,ANM,"Dhareshwar Institute of Nursing, Pune",40,17
4806,Amravati,Buldana,919,2023-24,ANM,VASANTPRABHA SCHOOL OF NURSING BULDHANA,40,0
4807,Nagpur,Nagpur,924,2023-24,ANM,"Shree Sai School of Nursing, Umrer, Nagpur",20,10
4808,Nagpur,Bhandara,935,2023-24,ANM,"Spandan Nursing School, Pauni, Bhandara",60,35
4809,Nagpur,Gondia,937,2023-24,ANM,"RADHABAI BAHEKAR SCHOOL OF NURSING,  GONDIA.",20,11
4810,Chh. Sambhaji Nagar,Beed,939,2023-24,ANM,"District Hospital, Beed",40,36
4811,Chh. Sambhaji Nagar,Chh. Sambhaji Nagar,942,2023-24,ANM,"Aurangabad Training School of Nursing,Shivajinagar, Aurangabad",20,14
4812,Chh. Sambhaji Nagar,Nanded,971,2023-24,ANM,"Marathwada Nursing School, Nanded",20,15
4813,Amravati,Yavatmal,1002,2023-24,ANM,"Devyani School of Nursing, Yavatmal",20,18
4814,Amravati,Buldana,1003,2023-24,ANM,"Dnyandeep Nursing School, Buldhana",20,13
4815,Chh. Sambhaji Nagar,Nanded,1005,2023-24,ANM,"Matoshri Nursing School, Nanded",20,20
4816,Konkan,Mumbai Suburban,1011,2023-24,ANM,"SMT. D.Y.SAWANT NURSING SCHOOL, BHANDUP",20,12
4817,Chh. Sambhaji Nagar,Nanded,1014,2023-24,ANM,"TIRUMALA ANM SCHOOL OF NURSING,HADGAON,NANDED",50,33
4818,Nashik,Ahilyanagar,1017,2023-24,ANM,"SHRIRAMPUR NURSING SCHOOL, SHRIAMPUR, AHMEDNAGAR",20,0
4819,Chh. Sambhaji Nagar,Chh. Sambhaji Nagar,1018,2023-24,ANM,"VAIJAPUR NURSING SCHOOL, AURANGABAD",20,17
4820,Chh. Sambhaji Nagar,Chh. Sambhaji Nagar,1019,2023-24,ANM,"WALUNJ NURSING SCHOOL,WALUNJ, AURANGABAD",20,6
4821,Chh. Sambhaji Nagar,Parbhani,1021,2023-24,ANM,"GENERAL HOSPITAL, PARBHANI",40,39
4822,Konkan,Thane,1022,2023-24,ANM,"SAKET GYANPEETH TRUST, THANE",20,20
4823,Konkan,Raigarh,1023,2023-24,ANM,"MANGAON EDUCATION TRUST, MANGAON, RAIGAD",20,17
4824,Nagpur,Gondia,1025,2023-24,ANM,"K.T.S. GENERAL HOSPITAL, GONDIA",40,40
4825,Chh. Sambhaji Nagar,Beed,1026,2023-24,ANM,"SOU RUKHMINI MANOHAR MACHALE  NURSING SCHOOL, BEED",20,7
4826,Chh. Sambhaji Nagar,Beed,1028,2023-24,ANM,"UNIQUE RANM NURSING SCHOOL, PARLI, BEED",20,16
4827,Chh. Sambhaji Nagar,Chh. Sambhaji Nagar,1029,2023-24,ANM,"MONICA NURSING SCHOOL, AURANGABAD",20,10
4828,Amravati,Akola,1030,2023-24,ANM,"MAA ANUSAYA SCHOOL OF NURSING, AKOLA",40,40
4829,Chh. Sambhaji Nagar,Jalna,1031,2023-24,ANM,"Sharda Nursing School,Jalna",20,16
4830,Chh. Sambhaji Nagar,Parbhani,1032,2023-24,ANM,"Aai Institute of Nursing, Parbhani",20,7
4831,Pune,Solapur,1033,2023-24,ANM,"Swami Samarth Nursing School,Solapur",20,16
4832,Konkan,Sindhudurg,1034,2023-24,ANM,"LATE MRS. ABOLI KULDEEP PEDNEKAR NURSING INSTITUTE, PINGULI, SINDHUDURG",20,2
4833,Chh. Sambhaji Nagar,Chh. Sambhaji Nagar,1035,2023-24,ANM,"CIVIL HOSPITAL, AMKHAS MAIDAN, AURANGABAD",40,39
4834,Chh. Sambhaji Nagar,Hingoli,1038,2023-24,ANM,"V.B.N. NURSING SCHOOL, HINGOLI",20,18
4835,Chh. Sambhaji Nagar,Parbhani,1039,2023-24,ANM,"BLESSING INSTITUTE OF NURSING, PARBHANI",20,20
4836,Nagpur,Nagpur,1040,2023-24,ANM,"INDIRA GANDHI SCHOOL OF NURSING,Golchha marg,sadar, NAGPUR",20,19
4837,Nagpur,Gondia,1041,2023-24,ANM,"ASHWINI NURSING TRAINING SCHOOL, GONDIA",20,0
4838,Amravati,Amravati,1043,2023-24,ANM,"ASHA NURSING SCHOOL, AMRAVATI",20,15
4839,Nagpur,Nagpur,1044,2023-24,ANM,"AVATAR MEHER BABA SCHOOL OF NURSING, NAGPUR",20,20
4840,Nagpur,Wardha,1045,2023-24,ANM,"MAHATMA GANDHI NURSING INSTITUTE, DEOLI, WARDHA",20,19
4841,Amravati,Amravati,1049,2023-24,ANM,"SARSWATI NURSING SCHOOL, DHAMANGAON, AMRAVATI",20,20
4842,Amravati,Washim,1050,2023-24,ANM,"GENERAL HOSPITAL, WASHIM",40,34
4843,Chh. Sambhaji Nagar,Beed,1051,2023-24,ANM,"DISTRICT HOSPITAL, SAWARGAON, AMBAJOGAI, BEED",40,40
4844,Pune,Solapur,1052,2023-24,ANM,"SMT. KAMALBEN PATEL INSTITUTE OF NURISNG, KUMBHARI, SOLAPUR",20,10
4845,Chh. Sambhaji Nagar,Chh. Sambhaji Nagar,1093,2023-24,ANM,"NEW NURSING SCHOOL, JAINPURA PAITHAN, AURANGABAD",20,0
4846,Nashik,Nashik,1099,2023-24,ANM,"Training college of Nursing, general hospital malegaon nashik",40,30
4847,Nashik,Nandurbar,1101,2023-24,ANM,"GENERAL HOSPITAL, NANDURBAR",40,40
4848,Amravati,Yavatmal,1102,2023-24,ANM,"GENERAL HOSPITAL, PUSAD, YAVATMAL",40,22
4849,Chh. Sambhaji Nagar,Hingoli,1103,2023-24,ANM,"GENERAL HOSPITAL, HINGOLI",40,30
4850,Amravati,Yavatmal,1106,2023-24,ANM,"Chintamani School of Nursing, Kalamb, Yavatmal",60,49
4851,Nagpur,Bhandara,1109,2023-24,ANM,"Smt. Shalinitai Meghe College of Nursing & Hospital, Bhilewada, Bhandara",60,27
4852,Nagpur,Nagpur,1110,2023-24,ANM,"Shri K.R.Pandav College of Nursing and Hospital, Nagpur",60,3
4853,Chh. Sambhaji Nagar,Latur,1114,2023-24,ANM,"KSPM's Jijamata Nursing School, Latur",60,7
4854,Chh. Sambhaji Nagar,Chh. Sambhaji Nagar,1115,2023-24,ANM,"Godavari Nursing School of ANM, Aurangabad",60,27
4855,Konkan,Palghar,1117,2023-24,ANM,"Shantai Nursing School, Palghar",60,60
4856,Nagpur,Bhandara,1120,2023-24,ANM,"Sanjeevani Nursing College, Sakoli, Bhandara",20,18
4857,Chh. Sambhaji Nagar,Parbhani,1127,2023-24,ANM,"DNYANAI INSTITUTE OF NURSING SCHOOL Karegaon, PARBHANI",40,0
4858,Nashik,Jalgaon,1128,2023-24,ANM,G.M Institute of Nursing Jamner,40,11
4859,Chh. Sambhaji Nagar,Nanded,1129,2023-24,ANM,Rajmudra ANM Nursing School Nanded,40,40
4860,Chh. Sambhaji Nagar,Parbhani,1130,2023-24,ANM,"Dnyanai Nursing School Karegaon,Parbhani",50,50
4861,Chh. Sambhaji Nagar,Hingoli,1132,2023-24,ANM,Indira Gandhi Nursing School Hingoli,60,60
4862,Pune,Kolhapur,1133,2023-24,ANM,Sharad College Of Nursing Ichalkaranji,40,40
4863,Chh. Sambhaji Nagar,Dharashiv,1137,2023-24,ANM,"INSTITUTE OF  NURSING, WASHI, OSMANABAD",20,1
4864,Chh. Sambhaji Nagar,Latur,1138,2023-24,ANM,"Mother Teresa RANM Nursing Institute Yeshwant Society,Udgir Latur",20,19
4865,Nashik,Nashik,1144,2023-24,ANM,"Jeevak School Of Nursing,Mhasrul Nashik",30,3
4866,Chh. Sambhaji Nagar,Jalna,1149,2023-24,ANM,A.M.D Institute Of Nursing Jalna,40,4
4867,Konkan,Raigarh,1154,2023-24,ANM,"Sara School Of Nursing Taloja,Navi Mumbai",20,0
4868,Nagpur,Nagpur,1155,2023-24,ANM,"Smt. Rajkamal Tidke Institute of Nursing Mouda, Nagpur",40,10
4869,Nashik,Nashik,1157,2023-24,ANM,"SHREYA NURSING SCHOOL, KALWAN, NASHIK",60,36
4870,Nagpur,Chandrapur,1158,2023-24,ANM,"Meerabai Kamble  Nursing College Bramhapuri, Chandrapur",60,31
4871,Amravati,Amravati,1162,2023-24,ANM,"Gurukul Nursing Institute, Daryapur Amravati",40,36
4872,Nagpur,Gadchiroli,1164,2023-24,ANM,"SAVITRIBAI FULE ANM NURSING SCHOOL, MEDHHA GADCHIROLI",60,60
4873,Konkan,Thane,1169,2023-24,ANM,"ARYAVEER INSTITUTE OF NURSING,MURBAD THANE",40,39
4874,Nashik,Jalgaon,1170,2023-24,ANM,"MEDILINE INSTITUTE OF NURSING,KUSUMBA,JALGAON",40,18
4875,Konkan,Palghar,1184,2023-24,ANM,"PRAJAPATI COLLEGE OF NURSING,KUDUS, PALGHAR",50,39
4876,Pune,Solapur,1186,2023-24,ANM,"SHRIRAM INSTITUTE OF NURSING, PANIV",60,37
4877,Chh. Sambhaji Nagar,Jalna,1189,2023-24,ANM,"JAY AMBE SCHOOL OF NURSING, AMBAD ROAD JALNA",40,31
4878,Amravati,Akola,1192,2023-24,ANM,"MAHATMA PHULE NURSING SCHOOL ANM BABHULGAON, AKOLA",60,41
4879,Chh. Sambhaji Nagar,Hingoli,1194,2023-24,ANM,"BHAGWANBABA SCHOOL OF NURSING, KOTHLAJ, HINGOLI",40,35
4880,Chh. Sambhaji Nagar,Hingoli,1195,2023-24,ANM,"SUBHADRA NURSING SCHOOL, KALAMNURI, HINGOLI",40,37
4881,Nashik,Ahilyanagar,1196,2023-24,ANM,"SURYA NURSING COLLEGE A.N.M, SANGAMNER, AHMEDNAGAR",60,19
4882,Konkan,Thane,1207,2023-24,ANM,"SMT. VIMALADEVI KHYALILAL VAGHARECHA COLLEGE OF NURSING EDUCATION, MAJIWADA, THANE",60,0
4883,Nashik,Dhule,1214,2023-24,ANM,"Shree Sai College of Nursing, Mhasadi, Pimpalner, Sakri, Dhule",40,39
4884,Konkan,Palghar,1215,2023-24,ANM,"Ideal Institute of Nursing, Wada Palghar",60,0
4885,Chh. Sambhaji Nagar,Latur,1216,2023-24,ANM,"Shifa Institute of Nursing College Ausa,Latur",20,15
4886,Chh. Sambhaji Nagar,Jalna,1219,2023-24,ANM,"Raje Chhatrapati Paramedical and Nursing College Mahora, Jafrabad Jalna",60,47
4887,Amravati,Akola,1222,2023-24,ANM,"Late Pandurang patil Nursing School, Kanheri Barshi Takli, Akola",40,0
4888,Amravati,Washim,1223,2023-24,ANM,"Sanmati Nursing school, Sawargaon Barde, Washim",40,21
4889,Chh. Sambhaji Nagar,Nanded,1226,2023-24,ANM,"Mauli Nursing School Taroda, Nanded",40,40
4890,Nagpur,Chandrapur,1228,2023-24,ANM,"Navjeevan Nursing School, Chandrapur",40,27
4891,Chh. Sambhaji Nagar,Chh. Sambhaji Nagar,1229,2023-24,ANM,"Shri. Sai Nursing School RANM Wadgaon, Aurangabad",20,19
4892,Chh. Sambhaji Nagar,Nanded,1232,2023-24,ANM,"Swami Vivekanand Nursing A.N.M. College, Cidco Nanded",40,40
4893,Nashik,Jalgaon,1234,2023-24,ANM,"Dr. Ketki Patil School of Nursing, Jalgaon",20,9
4894,Konkan,Thane,1241,2023-24,ANM,"SHILP BHARAT COLLEGE OF NURSING, KASARVADAVLI, THANE",40,20
4895,Nashik,Nandurbar,1243,2023-24,ANM,"Shri. Swami Samarth Nursing College, Nandurbar",40,21
4896,Konkan,Thane,1251,2023-24,ANM,"A.V.G. INSTITUTE OF NURSING EDUCATION, THANE",30,0
4897,Nashik,Nandurbar,1252,2023-24,ANM,"SANTOSHI MATA SCHOOL OF NURSING, NANDURBAR",20,17
4898,Nashik,Ahilyanagar,1254,2023-24,ANM,"RASHTRASANT JANARDHAN SWAMI COLLEGE OF NURSING TAL. KOPARGAON, AHMEDNAGAR",60,0
4899,Konkan,Palghar,1258,2023-24,ANM,"VEDANTAA INSTITUTE OF NURSING MEDICAL SCIENCES, SASWANDGAON, TAL. DAHANU, DIST. PALGHAR",60,2
4900,Nagpur,Gondia,1260,2023-24,ANM,"SHREE DATTA NURSING SCHOOL, TAL. AMGAON, DIST. GONDIA",40,20
4901,Nagpur,Nagpur,1268,2023-24,ANM,"SHRI SAIBABA COLLEGE OF NURSING, NAGPUR",50,0
4902,Pune,Kolhapur,1269,2023-24,ANM,"SAI INSTITUTE OF NURSING, TAL. GADHINGLAJ, DIST. KOLHAPUR",50,0
4903,Pune,Solapur,1271,2023-24,ANM,"RASHTRAMATA JIJAU NURSING COLLEGE BHANDISHEGAON, TAL. PANDHARPUR, DIST. SOLAPUR",40,15
4904,Konkan,Ratnagiri,1276,2023-24,ANM,MAHARSHI KARVE STREE SHIKSHAN SAMSTHA'S COLLEGE OF NURSING RATNAGIRI,20,8
4905,Chh. Sambhaji Nagar,Beed,1280,2023-24,ANM,"MOTHER TERESA SCHOOL OF NURSING , BEED",40,18
4906,Nashik,Nashik,1284,2023-24,ANM,"SAI SIDDHI SCHOOL OF NURSING, YEOLA, NASHIK",40,11
4907,Pune,Pune,1286,2023-24,ANM,"SHINE NURSING SCHOOL, HAVELI, PUNE",60,0
4908,Pune,Sangli,1289,2023-24,ANM,"UJWALA SCHOOL OF NURSING, SANGLI",40,7
4909,Amravati,Amravati,1293,2023-24,ANM,"VIDYABHARATI COLLEGE OF NURSING, SHIVANGAON, Tal. TEOSA, DIST. AMRAVATI",20,20
4910,Konkan,Thane,1295,2023-24,ANM,"SAI CARE NURSING SCHOOL, TAL. SHAHAPUR, DIST. THANE",50,16
4911,Chh. Sambhaji Nagar,Latur,1299,2023-24,ANM,"RENAISSANCE SCHOOL OF NURSING, DIST. LATUR",40,0
4912,Chh. Sambhaji Nagar,Latur,1302,2023-24,ANM,"SMT. KALPANATAI PATIL NURSING COLLEGE, DEONI, UDGIR, LATUR",30,0
4913,Nagpur,Gadchiroli,1309,2023-24,ANM,"Dr. Arun Motghare Nursing School, Desaiganj, Gadchiroli",40,0
4914,Konkan,Thane,4,2023-24,GNM,"V. S. GENERAL HOSPITAL, THANE",40,40
4915,Konkan,Raigarh,6,2023-24,GNM,"GENERAL HOSPITAL,  ALIBAG",40,40
4916,Konkan,Ratnagiri,7,2023-24,GNM,"GENERAL HOSPITAL, RATNAGIRI",40,39
4917,Nashik,Nashik,8,2023-24,GNM,"GENERAL HOSPITAL, NASIK",40,40
4918,Nashik,Jalgaon,10,2023-24,GNM,"GENERAL HOSPITAL,  JALGAON",40,40
4919,Nashik,Nashik,12,2023-24,GNM,GANPATRAO ADKE INE.  NASIK,60,58
4920,Nashik,Nashik,13,2023-24,GNM,"NASIK MEDICO TRAINING COLLEGE OF NURSING, NASIK",40,39
4921,Konkan,Ratnagiri,14,2023-24,GNM,"RAMRAJE SCH. NSG, RCON DAPOLI, RATNAGIRI",40,38
4922,Konkan,Raigarh,16,2023-24,GNM,"NOOTAN SCHOOL OF NURSING, RAIGAD",40,40
4923,Konkan,Raigarh,26,2023-24,GNM,"KALAVATI INSTITUTE OF NURSING EDUCATION,  AIROLI NAVI MUMBAI",40,32
4924,Konkan,Ratnagiri,29,2023-24,GNM,"PARKAR MEDICAL FOUNDATION SCHOOL OF NURSING, RATNAGIRI",20,20
4925,Nashik,Nashik,33,2023-24,GNM,"NAMCO SCHOOL OF NURSING, NASIK",40,40
4926,Konkan,Sindhudurg,35,2023-24,GNM,"SHREE ANANT SMRUTI SCHOOL OF NURSING, KASAL",60,49
4927,Konkan,Sindhudurg,36,2023-24,GNM,"IDEAL NURSING SCHOOL, KANKAVALI, SINDHUDURG",20,15
4928,Nashik,Nashik,38,2023-24,GNM,"NASHIK NURSING SCHOOL, NASHIK",60,60
4929,Nashik,Ahilyanagar,39,2023-24,GNM,"GENERAL HOSPITAL,AHMEDNAGAR",40,40
4930,Pune,Satara,40,2023-24,GNM,"GENERAL HOSPITAL, SATARA",40,38
4931,Pune,Kolhapur,41,2023-24,GNM,"C.P.R. GENERAL HOSPITAL, KOLHAPUR",20,20
4932,Pune,Solapur,42,2023-24,GNM,"DHANRAJGIRIJI HOSPITAL,  SOLAPUR",20,20
4933,Nashik,Ahilyanagar,51,2023-24,GNM,KRANTI SCHOOL OF NURSING  AHMEDNAGAR,40,40
4934,Pune,Kolhapur,53,2023-24,GNM,"DR. J. J. MAGDUM SON, SHIROL, KOLHAPUR",40,40
4935,Pune,Solapur,54,2023-24,GNM,"ASHWINI SAHAKARI SON,  SOLAPUR",30,30
4936,Pune,Pune,62,2023-24,GNM,"Sevadham Trust A.S.M.T. SON, MAVAL, PUNE,",20,20
4937,Pune,Solapur,64,2023-24,GNM,"SHIVAJI SHIKSHAN PRASARAK MANDALS, SON, BARSHI, SOLAPUR",20,19
4938,Pune,Pune,65,2023-24,GNM,"ANAND MEDICAL FOUNDATION, SON, KURULI, KHED, PUNE",50,43
4939,Pune,Sangli,66,2023-24,GNM,"KAMAL INSTITUTE OF NURSING EDUCATION, JATH, SANGLI",20,20
4940,Pune,Sangli,72,2023-24,GNM,"UMA INST. OF NURSING EDUCATION, SANGLI",60,60
4941,Nashik,Ahilyanagar,73,2023-24,GNM,"SEVA NURSING SCHOOL, AHMEDNAGAR",80,80
4942,Pune,Kolhapur,74,2023-24,GNM,"KEDARI REDEKAR  NURSING SCHOOL, GADHINGLAJ, KOLHAPUR",50,41
4943,Pune,Sangli,82,2023-24,GNM,"KULLOLLI CH.TRUSTS, SCHOOL OF NURSING, MIRAJ, SANGLI",40,34
4944,Pune,Kolhapur,89,2023-24,GNM,"Y.D. MANE SCHOOL OF NURSING, KAGAL, KOLHAPUR",40,24
4945,Pune,Satara,90,2023-24,GNM,"PHALTAN EDUCATION SOCIETY, SCHOOL OF NURSING, PHALTAN ,SATARA",80,79
4946,Pune,Satara,91,2023-24,GNM,"KANISHKA CHARITABLE TRUSTS, SCHOOL OF NURSING ,SATARA",40,35
4947,Nagpur,Wardha,101,2023-24,GNM,"FLORENCE NIGHTINGALE TRAINING COLLEGE OF NURSING,WARDHA.",100,100
4948,Amravati,Amravati,107,2023-24,GNM,"DIST.HOSPITAL FOR WOMEN , AMRAVATI",40,40
4949,Nagpur,Chandrapur,109,2023-24,GNM,"GENERAL HOSPITAL,CHANDRAPUR",40,40
4950,Nagpur,Bhandara,112,2023-24,GNM,"GENERAL HOSPITAL, BHANDARA",40,39
4951,Nagpur,Gadchiroli,113,2023-24,GNM,GENERAL HOSPITAL  GADCHIROLI,40,40
4952,Amravati,Yavatmal,115,2023-24,GNM,"HELEN ROSE SCHOOL OF NURSING UMRI, YAVATMAL",20,20
4953,Amravati,Amravati,116,2023-24,GNM,"MAA GAYATRI SCHOOL OF NURSING, ACHALPUR, AMRAVATI",40,39
4954,Amravati,Akola,118,2023-24,GNM,"INSTITUTE OF NURSING EDUCATION & RESEARCH, AKOLA",60,57
4955,Amravati,Yavatmal,119,2023-24,GNM,"SUMITRABAI THAKARE TRAINING COLLEGE OF NURSING, YAVATMAL",60,60
4956,Amravati,Akola,122,2023-24,GNM,"NATIONAL SCHOOL OF NURSING , AKOLA",40,39
4957,Nagpur,Nagpur,123,2023-24,GNM,"TIRPUDE NURSING TRAINING SCHOOL, NAGPUR",40,40
4958,Amravati,Washim,124,2023-24,GNM,"MAA GANGA NURSING SCHOOL, WASHIM",40,40
4959,Nagpur,Bhandara,126,2023-24,GNM,"SMT. K. N. PATEL  SCHOOL OF NURSING, BHANDARA",40,40
4960,Nagpur,Chandrapur,130,2023-24,GNM,"KALYAN INSTITUTE OF NURSING EDUCATION, RAJURA, CHANDRAPUR",40,40
4961,Nagpur,Chandrapur,131,2023-24,GNM,"PRABHADEVI NURSING SCHOOL, CHANDRAPUR",50,48
4962,Amravati,Yavatmal,136,2023-24,GNM,"MUNGASAJI MAHARAJ NURSING SCHOOL, YAVATMAL",60,60
4963,Amravati,Yavatmal,138,2023-24,GNM,DR. ARCHANATAI GADE PATIL SCHOOL OF NURSING LOHARA YAVATMAL,40,40
4964,Amravati,Amravati,146,2023-24,GNM,DR. PANJABRAO DESHMUKH INST. OF NSG. AMRAVATI,50,49
4965,Nagpur,Wardha,149,2023-24,GNM,"SHALOM SCHOOL OF NURSING, WARDHA",20,20
4966,Nagpur,Wardha,151,2023-24,GNM,"KASABAI SCHOOL OF NURSING, SEVAGRAM,WARDHA",50,50
4967,Chh. Sambhaji Nagar,Nanded,158,2023-24,GNM,"SHRI GURU GOVINDSINGHJI MEMORIAL HOSPITAL, SON, NANDED",40,40
4968,Chh. Sambhaji Nagar,Dharashiv,161,2023-24,GNM,"GENERAL HOSPITAL, SON, OSMANABAD",40,40
4969,Chh. Sambhaji Nagar,Beed,164,2023-24,GNM,"VITHAI HOSPITAL AND RESEARCH CENTRE, SON, BEED",60,60
4970,Chh. Sambhaji Nagar,Chh. Sambhaji Nagar,168,2023-24,GNM,"SHRI DHANESHWARI MANAV VIKAS MANDAL,  AURANGABAD",60,60
4971,Chh. Sambhaji Nagar,Jalna,169,2023-24,GNM,"SHRI SAI  INSTITUE OF NURSING, JALNA",60,59
4972,Chh. Sambhaji Nagar,Parbhani,170,2023-24,GNM,"MAULI INSTITUTE OF NURSING, PARBHANI",40,40
4973,Konkan,Mumbai City,175,2023-24,GNM,"G.T. HOSPITAL, MUMBAI",25,25
4974,Konkan,Mumbai City,177,2023-24,GNM,"ST. GEORGES HOSPITAL, MUMBAI",20,20
4975,Konkan,Mumbai City,178,2023-24,GNM,"B.Y.L.NAIR CHA. HOSP, MUMBAI",100,98
4976,Konkan,Mumbai City,179,2023-24,GNM,"K.E.M. HOSPITAL , MUMBAI",100,98
4977,Konkan,Mumbai Suburban,180,2023-24,GNM,"L.T.M.G.HOSPITAL, SION, MUMBAI",100,91
4978,Konkan,Mumbai City,181,2023-24,GNM,"M.G.M.HOSPITAL, PAREL , MUMBAI",20,20
4979,Konkan,Mumbai Suburban,186,2023-24,GNM,"HARILAL BHAGWATI MUNCIPAL GEN.HOSPITAL, SON, BORIVALI , MUMBAI",20,19
4980,Konkan,Mumbai City,187,2023-24,GNM,"DR.R.N.COOPER HOSPITAL, SON, MUMBAI",30,29
4981,Konkan,Mumbai City,188,2023-24,GNM,"K.J.SOMAIYA HOSPITAL  RES. CENTRE, SON, SION , MUMBAI",40,39
4982,Konkan,Mumbai Suburban,189,2023-24,GNM,"HOLY SPIRIT HOSPITAL , ANDHERI , MUMBAI",30,28
4983,Konkan,Mumbai Suburban,191,2023-24,GNM,"GURU NANAK HOSPITAL, SON, BANDRA , MUMBAI",20,20
4984,Konkan,Mumbai Suburban,192,2023-24,GNM,"HOLY FAMILY INSTITUTE OF NURSING EDU., KURLA, MUMBAI",60,59
4985,Konkan,Thane,193,2023-24,GNM,"SAU.MINATAI THAKARE INSTITUTE OF NURSING EDUCATION ,THANE",30,30
4986,Konkan,Thane,194,2023-24,GNM,"UDAY GER SCHOOL OF NURSING, VASAI, THANE",25,24
4987,Konkan,Raigarh,195,2023-24,GNM,"MGMS FLORENCE NIGHTINGALE INSTITUTE OF NSG EDU., NAVI MUMBAI",30,30
4988,Nashik,Nashik,196,2023-24,GNM,"N.D.M.V.P.SAMAJS SCHOOL OF NSG., NASIK",60,60
4989,Nashik,Nashik,197,2023-24,GNM,"GOKHALE EDUCATION SOCIETY , SON, VIDYANAGAR , NASIK",50,37
4990,Nashik,Dhule,198,2023-24,GNM,"JAWAHAR MED.FOUNDATION, SON , DHULE",60,52
4991,Konkan,Sindhudurg,199,2023-24,GNM,"MANAV SADHAN VIKAS SANSTHA, SON, KUDAL, SINDHUDURG",60,56
4992,Konkan,Thane,201,2023-24,GNM,"INSTITUTE  OF  NURSING  EDUCATION , DOMBIVALI",60,48
4993,Nashik,Nashik,203,2023-24,GNM,"GLOBAL HEALTH CARE INSTITUTE , COLLEGE OF NURSING , NASHIK",60,60
4994,Konkan,Thane,204,2023-24,GNM,"ROSALIND S. TETON SCHOOL OF NURSING, BHAKTI VEDANTA HOSPITAL, MIRAROAD, THANE",20,20
4995,Konkan,Raigarh,205,2023-24,GNM,"YERALA MEDICAL TRUST  RESEARCH CENTRE, SCHOOL OF NURSING , KHARGHAR",100,100
4996,Nashik,Nashik,206,2023-24,GNM,"SAHYADRI SEVA SANSTHA , INSTITUTE OF NURSING , NASIK",60,60
4997,Nashik,Nandurbar,207,2023-24,GNM,"DEOMOGRA FOUNDATION TRUST , NANDURBAR",50,50
4998,Konkan,Raigarh,208,2023-24,GNM,"PRABHAKAR PATIL INSTITUTE OF NURSING EDUCATION, PEN",20,0
4999,Pune,Pune,210,2023-24,GNM,"K.E.M. HOSPITAL , PUNE",20,20
5000,Pune,Pune,211,2023-24,GNM,"POONA HOSPITAL  RESEARCH CENTRE, SON, PUNE",40,35
5001,Nashik,Ahilyanagar,212,2023-24,GNM,"E.BOOTH HOSPITAL, AHMEDNAGAR",20,16
5002,Nashik,Ahilyanagar,213,2023-24,GNM,"ST.LUKES HOSPITAL, SHRIRAMPUR,   AHMEDNAGAR",25,25
5003,Nashik,Ahilyanagar,214,2023-24,GNM,"PRAVARA MED. TRUST, COLLEGE OF NURSING, LONI, AHMEDNAGAR",100,99
5004,Pune,Satara,215,2023-24,GNM,"KRISHNA HOSPITAL  MEDICAL RESEARCH CENTER , KARAD, SATARA",60,60
5005,Pune,Sangli,216,2023-24,GNM,"WANLESS HOSPITAL COLLEGE OF NURSING, MIRAJ , DIST SANGLI",40,39
5006,Pune,Sangli,217,2023-24,GNM,"GENERAL HOSPITAL, SANGLI",20,20
5007,Pune,Solapur,218,2023-24,GNM,"GENERAL HOSPITAL, SOLAPUR",20,20
5008,Pune,Pune,220,2023-24,GNM,"DR. D.Y. PATIL INST OF NURSING EDU , PIMPRI ,PUNE",90,86
5009,Pune,Pune,221,2023-24,GNM,"Maharshi Karve Stree Shikshan Sanstha SMT BAKUL TAMBAT INSTITUTE OF NURSING EDUCATION, KARVE NAGAR PUNE",80,78
5010,Pune,Pune,222,2023-24,GNM,"BHAUSAHEB SARDESAI SCHOOL OF NURSING , TALEGAON GENERAL HOSPITAL , PUNE",20,20
5011,Pune,Pune,223,2023-24,GNM,"BHARATI VIDYAPEETH COLLEGE OF NURSING , PUNE",50,50
5012,Nashik,Ahilyanagar,224,2023-24,GNM,"SHRI VIVEKANAND SCHOOL OF NURSING , RAHURI , AHMEDNAGAR",60,59
5013,Pune,Kolhapur,225,2023-24,GNM,"DR. D.Y.PATIL INSTITUTE OF NURSING EDUCATION , KOLHAPUR",30,30
5014,Pune,Pune,226,2023-24,GNM,"DWARIKA SANGAMNER INSTITUTE OF NURSING EDUCATION, PUNE",20,20
5015,Pune,Pune,227,2023-24,GNM,"N.M. WADIA HOSPITAL, SCHOOL OF NURSING, PUNE",20,20
5016,Pune,Sangli,228,2023-24,GNM,"LOKNETE RAJARAMBAPU PATIL , TRG. COLL. OF NURSING , ISLAMPUR, WALWA, SANGLI",30,26
5017,Pune,Sangli,230,2023-24,GNM,"KASEGAON EDUCATION SOCIETY, SCHOOL OF NURSING, ISLAMPUR, SANGLI",60,60
5018,Pune,Pune,231,2023-24,GNM,"C Y DANGAT PATIL SHIKSHAN AND KRIDA MANDAL, SCHOOL OF NURSING , PUNE",20,20
5019,Pune,Pune,232,2023-24,GNM,"GIRIRAJ SCHOOL OF NURSING , BARAMATI",60,59
5020,Pune,Satara,233,2023-24,GNM,"LATE NARAYANDAS BHAWANGDAS CHHABADA TRAINING COLLEGE OF NURSING, SATARA",50,50
5021,Nashik,Ahilyanagar,234,2023-24,GNM,"ANAND RISHIJI HOSPITAL  MEDICA RES CENTRE, SON, AHMEDNAGAR",40,32
5022,Nashik,Ahilyanagar,235,2023-24,GNM,"PAD DR. V. VIKHE PATIL INSTITUTE OF NURSING EDUCATION, AHMEDNAGAR",80,80
5023,Pune,Sangli,236,2023-24,GNM,"MARY BHORE GENERAL NURSING SCHOOL , MIRAJ",50,49
5024,Pune,Sangli,238,2023-24,GNM,"GULABRAO PATIL INSTITUTE OF NURSING SCIENCES, MIRAJ, SANGLI",60,60
5025,Pune,Pune,239,2023-24,GNM,"SUSHRUSHA NURSING SCHOOL, DAUND , PUNE",50,36
5026,Pune,Satara,240,2023-24,GNM,"W.F.P.M., SCHOOL OF NURSING,  WAI, SATARA",30,29
5027,Pune,Solapur,241,2023-24,GNM,"SAHARA INSTITUTE OF NURSING EDUCATION, AKLUJ , SOLAPUR",20,20
5028,Nagpur,Nagpur,244,2023-24,GNM,"INDIRA GANDHI MEDICAL COLLEGE  HOSPITAL, NAGPUR",40,27
5029,Nagpur,Nagpur,245,2023-24,GNM,"MURE MEMORIAL HOSPITAL SCHOOL OF NURSING, NAGPUR",30,28
5030,Nagpur,Nagpur,246,2023-24,GNM,"MADHURIBAI DESHMUKH INST.OF NSG.EDU., NAGPUR",100,100
5031,Nagpur,Wardha,247,2023-24,GNM,"KASTURBA HEALTH SOCIETY, SEVAGRAM, WARDHA",40,39
5032,Amravati,Amravati,248,2023-24,GNM,"GENERAL HOSPITAL, AMRAVATI",40,40
5033,Amravati,Akola,249,2023-24,GNM,"GENERAL  HOSPITAL, AKOLA",40,20
5034,Nagpur,Nagpur,251,2023-24,GNM,"SURETECH COLLEGE OF NURSING, NAGPUR",60,59
5035,Nagpur,Gadchiroli,253,2023-24,GNM,"DR. SALVE NURSING INSTITUTE  COLLEGE , GADCHIROLI",60,31
5036,Amravati,Buldana,254,2023-24,GNM,"MOTHER TERESA SCHOOL OF NURSING , BULDANA",60,50
5037,Amravati,Yavatmal,255,2023-24,GNM,"SAKSHI DESHMUKH INST OF NURSING , LOHARA , YAVATMAL",40,36
5038,Amravati,Yavatmal,256,2023-24,GNM,"PRUTHVIRAJ DESHMUKH NURSING INSTITUTE, LOHARA, YAVATMAL",40,36
5039,Chh. Sambhaji Nagar,Chh. Sambhaji Nagar,259,2023-24,GNM,"MAHATMA GANDHI MISSION INSTITUTE OF NURSING EDUCATION, AURANGABAD",100,99
5040,Chh. Sambhaji Nagar,Jalna,260,2023-24,GNM,"JALNA MISSION HOSPITAL, JALNA",20,20
5041,Chh. Sambhaji Nagar,Latur,262,2023-24,GNM,"GENERAL HOSPITAL, LATUR",20,20
5042,Chh. Sambhaji Nagar,Beed,263,2023-24,GNM,"SHRI SWAMI VIVEKANAND SCHOOL OF NURSING, BEED",60,60
5043,Chh. Sambhaji Nagar,Latur,264,2023-24,GNM,"SANT TUKARM INSTITUTE OF NURSING EDUCATION, AHMEDPUR, LATUR",60,60
5044,Chh. Sambhaji Nagar,Parbhani,265,2023-24,GNM,"INSTITUTE OF NURSING, PARBHANI",40,40
5045,Nagpur,Nagpur,267,2023-24,GNM,"ASHARAM SCHOOL OF NURSING , NAGPUR",60,56
5046,Chh. Sambhaji Nagar,Dharashiv,271,2023-24,GNM,"INDIRA GANDHI NURSING SCHOOL, OSMANABAD",30,28
5047,Nashik,Ahilyanagar,278,2023-24,GNM,"PARVATIBAI MHASKE INSTITUTE OF NURSING, AHMEDNAGAR",60,56
5048,Konkan,Ratnagiri,281,2023-24,GNM,"SAMARTH INSTITUTE OF NURSING EDUCATION, DERVAN",60,60
5049,Nashik,Ahilyanagar,282,2023-24,GNM,"MAHARASHTRA HOMOEOPATHIC FOUNDATIONS SCHOOL OF NURSING , PATHAR ,  AHMEDNAGAR",80,80
5050,Chh. Sambhaji Nagar,Jalna,283,2023-24,GNM,"VASANTRAO NAIK SHIKSHAN PRASARAK MANDAL, JALNA",60,45
5051,Amravati,Buldana,300,2023-24,GNM,"ANANDI NURSING INSTITUTE  COLLEGE , BULDANA",20,11
5052,Pune,Satara,303,2023-24,GNM,"APARNA INST. OF NURSING EDUCATION , KARAD",30,30
5053,Pune,Satara,306,2023-24,GNM,"SANJEEVAN MEDICAL COLLEGE OF NURSING , SATARA",40,40
5054,Chh. Sambhaji Nagar,Beed,308,2023-24,GNM,"YASHWANT NURSING SCHOOL, ASHTI, BEED",40,40
5055,Pune,Pune,318,2023-24,GNM,"SHARDABAI PAWAR INSTITUTE OF NURSING, PUNE",60,59
5056,Nashik,Jalgaon,323,2023-24,GNM,"GODAVARI COLLEGE OF  NURSING , JALGAON",100,100
5057,Nagpur,Wardha,331,2023-24,GNM,SARASWATI NURSING SCHOOL GUNJKHEDA WARDHA,60,60
5058,Chh. Sambhaji Nagar,Latur,335,2023-24,GNM,"G.B .PATIL SCHOOL OF NURSING, UDGIR, LATUR",60,60
5059,Chh. Sambhaji Nagar,Latur,336,2023-24,GNM,"SHRI BHAGWAN NURSING SCHOOL, LATUR",20,19
5060,Nashik,Ahilyanagar,342,2023-24,GNM,"SAI NURSING INSTITUTE , RAHATA, AHMEDNAGAR",60,52
5061,Chh. Sambhaji Nagar,Latur,351,2023-24,GNM,"MAHARASHTRA COLLEGE OF NURSING, KAVA, LATUR",45,41
5062,Konkan,Ratnagiri,352,2023-24,GNM,M.E.S SCHOOL OF NURSING KHED RATNAGIRI,40,39
5063,Chh. Sambhaji Nagar,Latur,356,2023-24,GNM,"NAVJEEVAN CHARITABLE TRUST, LATUR",60,60
5064,Amravati,Buldana,359,2023-24,GNM,"HARSH SCHOOL OF NURSING, KHAMGAON, BULDANA",60,60
5065,Nagpur,Gadchiroli,360,2023-24,GNM,"NAVJEEVAN NURSING SCHOOL, CHAMORSHI, GADCHIROLI",40,35
5066,Konkan,Sindhudurg,362,2023-24,GNM,"BR. NATH PAI INSTITUTE OF NURSING, PINGULI, SINDHUDURGA",60,57
5067,Nashik,Jalgaon,368,2023-24,GNM,"DADASAHEB DR. SURESH G. PATIL COLLEGE OF NURSING , CHOPDA , JALGAON",30,30
5068,Nagpur,Bhandara,378,2023-24,GNM,"POOJA NURSING INSTITUTE , BHANDARA",60,60
5069,Chh. Sambhaji Nagar,Beed,387,2023-24,GNM,"POOJA NURSING SCHOOL, PARALI-VAIJNATH, BEED",20,0
5070,Pune,Pune,393,2023-24,GNM,"JAY INSTITUTE OF NURSING , INDAPUR , PUNE",60,59
5071,Konkan,Sindhudurg,400,2023-24,GNM,"GENERAL HOSPITAL,  SINDHUDURG",40,39
5072,Chh. Sambhaji Nagar,Beed,401,2023-24,GNM,"VAIDYANATH NURSING SCHOOL, ,PARALIVAIJNATH, BEED",50,46
5073,Chh. Sambhaji Nagar,Latur,408,2023-24,GNM,"MAHARASHTRA INSTITUTE OF MED. SCI  RE. NSG, LATUR",40,38
5074,Amravati,Yavatmal,410,2023-24,GNM,"SHRI VINAYAKRAOBAPU DESHMUKH NURSING SCHOOL , SAWARGAON , YAVATMAL",60,59
5075,Chh. Sambhaji Nagar,Beed,412,2023-24,GNM,"JIJAMATA SCHOOL OF NURSING, MAJALGAON, BEED",60,54
5076,Chh. Sambhaji Nagar,Chh. Sambhaji Nagar,415,2023-24,GNM,"AURANGABAD NURSING SCHOOL, BHALGAON, AURANGABAD",60,60
5077,Pune,Kolhapur,428,2023-24,GNM,"SHRI BHAIRAVNATH NURSING SCHOOL , ICHALKARANJI  , KOLHAPUR",40,40
5078,Pune,Pune,430,2023-24,GNM,"GURURAJ SCHOOL OF NURSING , PUNE",20,20
5079,Konkan,Raigarh,444,2023-24,GNM,"DR. D. Y. PATIL INSTITUTE OF NURSING EDUCATION, NAVI MUMBAI",20,20
5080,Chh. Sambhaji Nagar,Jalna,446,2023-24,GNM,"GENERAL HOSPITAL, JALANA",40,38
5081,Chh. Sambhaji Nagar,Parbhani,477,2023-24,GNM,"BELESHWAR INSTITUTE OF NURSING, PARBHANI",30,30
5082,Pune,Kolhapur,481,2023-24,GNM,"SAVITRIBAI PHULE COLLEGE OF NURSING, KOLHAPUR",60,60
5083,Konkan,Thane,484,2023-24,GNM,"NAVJEEVAN SCHOOL OF NURSING, SHAHAPUR, THANE",20,20
5084,Konkan,Raigarh,486,2023-24,GNM,"PRATIBHA SCHOOL OF NURSING, KOPERKHAIRANE, NAVI MUMBAI",70,70
5085,Chh. Sambhaji Nagar,Chh. Sambhaji Nagar,490,2023-24,GNM,"Manik Nursing School, Garkhed, Aurangabad",20,20
5086,Chh. Sambhaji Nagar,Latur,492,2023-24,GNM,"New Vision School of Nursing, Latur",60,60
5087,Chh. Sambhaji Nagar,Beed,493,2023-24,GNM,MAULI NURSING SCHOOL BARSHI ROAD BEED,60,60
5088,Chh. Sambhaji Nagar,Beed,495,2023-24,GNM,"ANKITA DOUND INSTITUTE OF NURSING SCHOOL, AMBAJOGAI, BEED",40,30
5089,Nashik,Nashik,497,2023-24,GNM,"SWAMI VIVEKANAND SANSTHA, MALEGAON, NASHIK",20,19
5090,Pune,Sangli,501,2023-24,GNM,"CHINGUAAI INSTITUTE OF NURSING EDUCATION, KAVATHE MAHANKAL, SANGLI",20,19
5091,Nashik,Ahilyanagar,506,2023-24,GNM,"KOPERGAON TALUKA VIDYARTHI SAHAYYAK SCHOOL OF NURSING,KOPERGAON",60,60
5092,Amravati,Yavatmal,514,2023-24,GNM,"Sanjeevan Nursing School, Yavatmal,",60,59
5093,Nashik,Ahilyanagar,524,2023-24,GNM,"SHREE SAI NURSING SCHOOL, JAMKHED, AHMEDNAGAR",60,13
5094,Pune,Sangli,526,2023-24,GNM,"VIDYA SAGAR NURSING SCHOOL, SANGLI",50,47
5095,Nashik,Nashik,541,2023-24,GNM,"KALWAN NURSING SCHOOL, KALWAN, NASHIK",60,60
5096,Nashik,Nashik,542,2023-24,GNM,"DINDORI SCHOOL OF NURSING, DINDORI, NASHIK",60,59
5097,Nashik,Nashik,543,2023-24,GNM,"YEOLA SCHOOL OF NURSING, YEOLA, NASHIK",60,59
5098,Chh. Sambhaji Nagar,Chh. Sambhaji Nagar,545,2023-24,GNM,"Yeshwant Institute of Nursing, Paithan Road, Aurangabad",20,19
5099,Chh. Sambhaji Nagar,Latur,546,2023-24,GNM,"SWAMI VIVEKANAND SCHOOL OF NURSING, UDGIR, LATUR",20,19
5100,Nagpur,Gondia,552,2023-24,GNM,"S. CHANDRA SCHOOL OF NURSING, ARJUNI GONDIA",20,17
5101,Nagpur,Wardha,557,2023-24,GNM,"Sunita Nursing School, Tal  Shelu, Wardha",60,58
5102,Pune,Solapur,562,2023-24,GNM,"YASHODHARA NURSING INSTITUTE, SOLAPUR",20,17
5103,Chh. Sambhaji Nagar,Beed,564,2023-24,GNM,"Late Ranghunathraoji Kendre Nursing School, Vaijnath, Beed",40,40
5104,Amravati,Akola,568,2023-24,GNM,"MAHARSHI WALMIKI INSTITUTE OF NURSING MALKAPUR,AKOLA",60,57
5105,Pune,Kolhapur,582,2023-24,GNM,"SANT GAJANAN MAHARAJ SCHOOL OF NURSING, CHINCHEWADI, GADHINGLAJ, KOLHAPUR",40,40
5106,Konkan,Sindhudurg,584,2023-24,GNM,"MAI NURSING SCHOOL, KUDAL",40,40
5107,Nashik,Dhule,585,2023-24,GNM,"RANIMANSAHEB MANUBADEVI RAWAL NURSING SCHOOL, DONDAICHA, DHULE",20,17
5108,Nashik,Dhule,586,2023-24,GNM,"D.S. NURSING SCHOOL, SAKRI, DHULE",60,59
5109,Konkan,Palghar,587,2023-24,GNM,"SHREE GAJANAN MAHARAJ COLLEGE OF  NURSING AND RESEARCH CENTER JAWHAR, PALGHAR",50,50
5110,Nashik,Nashik,589,2023-24,GNM,"IGATPURI NURSING SCHOOL, IGATPURI, NASHIK",60,60
5111,Nashik,Nashik,590,2023-24,GNM,"NIFAD NURSING SCHOOL, NIFAD, NASHIK",60,60
5112,Nashik,Nashik,592,2023-24,GNM,"SAI CARE NURSING SCHOOL, NASHIK",60,60
5113,Nashik,Nashik,593,2023-24,GNM,"JIJAMATA NURSING SCHOOL, MALEGAON, NASHIK",60,60
5114,Konkan,Raigarh,595,2023-24,GNM,"D. D. VISPUTE SCHOOL OF NURSING, PANVEL, RAIGAD",20,20
5115,Nashik,Nashik,597,2023-24,GNM,"RAJEEV GANDHI GNM NURSING COLLEGE, SINNAR, NASHIK",60,58
5116,Nashik,Nashik,598,2023-24,GNM,"TANMAYI NURSING INSTITUTE, NASHIK",60,0
5117,Nashik,Ahilyanagar,604,2023-24,GNM,"MANGALA INSTITUTE OF NURSING EDUCATION,AKOLE, AHMEDNAGAR",40,34
5118,Pune,Kolhapur,606,2023-24,GNM,"LATE SOU ROSHANBI SHAMANJI NURSING SCHOOL, GADHINGLAJ, KOLHAPUR",60,16
5119,Nashik,Ahilyanagar,608,2023-24,GNM,"ABHINAV NURSING SCHOOL, AHMEDNAGAR",60,53
5120,Pune,Sangli,623,2023-24,GNM,"KEDARNATH NURSING SCHOOL, ISLAMPUR, SANGLI",60,60
5121,Nashik,Ahilyanagar,625,2023-24,GNM,"SHRUTI NURSING SCHOOL, SHRIRAMPUR, AHMEDNAGAR",60,60
5122,Nashik,Ahilyanagar,629,2023-24,GNM,"LATE BHAU DAJI PATIL DESHMUKH GRAMIN VIKAS PRATISHTHANS RANM SCHOOL, AHMEDNAGAR",60,59
5123,Nashik,Ahilyanagar,634,2023-24,GNM,"JIJAMATA NURSING SCHOOL, SHEVGAON, AHMEDNAGAR",40,40
5124,Pune,Solapur,636,2023-24,GNM,"VIJAYSINH MOHITE PATIL SCHOOL OF NURSING, MALSHIRAS, SOLAPUR",60,58
5125,Pune,Pune,637,2023-24,GNM,"LATE UDHAVRAO TULSHIRAM JADHAVAR FOUNDATIONS INSTITUTE OF NURSING, PUNE",60,60
5126,Pune,Solapur,638,2023-24,GNM,"SARDARBI INSTITUTE OF NURSING EDUCATION, MOHOL, SOLAPUR",20,17
5127,Nashik,Ahilyanagar,647,2023-24,GNM,"SIDDHAKALA SCHOOL OF NURSING, SANGAMNER, AHMEDNAGAR",60,60
5128,Pune,Pune,650,2023-24,GNM,"YASH INSTITUTE OF NURSING  PARAMEDICAL SCIENCES, INDAPUR, PUNE",20,20
5129,Nagpur,Wardha,653,2023-24,GNM,"CHETNA NURSING INSTITUTE, WARDHA",60,60
5130,Nagpur,Chandrapur,655,2023-24,GNM,"DEONIL SCHOOL OF NURSING, MUL, CHANDRAPUR",40,32
5131,Amravati,Amravati,656,2023-24,GNM,"SARASWATI INSTITUTE OF NURSING SCIENCES AND RESEARCH, AMRAVATI",50,48
5132,Nagpur,Bhandara,661,2023-24,GNM,"SAI NURSING SCHOOL, TUMSAR, BHANDARA",60,52
5133,Nagpur,Chandrapur,662,2023-24,GNM,"S.R.V. NURSING SCHOOL  RESEARCH INSTITUTE, NAGBHID, CHANDRAPUR",40,15
5134,Nagpur,Chandrapur,664,2023-24,GNM,"MOTHER TERESA NURSING ACADAMY, BALLARPUR, CHANDRAPUR",20,13
5135,Amravati,Yavatmal,670,2023-24,GNM,"MAHAJAN NURSING SCHOOL, YAVATMAL",60,60
5136,Amravati,Buldana,671,2023-24,GNM,"PAINGANGA INSTITUTE OF NURSING, BULDANA",20,16
5137,Nagpur,Gadchiroli,672,2023-24,GNM,"SHRI SAI SCHOOL OF NURSING, ARMORI, GADCHIROLI",40,40
5138,Nagpur,Bhandara,679,2023-24,GNM,"AROMIRA SCHOOL OF NURSING, BHANDARA",60,20
5139,Chh. Sambhaji Nagar,Beed,693,2023-24,GNM,"KAMAL NURSING INSTITUTE, KAIJ, BEED",20,0
5140,Chh. Sambhaji Nagar,Chh. Sambhaji Nagar,694,2023-24,GNM,"SHRI GORAKSHA NURSING SCHOOL, PHULAMBRI, AURANGABAD",20,20
5141,Chh. Sambhaji Nagar,Latur,696,2023-24,GNM,"JIJAMATA NURSING SCHOOL, LATUR",20,20
5142,Chh. Sambhaji Nagar,Beed,700,2023-24,GNM,"GANDHI NURSING SCHOOL, ASHTI, BEED",20,17
5143,Chh. Sambhaji Nagar,Parbhani,705,2023-24,GNM,"INDIRA GANDHI A.N.M. NURSING SCHOOL, PARBHANI",60,60
5144,Chh. Sambhaji Nagar,Chh. Sambhaji Nagar,707,2023-24,GNM,"DR. DAHIPHALE MEDICAL FOUNDATION TRUSTS SCHOOL OF NURSING, AURANGABAD",40,40
5145,Chh. Sambhaji Nagar,Nanded,709,2023-24,GNM,"GANSHANTI NURSING SCHOOL, NANDED",40,39
5146,Chh. Sambhaji Nagar,Nanded,710,2023-24,GNM,"RAM RATAN NURSING INSTITUTE, BHOKAR, NANDED",40,24
5147,Chh. Sambhaji Nagar,Nanded,717,2023-24,GNM,"GOVINDRAO PAUL NURSING SCHOOL, NANDED",30,30
5148,Chh. Sambhaji Nagar,Chh. Sambhaji Nagar,721,2023-24,GNM,"SAVITRIBAI PHULE NURSING SCHOOL, KANNAD, AURANGABAD",60,60
5149,Chh. Sambhaji Nagar,Beed,733,2023-24,GNM,"PRAGATI NURSING SCHOOL, PATODA, BEED",60,44
5150,Chh. Sambhaji Nagar,Hingoli,755,2023-24,GNM,"YESHWANT INSTITUTE OF NURSING SCHOOL, HINGOLI",40,36
5151,Chh. Sambhaji Nagar,Nanded,763,2023-24,GNM,"MOTHER TERESA NURSING SCHOOL, NANDED",60,51
5152,Chh. Sambhaji Nagar,Chh. Sambhaji Nagar,774,2023-24,GNM,"IDEAL NURSING SCHOOL, AURANGABAD",20,20
5153,Chh. Sambhaji Nagar,Dharashiv,777,2023-24,GNM,"K.T. PATIL SCHOOL OF  NURSING, OSMANABAD",60,59
5154,Pune,Satara,807,2023-24,GNM,"RAJMATA NURSING SCHOOL, SATARA",80,80
5155,Nagpur,Wardha,813,2023-24,GNM,"Dimond Nursing Institute, Deoli, Wardha",40,34
5156,Nagpur,Wardha,814,2023-24,GNM,"Kasturba Nurisng School Mandgaon, Samudrapur, Wardha",40,40
5157,Amravati,Yavatmal,821,2023-24,GNM,"Varsharaj Nursing School, Wani, Yavatmal",40,36
5158,Nagpur,Nagpur,825,2023-24,GNM,"Aakar School of Nursing, Nagpur",40,36
5159,Nagpur,Nagpur,826,2023-24,GNM,"Tanisq School of Nursing, Nagpur",60,60
5160,Chh. Sambhaji Nagar,Hingoli,829,2023-24,GNM,"Ananditai Bengal Nursing School, Sengaon, Hingoli",60,60
5161,Chh. Sambhaji Nagar,Latur,831,2023-24,GNM,"RAJGURU SCHOOL OF NURSING, UDGIR, LATUR",40,40
5162,Chh. Sambhaji Nagar,Nanded,832,2023-24,GNM,"Akshay Nursing School, Nanded",40,40
5163,Nashik,Dhule,852,2023-24,GNM,"SAROJINI SCHOOL OF NURSING, DHULE",30,25
5164,Konkan,Thane,853,2023-24,GNM,"ANUSAYA NURSING COLLEGE, DAHANU, THANE",20,0
5165,Konkan,Thane,859,2023-24,GNM,"JAYRAMSETH CHAUDHARI INSTITUTE OF NURSING EDUCATION  PARAMEDICAL SCIENCE, MURBAD, THANE",50,27
5166,Nashik,Nashik,863,2023-24,GNM,"Tuljabhavani Adiwashi Shikshan Krida  Nursing Institute, Surgana, Nashik",60,59
5167,Nashik,Nandurbar,864,2023-24,GNM,"Angel Nursing School, nandurbar",60,58
5168,Nashik,Nashik,865,2023-24,GNM,"M.A.D.SCHOOL OF NURSING, YEOLA, NASHIK",100,100
5169,Nashik,Nashik,867,2023-24,GNM,"LATE BHIKAJI DARADE SCHOOL OF NURSING YEOLA, NASHIK",100,100
5170,Konkan,Ratnagiri,870,2023-24,GNM,"The Yash Foundations College of  Nursing  Medical Research Institute, Ratnagiri",50,50
5171,Nashik,Nashik,871,2023-24,GNM,JAGADAMBA SCHOOL OF NURSING YEOLA NASHIK,100,100
5172,Nashik,Ahilyanagar,878,2023-24,GNM,VIJAYA SCHOOL OF NURSING PARNER AHMEDNAGAR,60,59
5173,Pune,Pune,879,2023-24,GNM,PIMPRI NURSING SCHOOL CHINCHWAD PUNE,30,30
5174,Nashik,Ahilyanagar,880,2023-24,GNM,"Praytna Nursing College, Ahmednagar",40,40
5175,Nashik,Ahilyanagar,884,2023-24,GNM,"Sant Eknath Institute of Nursing, Shevgaon, Ahmednagar",60,59
5176,Pune,Kolhapur,888,2023-24,GNM,"YASHWANT NURSING INSTITUTE, KODOLI PANHALA KOLHAPUR",60,60
5177,Nashik,Ahilyanagar,889,2023-24,GNM,"Swami Samarth Nursing College, Kolpewadi, Ahmednagar",70,70
5178,Nashik,Ahilyanagar,896,2023-24,GNM,"Jijamata Nursing School, Newasa, Ahmednagar",40,39
5179,Pune,Pune,898,2023-24,GNM,"Dhareshwar Institute of Nursing, Pune",60,53
5180,Nashik,Ahilyanagar,902,2023-24,GNM,"Vamanrao Ithape RGNM School, Sangamner, Ahmednagar",60,60
5181,Pune,Pune,903,2023-24,GNM,"Rajmata Jijau Shikshan Prasarak Mandal School of Nursing, Pune",50,49
5182,Pune,Pune,905,2023-24,GNM,SNEHAL GNM INSTITUTE OF NURSING PUNE,40,40
5183,Pune,Kolhapur,906,2023-24,GNM,"APEX NURSING SCHOOL KARVIR, KOLHAPUR",20,20
5184,Amravati,Buldana,919,2023-24,GNM,VASANTPRABHA SCHOOL OF NURSING BULDHANA,40,35
5185,Nagpur,Nagpur,920,2023-24,GNM,CENTRAL INDIA NURSING COLLEGE NAGPUR,40,40
5186,Amravati,Buldana,921,2023-24,GNM,ONENESS SCHOOL OF NURSING BULDHANA,50,48
5187,Nagpur,Chandrapur,923,2023-24,GNM,"St.Paul Nursing College, Ballarpur, Chandrapur",60,59
5188,Nagpur,Nagpur,924,2023-24,GNM,"Shree Sai School of Nursing, Umrer, Nagpur",20,20
5189,Amravati,Buldana,926,2023-24,GNM,"Late.Vijay Makhamale Institute of RGNM School, Buldhana",20,20
5190,Amravati,Akola,928,2023-24,GNM,SAVITRIBAI FULE SCHOOL OF NURSING AKOLA,60,36
5191,Nagpur,Chandrapur,929,2023-24,GNM,"Meerabai Kamble College of Nursing, Chandrapur",50,50
5192,Amravati,Washim,930,2023-24,GNM,"Mother Teresa College of Nursing, Washim",70,70
5193,Nagpur,Bhandara,935,2023-24,GNM,"Spandan Nursing School, Pauni, Bhandara",60,55
5194,Amravati,Washim,936,2023-24,GNM,SAVITRIBAI PHULE INSTITUTE OF NURSING WASHIM,30,29
5195,Nagpur,Gondia,937,2023-24,GNM,"RADHABAI BAHEKAR SCHOOL OF NURSING,  GONDIA.",50,45
5196,Chh. Sambhaji Nagar,Beed,939,2023-24,GNM,"District Hospital, Beed",40,40
5197,Chh. Sambhaji Nagar,Chh. Sambhaji Nagar,942,2023-24,GNM,"Aurangabad Training School of Nursing,Shivajinagar, Aurangabad",60,59
5198,Chh. Sambhaji Nagar,Hingoli,949,2023-24,GNM,LATE DATTARAO HAIBATRAO THORAT NURSING SCHOOL HINGOLI,40,40
5199,Chh. Sambhaji Nagar,Latur,950,2023-24,GNM,"Arman Nursing School, Latur",20,20
5200,Chh. Sambhaji Nagar,Latur,954,2023-24,GNM,"SONI NURSING SCHOOL, LATUR",20,20
5201,Chh. Sambhaji Nagar,Dharashiv,957,2023-24,GNM,Dr. SHIVAJIRAO GHOGARE NURSING SCHOOL OSMANABAD,40,38
5202,Chh. Sambhaji Nagar,Dharashiv,958,2023-24,GNM,AASTHA SCHOOL OF NURSING OSMANABAD,20,19
5203,Chh. Sambhaji Nagar,Dharashiv,959,2023-24,GNM,NAVIN NURSING SCHOOL OSMANABAD,20,15
5204,Chh. Sambhaji Nagar,Latur,960,2023-24,GNM,"VEDANT RGNM NURSING SCHOOL, LATUR",40,40
5205,Chh. Sambhaji Nagar,Beed,965,2023-24,GNM,"LOKSEVA NURSING SCHOOL, BEED",20,17
5206,Chh. Sambhaji Nagar,Latur,966,2023-24,GNM,"Sharada Institute of Nursing, Latur",80,76
5207,Chh. Sambhaji Nagar,Latur,969,2023-24,GNM,"Sambhajirao Kendre Nursing School, Udgir, Latur",20,18
5208,Chh. Sambhaji Nagar,Nanded,970,2023-24,GNM,"Shivaprasad Nursing Institute, Mukhed, Nanded",50,50
5209,Chh. Sambhaji Nagar,Nanded,971,2023-24,GNM,"Marathwada Nursing School, Nanded",20,17
5210,Chh. Sambhaji Nagar,Latur,973,2023-24,GNM,"FlORENCE SCHOOL OF NURSING, LATUR",20,12
5211,Chh. Sambhaji Nagar,Beed,974,2023-24,GNM,"LATE PRAMODJI MAHAJAN GNM SCHOOL OF NURSING, AMBAJOGAI.  BEED",50,50
5212,Pune,Pune,975,2023-24,GNM,"DR.B.B KHALADKAR GNM NURSING SCHOOL BORIPARDHI, DAUND PUNE",60,55
5213,Chh. Sambhaji Nagar,Beed,978,2023-24,GNM,RENUKA NURSING SCHOOL KAIJ BEED,30,29
5214,Chh. Sambhaji Nagar,Latur,982,2023-24,GNM,RAJIV GANDHI RGNM NURSING SCHOOL UDGIR LATUR,60,60
5215,Chh. Sambhaji Nagar,Nanded,983,2023-24,GNM,"DAGDOJIRAO PATIL RGNM NURSING SCHOOL HADGAON, NANDED",50,49
5216,Chh. Sambhaji Nagar,Latur,985,2023-24,GNM,"KASTURABAI NURSING SCHOOL, UDGIR, LATUR",60,60
5217,Chh. Sambhaji Nagar,Parbhani,986,2023-24,GNM,"Late. Tulsabai Sapanrao Patil Institute of Nursing Education, Parbhani",20,20
5218,Chh. Sambhaji Nagar,Jalna,988,2023-24,GNM,"Arjun School of Nursing, Jalna",60,35
5219,Chh. Sambhaji Nagar,Jalna,990,2023-24,GNM,JAI AMBE SCHOOL OF NURSING JALNA,30,30
5220,Chh. Sambhaji Nagar,Beed,993,2023-24,GNM,"GANGAA INSTITUTE OF MEDICAL SCIENCES, AMBAJOGAI, BEED",20,20
5221,Amravati,Akola,994,2023-24,GNM,"MAHATMA PHULE NURSING SCHOOL, AKOLA",60,60
5222,Chh. Sambhaji Nagar,Chh. Sambhaji Nagar,995,2023-24,GNM,"PADMAVATI NURSING SCHOOL, AURANGABAD",20,19
5223,Chh. Sambhaji Nagar,Beed,996,2023-24,GNM,"OM NURSING SCHOOL, BEED",20,20
5224,Chh. Sambhaji Nagar,Latur,997,2023-24,GNM,LATE PARVATIBAI BURDE NURSING SCHOOL CHAKUR LATUR,20,18
5225,Chh. Sambhaji Nagar,Parbhani,998,2023-24,GNM,"APURVA NURSING INSTITUTE, PARBHANI",20,20
5226,Nashik,Nandurbar,1010,2023-24,GNM,"AAISAHEB JAYABAI G.N.M NURSING, PATHRAI, NANDURBAR",40,40
5227,Amravati,Akola,1020,2023-24,GNM,"ANGEL OF MERCY INSTITUTE OF NURSING SCIENCE,  AKOLA",40,40
5228,Chh. Sambhaji Nagar,Parbhani,1021,2023-24,GNM,"GENERAL HOSPITAL, PARBHANI",40,39
5229,Nagpur,Gondia,1025,2023-24,GNM,"K.T.S. GENERAL HOSPITAL, GONDIA",40,40
5230,Chh. Sambhaji Nagar,Hingoli,1038,2023-24,GNM,"V.B.N. NURSING SCHOOL, HINGOLI",40,40
5231,Chh. Sambhaji Nagar,Nanded,1042,2023-24,GNM,"SHRI GURURGOVIND SINGHJI MEMORIAL SCHOOL OF NURSING, ARDHAPUR, NANDED",60,58
5232,Chh. Sambhaji Nagar,Beed,1048,2023-24,GNM,"PRAJAKATA NURSING SCHOOL, PARLI, BEED",20,20
5233,Amravati,Washim,1050,2023-24,GNM,"GENERAL HOSPITAL, WASHIM",40,40
5234,Chh. Sambhaji Nagar,Chh. Sambhaji Nagar,1082,2023-24,GNM,"Dr. Hedgewar College of Nursing, Garkheda, Aurangabad",40,39
5235,Pune,Kolhapur,1087,2023-24,GNM,"Dr. Deepak Patil Nursing Institution,Panhala,Kolhapur",50,50
5236,Chh. Sambhaji Nagar,Beed,1094,2023-24,GNM,"S.R.T.R. Govt. Med. College  Hospital, Ambejogai",20,20
5237,Nashik,Nashik,1099,2023-24,GNM,"Training college of Nursing, general hospital malegaon nashik",40,40
5238,Chh. Sambhaji Nagar,Nanded,1100,2023-24,GNM,New Rajmata Jijau RGNM Nursing School,50,50
5239,Nashik,Nandurbar,1101,2023-24,GNM,"GENERAL HOSPITAL, NANDURBAR",40,40
5240,Chh. Sambhaji Nagar,Hingoli,1103,2023-24,GNM,"GENERAL HOSPITAL, HINGOLI",40,40
5241,Nagpur,Wardha,1107,2023-24,GNM,"Shalinitai Meghe College of Nursing, Salod(Hirapur), Wardha",100,100
5242,Nagpur,Nagpur,1108,2023-24,GNM,"Datta Meghe College of Nursing, Wandongari, Nagpur",100,98
5243,Nagpur,Bhandara,1109,2023-24,GNM,"Smt. Shalinitai Meghe College of Nursing & Hospital, Bhilewada, Bhandara",60,60
5244,Nagpur,Nagpur,1110,2023-24,GNM,"Shri K.R.Pandav College of Nursing and Hospital, Nagpur",60,59
5245,Chh. Sambhaji Nagar,Latur,1111,2023-24,GNM,"DAGDOJIRAO PATIL NURSING SCHOOL, JALKOT, LATUR",40,39
5246,Nashik,Dhule,1112,2023-24,GNM,"TCN Shri Bhausaheb Hire Government Medical College & Sarvopachar Rugnalaya, Dhule",20,20
5247,Chh. Sambhaji Nagar,Latur,1114,2023-24,GNM,"KSPM's Jijamata Nursing School, Latur",100,95
5248,Amravati,Washim,1116,2023-24,GNM,"Shivshakti Nursing Institute, Kota, Washim",50,39
5249,Konkan,Palghar,1117,2023-24,GNM,"Shantai Nursing School, Palghar",80,80
5250,Amravati,Akola,1118,2023-24,GNM,"Shree Samarth Nursing College, Balapur, Akola",50,50
5251,Chh. Sambhaji Nagar,Nanded,1119,2023-24,GNM,"Nandigram Nursing College, Nanded",50,49
5252,Chh. Sambhaji Nagar,Latur,1122,2023-24,GNM,"Kohinoor RGNM Nursing School,Latur",50,45
5253,Chh. Sambhaji Nagar,Latur,1123,2023-24,GNM,Swami Vivekanand Institute of Nursing Latur,40,40
5254,Chh. Sambhaji Nagar,Nanded,1124,2023-24,GNM,Rajmudra GNM Nursing School Nanded,50,50
5255,Pune,Pune,1125,2023-24,GNM,Sancheti Institute of Nursing Education,60,58
5256,Chh. Sambhaji Nagar,Jalna,1126,2023-24,GNM,"Chaitanya Nursing School Badnapur, Jalna",60,60
5257,Chh. Sambhaji Nagar,Parbhani,1127,2023-24,GNM,"DNYANAI INSTITUTE OF NURSING SCHOOL Karegaon, PARBHANI",60,60
5258,Nashik,Jalgaon,1128,2023-24,GNM,G.M Institute of Nursing Jamner,60,52
5259,Chh. Sambhaji Nagar,Parbhani,1131,2023-24,GNM,"Indira Gandhi Nursing School Khadrabad Plot,Parbhani",60,60
5260,Chh. Sambhaji Nagar,Nanded,1134,2023-24,GNM,"SAMARTH NURSING SCHOOL,Mudkhed Nanded",40,39
5261,Amravati,Yavatmal,1135,2023-24,GNM,"Yash Institute of Nursing, Yavatmal",40,40
5262,Konkan,Sindhudurg,1136,2023-24,GNM,"Mukundrav Phatak Nursing College, Jamsande",40,35
5263,Chh. Sambhaji Nagar,Dharashiv,1137,2023-24,GNM,"INSTITUTE OF  NURSING, WASHI, OSMANABAD",20,20
5264,Nashik,Ahilyanagar,1139,2023-24,GNM,"SAVITRIBAI PHULE RGNM NURSING COLLEGE, SHRIGONDA, AHMEDNAGAR",20,20
5265,Nashik,Nashik,1140,2023-24,GNM,"MATOSHRI SCHOOL OF NURSING , EKLAHARE, NASIK",50,48
5266,Chh. Sambhaji Nagar,Dharashiv,1141,2023-24,GNM,"RENUKA SCHOOL OF NURSING , KALAMB, OSMANABAD",40,40
5267,Chh. Sambhaji Nagar,Dharashiv,1142,2023-24,GNM,"RENUKA SCHOOL OF NURSING , Ambajogai, OSMANABAD",50,50
5268,Nashik,Nashik,1144,2023-24,GNM,"Jeevak School Of Nursing,Mhasrul Nashik",60,52
5269,Nagpur,Nagpur,1145,2023-24,GNM,"Med Pro College of Nursing,Nandanvan Nagpur",60,60
5270,Chh. Sambhaji Nagar,Nanded,1146,2023-24,GNM,"Sai Institute Of G.N.M Nursing School,Nanded",40,40
5271,Konkan,Palghar,1147,2023-24,GNM,"Bhagwant Nursing School,Moregoan Palghar",50,49
5272,Pune,Pune,1148,2023-24,GNM,"Emerald School of Nursing,Pune",30,27
5273,Chh. Sambhaji Nagar,Jalna,1149,2023-24,GNM,A.M.D Institute Of Nursing Jalna,40,40
5274,Pune,Satara,1150,2023-24,GNM,"Hirai Institute of Nursing Education,Karad",60,60
5275,Nashik,Ahilyanagar,1151,2023-24,GNM,"Shri. Dr. Kolpe Nursing College,Kolpewadi",60,60
5276,Nagpur,Gadchiroli,1152,2023-24,GNM,"Savitribai Fule G.N.M Nursing School,Gadchiroli",60,60
5277,Konkan,Palghar,1153,2023-24,GNM,"Dayanand School of Nursing, Palghar",40,40
5278,Konkan,Raigarh,1154,2023-24,GNM,"Sara School Of Nursing Taloja,Navi Mumbai",40,40
5279,Nagpur,Nagpur,1155,2023-24,GNM,"Smt. Rajkamal Tidke Institute of Nursing Mouda, Nagpur",60,39
5280,Chh. Sambhaji Nagar,Latur,1156,2023-24,GNM,"Sahyadri Institute Of Nursing Education, Latur",60,45
5281,Chh. Sambhaji Nagar,Chh. Sambhaji Nagar,1159,2023-24,GNM,"SAVITRIBAI PHULE NURSING SCHOOL GANGAPUR, AURANGABAD",60,60
5282,Amravati,Buldana,1160,2023-24,GNM,Dr.Rajendra Gode GNM Nursing School Segvan Buldhana,60,60
5283,Chh. Sambhaji Nagar,Jalna,1161,2023-24,GNM,"Om Shanti Nursing College Jomala Bhokardan, Jalna",60,52
5284,Amravati,Amravati,1162,2023-24,GNM,"Gurukul Nursing Institute, Daryapur Amravati",40,40
5285,Nagpur,Bhandara,1163,2023-24,GNM,"ASHIRWAD NURSING SCHOOL OF GNM, SAKOLI BHANDARA",40,40
5286,Nagpur,Gondia,1165,2023-24,GNM,"ACQUARIOUS SCHOOL OF NURSING,KUDWA GONDIA",60,31
5287,Nashik,Ahilyanagar,1166,2023-24,GNM,"SURYA NURSING COLLEGE GNM SANGAMNER,AHMEDNAGAR",60,50
5288,Amravati,Buldana,1167,2023-24,GNM,"S.M.M.B.S SARASWATI NURSING SCHOOL,CHIKHALI BULDHANA",60,59
5289,Nashik,Jalgaon,1170,2023-24,GNM,"MEDILINE INSTITUTE OF NURSING,KUSUMBA,JALGAON",40,40
5290,Chh. Sambhaji Nagar,Dharashiv,1171,2023-24,GNM,"SAHYADRI NURSING COLLEGE,OSMANABAD",60,60
5291,Chh. Sambhaji Nagar,Dharashiv,1172,2023-24,GNM,"MOTHER KANCHAN NURSING INSTITUTE,BARSHI OSMANABAD",40,37
5292,Chh. Sambhaji Nagar,Chh. Sambhaji Nagar,1174,2023-24,GNM,"SWAMI RAMDAS NURSING COLLEGE, BHALGAON AURANGABAD",60,52
5293,Nashik,Ahilyanagar,1175,2023-24,GNM,"Mula Pravara Nursing School,Newasa Ahmednagar",60,35
5294,Chh. Sambhaji Nagar,Parbhani,1176,2023-24,GNM,SAHARA GNM NURSING SCHOOL PARBHANI,40,40
5295,Pune,Pune,1177,2023-24,GNM,"RAJMATA JIJAU SCHOOL OF NURSING , KHARADI BAYPASS PUNE",60,60
5296,Nagpur,Chandrapur,1179,2023-24,GNM,"ELENA SCHOOL OF NURSING BRAMHAPURI,CHANDRAPUR",60,59
5297,Pune,Pune,1180,2023-24,GNM,JAI HIND COLLEGE OF NURSING JUNNER PUNE,60,60
5298,Amravati,Washim,1181,2023-24,GNM,"RAJASHRI SHAHU COLLEGE OF NURSING,WASHIM",40,20
5299,Konkan,Sindhudurg,1182,2023-24,GNM,"SHRI. SARASWATI SCHOOL OF NURSING TONDAVALI,SINDHUDURG",50,48
5300,Nashik,Nashik,1183,2023-24,GNM,"MANMAD NURSING SCHOOL, NANDGAON, NASHIK",60,36
5301,Konkan,Palghar,1184,2023-24,GNM,"PRAJAPATI COLLEGE OF NURSING,KUDUS, PALGHAR",40,40
5302,Chh. Sambhaji Nagar,Hingoli,1185,2023-24,GNM,"INDIRA GANDHI NURSING COLLEGE GNM BASMAT, HINGOLI",60,60
5303,Pune,Solapur,1186,2023-24,GNM,"SHRIRAM INSTITUTE OF NURSING, PANIV",60,59
5304,Chh. Sambhaji Nagar,Latur,1187,2023-24,GNM,"DSPM SCHOOL OF NURSING, BABHALGAON LATUR",60,35
5305,Chh. Sambhaji Nagar,Nanded,1188,2023-24,GNM,"PANDIT DINDAYAL UPADHYAY NURSING SCHOOL, DHANEGAON NANDED",20,20
5306,Chh. Sambhaji Nagar,Jalna,1189,2023-24,GNM,"JAY AMBE SCHOOL OF NURSING, AMBAD ROAD JALNA",40,40
5307,Nashik,Nashik,1190,2023-24,GNM,"SWAMI NARAYAN NURSING INSTITUTE, PANCHAVATI, NASIK",40,40
5308,Amravati,Akola,1191,2023-24,GNM,"MAHATMA PHULE NURSING SCHOOL GNM BABHULGAON, AKOLA",60,60
5309,Nashik,Jalgaon,1193,2023-24,GNM,"PRAKASHCHAND JAIN INSTITUTE OF NURSING, JAMNER, JALGAON",60,50
5310,Amravati,Washim,1199,2023-24,GNM,"LATE GOVINDRAO DESHPANDE COLLEGE OF NURSING, WASHIM",50,50
5311,Amravati,Amravati,1200,2023-24,GNM,"FATEMA COLLEGE OF NURSING, AMRAVATI",60,60
5312,Nashik,Nandurbar,1202,2023-24,GNM,"MOTHER HAWWA NURSING INSTITUTE,NANDURBAR",60,60
5313,Konkan,Ratnagiri,1203,2023-24,GNM,"SANJEEVANI D.M.L.T NURSING COLLEGE, CHIPLUN, RATNAGIRI",40,40
5314,Chh. Sambhaji Nagar,Nanded,1204,2023-24,GNM,"KASTURBA GANDHI NURSING SCHOOL, KANDHAR, NANDED",40,39
5315,Chh. Sambhaji Nagar,Nanded,1205,2023-24,GNM,"JIJAU NURSING SCHOOL, NANDED",40,40
5316,Pune,Solapur,1206,2023-24,GNM,"KARMAYOGI INSTITUTE OF NURSING, PANDHARPUR, SOLAPUR",60,33
5317,Konkan,Thane,1207,2023-24,GNM,"SMT. VIMALADEVI KHYALILAL VAGHARECHA COLLEGE OF NURSING EDUCATION, MAJIWADA, THANE",60,60
5318,Pune,Solapur,1208,2023-24,GNM,"KANHOPATRA NURSING SCHOOL, MANGALWEDHA, SOLAPUR",50,50
5319,Pune,Kolhapur,1209,2023-24,GNM,"SIDDHAGIRI NURSING INSTITUTE, KARVIR, KOLHAPUR",40,40
5320,Nagpur,Gadchiroli,1210,2023-24,GNM,"SHRI. SAI INSTITUTE OF NURSING AND MEDICAL SCIENCE, GADCHIROLI",60,59
5321,Konkan,Thane,1211,2023-24,GNM,B.R.Harne School of Nursing Ambarnath Thane,60,54
5322,Konkan,Raigarh,1212,2023-24,GNM,Lifeline School of Nursing Panvel Raigad,60,60
5323,Pune,Solapur,1213,2023-24,GNM,"Gangamai School of Nursing Wadala NorthSolapur ,Solapur",60,59
5324,Nashik,Dhule,1214,2023-24,GNM,"Shree Sai College of Nursing, Mhasadi, Pimpalner, Sakri, Dhule",40,35
5325,Konkan,Palghar,1215,2023-24,GNM,"Ideal Institute of Nursing, Wada Palghar",60,58
5326,Chh. Sambhaji Nagar,Latur,1216,2023-24,GNM,"Shifa Institute of Nursing College Ausa,Latur",40,40
5327,Chh. Sambhaji Nagar,Dharashiv,1217,2023-24,GNM,"Ideal Institute of Nursing College Lohara,Osmanabad",20,20
5328,Chh. Sambhaji Nagar,Dharashiv,1218,2023-24,GNM,"Dr.K.D.Shendge G.N.M. Nursing School Omerga, Osmanabad",60,59
5329,Nagpur,Nagpur,1220,2023-24,GNM,"Tanisq Nursing School Somalwada, Nagpur",60,60
5330,Pune,Pune,1221,2023-24,GNM,"NOBLE INSTITUTE OF MEDICAL SCIENCES, PUNE",60,12
5331,Amravati,Akola,1222,2023-24,GNM,"Late Pandurang patil Nursing School, Kanheri Barshi Takli, Akola",40,40
5332,Amravati,Washim,1223,2023-24,GNM,"Sanmati Nursing school, Sawargaon Barde, Washim",40,40
5333,Amravati,Buldana,1224,2023-24,GNM,"Dr. R. N. Lahoti Nursing college, Sultanpur Lonar, Buldhana",60,59
5334,Chh. Sambhaji Nagar,Nanded,1225,2023-24,GNM,"Radhai G.N.M. Nursing School, Karegaon Loha, Nanded",40,40
5335,Chh. Sambhaji Nagar,Nanded,1226,2023-24,GNM,"Mauli Nursing School Taroda, Nanded",40,39
5336,Pune,Solapur,1227,2023-24,GNM,"Muktai College of Nursing Education, BhandiShegaon Pandharpur, Solapur",40,40
5337,Nagpur,Chandrapur,1228,2023-24,GNM,"Navjeevan Nursing School, Chandrapur",40,38
5338,Konkan,Sindhudurg,1230,2023-24,GNM,"Dnyanvardhini Charitable Trust Nursing Institute Talere Kankavli, Sindhudurg",40,29
5339,Pune,Sangli,1231,2023-24,GNM,"Suvidha Institute of Nursing School, Atpadi Sangli",30,26
5340,Chh. Sambhaji Nagar,Nanded,1233,2023-24,GNM,"Swami Vivekanand Nursing G.N.M. College, Nanded",40,40
5341,Nashik,Jalgaon,1234,2023-24,GNM,"Dr. Ketki Patil School of Nursing, Jalgaon",40,40
5342,Konkan,Thane,1235,2023-24,GNM,"Gayatri Nursing College Asangaon shahapur, Thane",40,40
5343,Nagpur,Chandrapur,1236,2023-24,GNM,"Manwatkar College of Nursing Ghodpeth Bhadrawati, Chandrapur",60,57
5344,Nagpur,Gondia,1237,2023-24,GNM,"Central Institute of Education Gorkheda, Gondia",60,60
5345,Nagpur,Bhandara,1238,2023-24,GNM,"Sunanda School of Nursing, Bhandara",40,38
5346,Pune,Kolhapur,1239,2023-24,GNM,"Sharad College of Nursing, Jaysingpur, Kolhapur",40,40
5347,Nashik,Dhule,1240,2023-24,GNM,"Saraswati Nursing College, Deopur, Dhule",40,40
5348,Konkan,Thane,1241,2023-24,GNM,"SHILP BHARAT COLLEGE OF NURSING, KASARVADAVLI, THANE",40,38
5349,Pune,Kolhapur,1242,2023-24,GNM,"Genesis Institute of Nursing, Tal. Radhanagari, Dist. Kolhapur",40,40
5350,Nashik,Nandurbar,1243,2023-24,GNM,"Shri. Swami Samarth Nursing College, Nandurbar",40,40
5351,Nagpur,Wardha,1244,2023-24,GNM,"Talha College of Nursing, Tal/ Dist. Wardha",60,37
5352,Nagpur,Nagpur,1245,2023-24,GNM,"Shri Sai Institute of Nursing & Medical Science, Nandanvan, Dist. Nagpur",60,46
5353,Amravati,Yavatmal,1246,2023-24,GNM,"Santkrupa Nursing College, Tal/Dist. Yavatmal",60,49
5354,Konkan,Palghar,1247,2023-24,GNM,"VEDANTAA INSTITUTE OF PARAMEDICAL SCIENCES,SASWAND, TAL. DAHANU, DIST. PALGHAR",60,15
5355,Nagpur,Nagpur,1248,2023-24,GNM,"TREATWELL COLLEGE OF NURSING, NAGPUR",60,48
5356,Nagpur,Chandrapur,1249,2023-24,GNM,"MATA MAHAKALI COLLEGE OF NURSING, DIST. CHANDRAPUR",60,25
5357,Chh. Sambhaji Nagar,Chh. Sambhaji Nagar,1250,2023-24,GNM,"SWAMI VIVEKANAND SCHOOL OF NURSING, AURANGABAD",60,60
5358,Konkan,Thane,1251,2023-24,GNM,"A.V.G. INSTITUTE OF NURSING EDUCATION, THANE",40,13
5359,Nashik,Dhule,1253,2023-24,GNM,"AHINSA INSTITUTE OF NURSING DONDAICHA, TAL. SHINDKHEDA, DHULE",60,38
5360,Nashik,Ahilyanagar,1254,2023-24,GNM,"RASHTRASANT JANARDHAN SWAMI COLLEGE OF NURSING TAL. KOPARGAON, AHMEDNAGAR",60,25
5361,Pune,Pune,1255,2023-24,GNM,"APARNA NURSING SCHOOL, TAL. JUNNAR, DIST. PUNE",60,55
5362,Nashik,Dhule,1256,2023-24,GNM,"SHRI. SIDDHESHWAR NURSING INSTITUTE, WALWADI, DHULE",40,34
5363,Konkan,Raigarh,1257,2023-24,GNM,"OM COLLEGE OF NURSING MAHAD, DIST. RAIGAD",60,14
5364,Chh. Sambhaji Nagar,Parbhani,1259,2023-24,GNM,"MOTHER TERESA NURSING SCHOOL SELU, DIST. PARBHANI",60,60
5365,Konkan,Raigarh,1261,2023-24,GNM,"SOU. VANDANA NANDKUMAR TASGAONKAR SCHOOL OF GNM, TAL. KARJAT, DIST. RAIGAD",60,36
5366,Pune,Solapur,1262,2023-24,GNM,"SIDDHAYOGI INSTITUTE OF NURSING COLLEGE AKLUJ, MALSHIRAS, DIST. SOLAPUR",40,37
5367,Pune,Kolhapur,1263,2023-24,GNM,"SHRI. SIDDHI COLLEGE OF NURSING A/P UTTUR, TAL. AJARA, DIST. KOLHAPUR",40,39
5368,Pune,Kolhapur,1264,2023-24,GNM,"SEVASADAN SCHOOL OF NURSING, CARE OF SEVASADAN GADHINGLAJ, DIST. KOLHAPUR",40,33
5369,Amravati,Washim,1265,2023-24,GNM,"VARDHAMAN COLLEGE OF NURSING, KARANJA, DIST. WASHIM",40,29
5370,Chh. Sambhaji Nagar,Nanded,1266,2023-24,GNM,"MUKTAI NURSING COLLEGE, NANDED",40,40
5371,Nashik,Nandurbar,1267,2023-24,GNM,"SANTOSHIMATA SCHOOL OF NURSING, NANDURBAR",30,19
5372,Nagpur,Nagpur,1268,2023-24,GNM,"SHRI SAIBABA COLLEGE OF NURSING, NAGPUR",40,40
5373,Pune,Kolhapur,1269,2023-24,GNM,"SAI INSTITUTE OF NURSING, TAL. GADHINGLAJ, DIST. KOLHAPUR",50,49
5374,Nagpur,Wardha,1270,2023-24,GNM,"MAHATMA GANDHI COLLEGE OF NURSING, TAL./DIST. WARDHA",40,29
5375,Nagpur,Bhandara,1272,2023-24,GNM,"NAVYUVA COLLEGE OF NURSING, BHANDARA",60,29
5376,Nashik,Dhule,1273,2023-24,GNM,"LOKMANYA NURSING INSTITUTE, DHULE",40,37
5377,Nagpur,Gondia,1274,2023-24,GNM,"SHRI. DATTA G.N.M. NURSING SCHOOL, TIRODA, GONDIA",40,25
5378,Amravati,Amravati,1275,2023-24,GNM,"VATSALYA COLLEGE OF NURSING, NERPINGLAI, MORSHI, AMRAVATI",30,30
5379,Konkan,Thane,1277,2023-24,GNM,"SHRI DATTAKRUPA SCHOOL OF NURSING, MURBAD, THANE",40,24
5380,Chh. Sambhaji Nagar,Latur,1278,2023-24,GNM,"YASHODA NURSING SCHOOL, UDGIR, LATUR",40,16
5381,Amravati,Amravati,1279,2023-24,GNM,"DR. RAJENDRA GODE G.N.M. NURSING SCHOOL, AMRAVATI",40,36
5382,Konkan,Thane,1281,2023-24,GNM,"SAMRUDDHI INSTITUTE OF NURSING, KALYAN, THANE",60,0
5383,Nashik,Dhule,1282,2023-24,GNM,"MA. AJITDADA PAWAR NURSING INSTITUTE, DHULE",60,56
5384,Pune,Sangli,1283,2023-24,GNM,"MHAISHALKAR SHINDE INSTITUTE OF NURSING SCIENCES, SANGLI",60,33
5385,Nashik,Nashik,1284,2023-24,GNM,"SAI SIDDHI SCHOOL OF NURSING, YEOLA, NASHIK",40,12
5386,Nashik,Ahilyanagar,1285,2023-24,GNM,"INDIRA GANDHI NURSING SCHOOL, PARNER, AHMEDNAGAR",40,40
5387,Amravati,Amravati,1287,2023-24,GNM,"TRIDENT INSTITUTE OF NURSING, AMRAVATI",50,9
5388,Nashik,Nandurbar,1288,2023-24,GNM,"AASTHA NURSING SCHOOL, NANDURBAR",40,15
5389,Nagpur,Gadchiroli,1290,2023-24,GNM,"RAJIV GANDHI COLLEGE OF NURSING, DESAIGANJ, GADCHIROLI",40,21
5390,Chh. Sambhaji Nagar,Latur,1291,2023-24,GNM,"P P COLLEGE OF NURSING, LATUR",60,49
5391,Nagpur,Chandrapur,1292,2023-24,GNM,"ASHOKA NURSING COLLEGE, KOSARA, CHANDRAPUR",60,40
5392,Nagpur,Bhandara,1294,2023-24,GNM,"S.B.K. COLLEGE OF NURSING, TAL. LAKHANI, DIST. BHANDARA",60,0
5393,Konkan,Thane,1295,2023-24,GNM,"SAI CARE NURSING SCHOOL, TAL. SHAHAPUR, DIST. THANE",60,50
5394,Nashik,Ahilyanagar,1296,2023-24,GNM,"INDIRA NURSING SCHOOL, JAMKED, AHMEDNAGAR",60,19
5395,Chh. Sambhaji Nagar,Beed,1297,2023-24,GNM,"SAMARTH NURSING SCHOOL, BEED",60,15
5396,Pune,Pune,1298,2023-24,GNM,"MATRUBHOOMI INSTITUTE OF NURSING, TAL. KATRAJ, DIST. PUNE",60,1
5397,Chh. Sambhaji Nagar,Latur,1299,2023-24,GNM,"RENAISSANCE SCHOOL OF NURSING, DIST. LATUR",50,0
5398,Pune,Kolhapur,1300,2023-24,GNM,"ANISH COLLEGE OF NURSING, SHIROL, KOLHAPUR",40,14
5399,Konkan,Palghar,1301,2023-24,GNM,"MATRUKRUPA NURSING COLLEGE, PALGHAR",40,14
5400,Chh. Sambhaji Nagar,Latur,1302,2023-24,GNM,"SMT. KALPANATAI PATIL NURSING COLLEGE, DEONI, UDGIR, LATUR",40,0
5401,Chh. Sambhaji Nagar,Nanded,1303,2023-24,GNM,"CHHATRAPATI SAMBHAJI MAHARAJ G.N.M. NURSING SCHOOL KANDHAR, NANDED",60,0
5402,Pune,Sangli,1304,2023-24,GNM,"SUREKHA INSTITUTE OF NURSING AND PARAMEDICAL SCIENCES ASHTA, WALWA, SANGLI",60,0
5403,Chh. Sambhaji Nagar,Latur,1305,2023-24,GNM,"S.V.S.S. LATUR COLLEGE OF NURSING, LATUR",60,0
5404,Pune,Sangli,1307,2023-24,GNM,"SAI INSTITUTE OF NURSING SCIENCES, MIRAJ, SANGLI",50,0
5405,Konkan,Ratnagiri,1308,2023-24,GNM,"Devrukh Institute of Nursing, Dist. Ratnagiri",60,0
5406,Chh. Sambhaji Nagar,Parbhani,1313,2023-24,GNM,"SHRI RAMKRUSHNA PARAMHANS INSTITUTE OF NURSING, PARBHANI",60,0
5407,Nashik,Ahilyanagar,39,2024-25,ANM,"GENERAL HOSPITAL,AHMEDNAGAR",40,24
5408,Amravati,Akola,108,2024-25,ANM,"DIST.HOSPITAL FOR WOMEN, AKOLA",40,40
5409,Amravati,Amravati,107,2024-25,ANM,"DIST.HOSPITAL FOR WOMEN , AMRAVATI",40,33
5410,Chh. Sambhaji Nagar,Chh. Sambhaji Nagar,1035,2024-25,ANM,"CIVIL HOSPITAL, AMKHAS MAIDAN, AURANGABAD",40,30
5411,Chh. Sambhaji Nagar,Beed,1051,2024-25,ANM,"DISTRICT HOSPITAL, SAWARGAON, AMBAJOGAI, BEED",40,28
5412,Chh. Sambhaji Nagar,Beed,939,2024-25,ANM,"District Hospital, Beed",40,40
5413,Nagpur,Bhandara,112,2024-25,ANM,"GENERAL HOSPITAL, BHANDARA",40,20
5414,Amravati,Buldana,111,2024-25,ANM,"GENERAL HOSPITAL, BULDANA",40,37
5415,Nagpur,Chandrapur,109,2024-25,ANM,"GENERAL HOSPITAL,CHANDRAPUR",40,32
5416,Nashik,Dhule,9,2024-25,ANM,"GENERAL HOSPITAL, DHULE",40,33
5417,Nagpur,Gadchiroli,113,2024-25,ANM,GENERAL HOSPITAL GADCHIROLI,40,39
5418,Nagpur,Gondia,1025,2024-25,ANM,"K.T.S. GENERAL HOSPITAL, GONDIA",40,34
5419,Chh. Sambhaji Nagar,Hingoli,1103,2024-25,ANM,"GENERAL HOSPITAL, HINGOLI",40,20
5420,Nashik,Jalgaon,10,2024-25,ANM,"GENERAL HOSPITAL, JALGAON",40,36
5421,Chh. Sambhaji Nagar,Jalna,446,2024-25,ANM,"GENERAL HOSPITAL, JALANA",40,29
5422,Pune,Kolhapur,41,2024-25,ANM,"C.P.R. GENERAL HOSPITAL, KOLHAPUR",40,20
5423,Chh. Sambhaji Nagar,Latur,262,2024-25,ANM,"GENERAL HOSPITAL, LATUR",40,14
5424,Konkan,Mumbai City,1,2024-25,ANM,"CAMA ALBLESS HOSPITAL , MUMBAI",40,30
5425,Nagpur,Nagpur,106,2024-25,ANM,"DAGA MEMORIAL HOSPITAL, NAGPUR",40,40
5426,Chh. Sambhaji Nagar,Nanded,158,2024-25,ANM,"SHRI GURU GOVINDSINGHJI MEMORIAL HOSPITAL, SON, NANDED",40,24
5427,Nashik,Nandurbar,1101,2024-25,ANM,"GENERAL HOSPITAL, NANDURBAR",40,20
5428,Nashik,Nashik,1099,2024-25,ANM,"Training college of Nursing, general hospital malegaon nashik",40,11
5429,Nashik,Nashik,8,2024-25,ANM,"GENERAL HOSPITAL, NASIK",40,31
5430,Chh. Sambhaji Nagar,Dharashiv,161,2024-25,ANM,"GENERAL HOSPITAL, SON, OSMANABAD",40,28
5431,Chh. Sambhaji Nagar,Parbhani,1021,2024-25,ANM,"GENERAL HOSPITAL, PARBHANI",40,40
5432,Pune,Pune,312,2024-25,ANM,"GENERAL HOSPITAL, AUNDH, PUNE",40,25
5433,Konkan,Raigarh,6,2024-25,ANM,"GENERAL HOSPITAL, ALIBAG",40,40
5434,Konkan,Ratnagiri,7,2024-25,ANM,"GENERAL HOSPITAL, RATNAGIRI",40,32
5435,Pune,Satara,40,2024-25,ANM,"GENERAL HOSPITAL, SATARA",40,40
5436,Konkan,Sindhudurg,400,2024-25,ANM,"GENERAL HOSPITAL, SINDHUDURG",40,9
5437,Konkan,Thane,4,2024-25,ANM,"V. S. GENERAL HOSPITAL, THANE",40,34
5438,Nagpur,Wardha,105,2024-25,ANM,"GENERAL HOSPITAL, WARDHA",40,28
5439,Amravati,Washim,1050,2024-25,ANM,"GENERAL HOSPITAL, WASHIM",40,16
5440,Amravati,Yavatmal,110,2024-25,ANM,"GENERAL HOSPITAL ,YAVATMAL",40,20
5441,Amravati,Yavatmal,1102,2024-25,ANM,"GENERAL HOSPITAL, PUSAD, YAVATMAL",40,21
5442,Nashik,Ahilyanagar,1017,2024-25,ANM,"SHRIRAMPUR NURSING SCHOOL, SHRIAMPUR, AHMEDNAGAR",20,0
5443,Nashik,Ahilyanagar,1151,2024-25,ANM,"Shri. Dr. Kolpe Nursing College,Kolpewadi",40,40
5444,Nashik,Ahilyanagar,1196,2024-25,ANM,"SURYA NURSING COLLEGE A.N.M, SANGAMNER, AHMEDNAGAR",60,30
5445,Nashik,Ahilyanagar,1254,2024-25,ANM,"RASHTRASANT JANARDHAN SWAMI COLLEGE OF NURSING TAL. KOPARGAON, AHMEDNAGAR",60,0
5446,Nashik,Ahilyanagar,1314,2024-25,ANM,"SAMARTH COLLEGE OF NURSING, AHMEDNAGAR",60,60
5447,Nashik,Ahilyanagar,1403,2024-25,ANM,"ANAND RUSHIJI INSTITUTE OF NURSING, AHMEDNAGAR",40,36
5448,Nashik,Ahilyanagar,278,2024-25,ANM,"PARVATIBAI MHASKE INSTITUTE OF NURSING, AHMEDNAGAR",20,20
5449,Nashik,Ahilyanagar,282,2024-25,ANM,"MAHARASHTRA HOMOEOPATHIC FOUNDATIONS SCHOOL OF NURSING , PATHAR ,
AHMEDNAGAR",20,18
5450,Nashik,Ahilyanagar,307,2024-25,ANM,"WAMANRAO ITHAPE NURSING COLLEGE, SANGAMNER, AHMEDNAGAR",30,2
5451,Nashik,Ahilyanagar,342,2024-25,ANM,"SAI NURSING INSTITUTE , RAHATA, AHMEDNAGAR",20,11
5452,Nashik,Ahilyanagar,370,2024-25,ANM,"BAHUJAN SAMAJ PRABODHAN SCHOOL OF NURSING, AKOLE, AHMEDNAGAR",20,0
5453,Nashik,Ahilyanagar,48,2024-25,ANM,"F.J.F.M. HOSPITAL SCH OF NSG, NEWASA, DISTAHMEDNAGAR",30,18
5454,Nashik,Ahilyanagar,505,2024-25,ANM,"SAVITRIBAI PHULE ANM NURSING COLLEGE, SHRIGONDA, AHMEDNAGAR",20,0
5455,Nashik,Ahilyanagar,506,2024-25,ANM,"KOPERGAON TALUKA VIDYARTHI SAHAYYAK SCHOOL OF NURSING,KOPERGAON",20,15
5456,Nashik,Ahilyanagar,51,2024-25,ANM,KRANTI SCHOOL OF NURSING AHMEDNAGAR,20,10
5457,Nashik,Ahilyanagar,524,2024-25,ANM,"SHREE SAI NURSING SCHOOL, JAMKHED, AHMEDNAGAR",20,0
5458,Nashik,Ahilyanagar,604,2024-25,ANM,"MANGALA INSTITUTE OF NURSING EDUCATION,AKOLE, AHMEDNAGAR",20,6
5459,Nashik,Ahilyanagar,607,2024-25,ANM,"SAIKRUPA NURSING SCHOOL, SHRIGONDA, AHMEDNAGAR",20,0
5460,Nashik,Ahilyanagar,608,2024-25,ANM,"ABHINAV NURSING SCHOOL, AHMEDNAGAR",20,16
5461,Nashik,Ahilyanagar,612,2024-25,ANM,"ASHIRWAD NURSING SCHOOL, RAHURI, AHMEDNAGAR",20,13
5462,Nashik,Ahilyanagar,618,2024-25,ANM,"SAI NURSING SCHOOL, SHEVGAON, AHMEDNAGAR",20,12
5463,Nashik,Ahilyanagar,620,2024-25,ANM,"DR. RAMESH DHOKANE PATIL SCHOOL OF NURSING, NEWASA, AHMEDNAGAR",20,20
5464,Nashik,Ahilyanagar,622,2024-25,ANM,"NITYASEVA NURSING SCHOOL, PARNER, AHMEDNAGAR",20,20
5465,Nashik,Ahilyanagar,624,2024-25,ANM,"NEWASA NURSING SCHOOL, NEWASA, AHMEDNAGAR",20,0
5466,Nashik,Ahilyanagar,625,2024-25,ANM,"SHRUTI NURSING SCHOOL, SHRIRAMPUR, AHMEDNAGAR",20,0
5467,Nashik,Ahilyanagar,626,2024-25,ANM,"KOPARGAON NURSING SCHOOL, KOPERGAON, AHMEDNAGAR",20,0
5468,Nashik,Ahilyanagar,629,2024-25,ANM,"LATE BHAU DAJI PATIL DESHMUKH GRAMIN VIKAS PRATISHTHANS RANM SCHOOL,
AHMEDNAGAR",20,10
5469,Nashik,Ahilyanagar,630,2024-25,ANM,"SAWALI SCHOOL OF NURSING, PARNER, AHMEDNAGAR",20,15
5470,Nashik,Ahilyanagar,634,2024-25,ANM,"JIJAMATA NURSING SCHOOL, SHEVGAON, AHMEDNAGAR",20,20
5471,Nashik,Ahilyanagar,67,2024-25,ANM,"VIJAY GANGA RURAL, MED RES FOUNDATION, SON, AHMEDNAGAR",20,0
5472,Nashik,Ahilyanagar,73,2024-25,ANM,"SEVA NURSING SCHOOL, AHMEDNAGAR",35,35
5473,Nashik,Ahilyanagar,77,2024-25,ANM,"INDIRA GANDHI NSG, COLLEGE, PARNER, AHMEDNAGAR",20,11
5474,Nashik,Ahilyanagar,810,2024-25,ANM,"Saibaba Nursing School, Kolpewadi, Ahmednagar",60,60
5475,Nashik,Ahilyanagar,811,2024-25,ANM,"Raj Laxmi Nursing School, Ahmednagar",20,10
5476,Amravati,Amravati,1043,2024-25,ANM,"ASHA NURSING SCHOOL, AMRAVATI",20,12
5477,Amravati,Amravati,1049,2024-25,ANM,"SARSWATI NURSING SCHOOL, DHAMANGAON, AMRAVATI",20,20
5478,Amravati,Amravati,116,2024-25,ANM,"MAA GAYATRI SCHOOL OF NURSING, ACHALPUR, AMRAVATI",20,11
5479,Amravati,Amravati,1162,2024-25,ANM,"Gurukul Nursing Institute, Daryapur Amravati",40,38
5480,Amravati,Amravati,1293,2024-25,ANM,"VIDYABHARATI COLLEGE OF NURSING, SHIVANGAON, Tal. TEOSA, DIST. AMRAVATI",20,20
5481,Amravati,Amravati,1319,2024-25,ANM,"SHRI SANT LAHANUJI MAHARAJ COLLEGE OF NURSING, CHANDUR, AMRAVATI",40,12
5482,Amravati,Amravati,144,2024-25,ANM,"SUJATA SCHOOL OF NURSING, AMRAVATI",30,17
5483,Amravati,Amravati,146,2024-25,ANM,DR. PANJABRAO DESHMUKH INST. OF NSG. AMRAVATI,30,30
5484,Amravati,Amravati,1519,2024-25,ANM,"VIDYANIKETAN COLLEGE OF NURSING ANJANGAON, SURJI, AMRAVATI",40,0
5485,Amravati,Amravati,274,2024-25,ANM,"UTTAMRAO UMAK MEMORIAL NURSING SCHOOL, ANJANGAON, AMRAVATI",20,20
5486,Amravati,Amravati,275,2024-25,ANM,"KAMLABAI UMAK NURSING SCHOOL, AMRAVATI",20,15
5487,Amravati,Amravati,276,2024-25,ANM,"LAXMANRAO UMAK MEMORIAL NURSING SCHOOL, BADNERA, AMRAVATI",20,20
5488,Amravati,Amravati,326,2024-25,ANM,"BHAKTI VEDANT SCHOOL OF NURSING, AMRAVATI",20,20
5489,Amravati,Amravati,333,2024-25,ANM,"FLORENCE NIGHTINGLE NURSING SCHOOL, AMRAVATI",30,20
5490,Amravati,Amravati,334,2024-25,ANM,"EKVIRA SCHOOL OF NURSING , DARYAPUR , AMRAVATI",20,14
5491,Amravati,Amravati,341,2024-25,ANM,"M.J. PAWADE NURSING SCHOOL, WARUD, AMRAVATI",20,20
5492,Amravati,Amravati,372,2024-25,ANM,"SMT. VASUNDHARABAI GHUIKHEDKAR NURSING SCHOOL, AMRAVATI",60,59
5493,Amravati,Amravati,381,2024-25,ANM,"MELGHAT NURSING SCHOOL , PARATWADA , AMRAVATI",20,11
5494,Amravati,Amravati,539,2024-25,ANM,"SHRI SANT LAHANUJI MAHARAJ SCHOOL OF NURSING, DARYAPUR, AMRAVATI",20,20
5495,Amravati,Amravati,553,2024-25,ANM,"Sardar Nursing Institute, Walgaon Road, Amravati",20,10
5496,Amravati,Amravati,555,2024-25,ANM,"M.J. Pawade Nurisng School, Tal Morshi, Amravati",20,20
5497,Amravati,Amravati,573,2024-25,ANM,"Gurumauli Institue of Nursing Science, Amravati",20,20
5498,Amravati,Amravati,656,2024-25,ANM,"SARASWATI INSTITUTE OF NURSING SCIENCES AND RESEARCH, AMRAVATI",40,40
5499,Amravati,Amravati,681,2024-25,ANM,"VIDHARBH SCHOOL OF NURSING, AMRAVATI",20,20
5500,Chh. Sambhaji Nagar,Chh. Sambhaji Nagar,1018,2024-25,ANM,"VAIJAPUR NURSING SCHOOL, AURANGABAD",20,20
5501,Chh. Sambhaji Nagar,Chh. Sambhaji Nagar,1019,2024-25,ANM,"WALUNJ NURSING SCHOOL,WALUNJ, AURANGABAD",20,10
5502,Chh. Sambhaji Nagar,Chh. Sambhaji Nagar,1029,2024-25,ANM,"MONICA NURSING SCHOOL, AURANGABAD",20,10
5503,Chh. Sambhaji Nagar,Chh. Sambhaji Nagar,1093,2024-25,ANM,"NEW NURSING SCHOOL, JAINPURA PAITHAN, AURANGABAD",20,12
5504,Chh. Sambhaji Nagar,Chh. Sambhaji Nagar,1115,2024-25,ANM,"Godavari Nursing School of ANM, Aurangabad",60,7
5505,Chh. Sambhaji Nagar,Chh. Sambhaji Nagar,1229,2024-25,ANM,"Shri. Sai Nursing School RANM Wadgaon, Aurangabad",20,0
5506,Nashik,Ahilyanagar,1340,2024-25,ANM,"CARE INSTITUTE OF NURSING EDUCATION, CHHATRAPATI SAMBHAJINAGAR",40,40
5507,Nashik,Ahilyanagar,1411,2024-25,ANM,"PADMAI NURSING SCHOOL KINGAON, FULAMBRI, CHHATRAPATI SAMBHAJINAGAR",40,7
5508,Chh. Sambhaji Nagar,Chh. Sambhaji Nagar,1432,2024-25,ANM,"SAMBODHI SCHOOL OF NURSING (A.N.M.) , CHHATRAPATI SAMBHAJI NAGAR",40,1
5509,Chh. Sambhaji Nagar,Chh. Sambhaji Nagar,168,2024-25,ANM,"SHRI DHANESHWARI MANAV VIKAS MANDAL, AURANGABAD",20,9
5510,Chh. Sambhaji Nagar,Chh. Sambhaji Nagar,259,2024-25,ANM,"MAHATMA GANDHI MISSION INSTITUTE OF NURSING EDUCATION, AURANGABAD",20,7
5511,Chh. Sambhaji Nagar,Chh. Sambhaji Nagar,286,2024-25,ANM,"MATA GIRIJA SCHOOL OF NURSING, AURANGABAD.",20,20
5512,Chh. Sambhaji Nagar,Chh. Sambhaji Nagar,311,2024-25,ANM,"SAKOLKAR NURSING SCHOOL, AURANGABAD",20,20
5513,Chh. Sambhaji Nagar,Chh. Sambhaji Nagar,332,2024-25,ANM,"RAMKRISHANA NURSING SCHOOL, SILLOD, AURANGABAD",20,11
5514,Chh. Sambhaji Nagar,Chh. Sambhaji Nagar,415,2024-25,ANM,"AURANGABAD NURSING SCHOOL, BHALGAON, AURANGABAD",20,3
5515,Chh. Sambhaji Nagar,Chh. Sambhaji Nagar,423,2024-25,ANM,"PAITHAN NURSING SCHOOL, PAITHAN, AURANGABAD",20,7
5516,Chh. Sambhaji Nagar,Chh. Sambhaji Nagar,424,2024-25,ANM,"PRIYANKA GANDHI NURSING SCHOOL, AURANGABAD",20,0
5517,Chh. Sambhaji Nagar,Chh. Sambhaji Nagar,490,2024-25,ANM,"Manik Nursing School, Garkhed, Aurangabad",20,12
5518,Chh. Sambhaji Nagar,Chh. Sambhaji Nagar,545,2024-25,ANM,"Yeshwant Institute of Nursing, Paithan Road, Aurangabad",30,15
5519,Chh. Sambhaji Nagar,Chh. Sambhaji Nagar,561,2024-25,ANM,"Prabhavati Nursing School, Aurangabad",20,12
5520,Chh. Sambhaji Nagar,Chh. Sambhaji Nagar,563,2024-25,ANM,GOGANATH BABA ANM NURSING SCHOOL CHITEGAON AURANGABAD,50,31
5521,Chh. Sambhaji Nagar,Chh. Sambhaji Nagar,694,2024-25,ANM,"SHRI GORAKSHA NURSING SCHOOL, PHULAMBRI, AURANGABAD",20,0
5522,Chh. Sambhaji Nagar,Chh. Sambhaji Nagar,701,2024-25,ANM,"MAHARAJA SAYAJIRAO GAIKWAD NURSING SCHOOL, AURANGABAD",20,18
5523,Chh. Sambhaji Nagar,Chh. Sambhaji Nagar,707,2024-25,ANM,"DR. DAHIPHALE MEDICAL FOUNDATION TRUSTS SCHOOL OF NURSING, AURANGABAD",20,20
5524,Chh. Sambhaji Nagar,Chh. Sambhaji Nagar,720,2024-25,ANM,"RAJLAKSHMI NURSING SCHOOL, PHULAMBRI, AURANGABAD",20,7
5525,Chh. Sambhaji Nagar,Chh. Sambhaji Nagar,721,2024-25,ANM,"SAVITRIBAI PHULE NURSING SCHOOL, KANNAD, AURANGABAD",60,60
5526,Chh. Sambhaji Nagar,Chh. Sambhaji Nagar,741,2024-25,ANM,"GANGAPUR NURSING SCHOOL, GANGAPUR, AURANGABAD",20,0
5527,Chh. Sambhaji Nagar,Chh. Sambhaji Nagar,742,2024-25,ANM,"SHRI SWAMI SAMARTH NURSING SCHOOL, AURANGABAD",20,2
5528,Chh. Sambhaji Nagar,Chh. Sambhaji Nagar,743,2024-25,ANM,"HUDCO NURSING SCHOOL, AURANGABAD",20,0
5529,Chh. Sambhaji Nagar,Chh. Sambhaji Nagar,744,2024-25,ANM,"SHRADDHA NURSING SCHOOL, AURANGABAD",20,0
5530,Chh. Sambhaji Nagar,Chh. Sambhaji Nagar,745,2024-25,ANM,"NEW NURSING SCHOOL, AURANGABAD",20,12
5531,Chh. Sambhaji Nagar,Chh. Sambhaji Nagar,746,2024-25,ANM,"SHEETAL NURSING SCHOOL, AURANGABAD",20,0
5532,Chh. Sambhaji Nagar,Nanded,749,2024-25,ANM,"GANGABAI PATIL NURSING SCHOOL, BILOLI, NANDED",20,20
5533,Chh. Sambhaji Nagar,Chh. Sambhaji Nagar,754,2024-25,ANM,"BHARTIYA NURSING SCHOOL, AURANGABAD",20,17
5534,Chh. Sambhaji Nagar,Chh. Sambhaji Nagar,774,2024-25,ANM,"IDEAL NURSING SCHOOL, AURANGABAD",20,15
5535,Chh. Sambhaji Nagar,Chh. Sambhaji Nagar,779,2024-25,ANM,"AURANGABAD NURSING SCHOOL, AURANGABAD",20,20
5536,Chh. Sambhaji Nagar,Beed,1026,2024-25,ANM,"SOU RUKHMINI MANOHAR MACHALE NURSING SCHOOL, BEED",20,3
5537,Chh. Sambhaji Nagar,Beed,1028,2024-25,ANM,"UNIQUE RANM NURSING SCHOOL, PARLI, BEED",20,10
5538,Chh. Sambhaji Nagar,Beed,1280,2024-25,ANM,"MOTHER TERESA SCHOOL OF NURSING , BEED",40,40
5539,Chh. Sambhaji Nagar,Beed,308,2024-25,ANM,"YASHWANT NURSING SCHOOL, ASHTI, BEED",60,0
5540,Chh. Sambhaji Nagar,Beed,310,2024-25,ANM,"S.S.P.M. NURSING COLLEGE, ASHTI, BEED",20,13
5541,Chh. Sambhaji Nagar,Beed,313,2024-25,ANM,"DR. T. M. DHONDE SCHOOL OF NURSING, ASHTI , BEED",30,18
5542,Chh. Sambhaji Nagar,Beed,314,2024-25,ANM,"NEW NURSING SCHOOL, BEED",20,10
5543,Chh. Sambhaji Nagar,Beed,385,2024-25,ANM,"RAGHUNATHRAO MUNDHE INSTITUTE OF NURSING, AMBEJOGAI, BEED",20,10
5544,Chh. Sambhaji Nagar,Beed,401,2024-25,ANM,"VAIDYANATH NURSING SCHOOL, ,PARALIVAIJNATH, BEED",40,28
5545,Chh. Sambhaji Nagar,Beed,412,2024-25,ANM,"JIJAMATA SCHOOL OF NURSING, MAJALGAON, BEED",20,0
5546,Chh. Sambhaji Nagar,Beed,493,2024-25,ANM,MAULI NURSING SCHOOL BARSHI ROAD BEED,20,20
5547,Chh. Sambhaji Nagar,Beed,495,2024-25,ANM,"ANKITA DOUND INSTITUTE OF NURSING SCHOOL, AMBAJOGAI, BEED",20,11
5548,Chh. Sambhaji Nagar,Beed,564,2024-25,ANM,"Late Ranghunathraoji Kendre Nursing School, Vaijnath, Beed",40,40
5549,Chh. Sambhaji Nagar,Beed,697,2024-25,ANM,"SHREE VENKATESHA NURSING SCHOOL, BEED",20,20
5550,Chh. Sambhaji Nagar,Beed,700,2024-25,ANM,"GANDHI NURSING SCHOOL, ASHTI, BEED",60,60
5551,Chh. Sambhaji Nagar,Beed,702,2024-25,ANM,"RASHTRAMATA JIJAU NURSING SCHOOL, PATODA, BEED",20,17
5552,Chh. Sambhaji Nagar,Beed,704,2024-25,ANM,"VISHWAS SAWANT NURSING SCHOOL, BEED",20,16
5553,Chh. Sambhaji Nagar,Beed,733,2024-25,ANM,"PRAGATI NURSING SCHOOL, PATODA, BEED",20,15
5554,Chh. Sambhaji Nagar,Beed,734,2024-25,ANM,"SAMARTH NURSING SCHOOL, WADVANI, BEED",20,16
5555,Chh. Sambhaji Nagar,Beed,750,2024-25,ANM,"SANSKRUTI NURSING SCHOOL, BEED",20,11
5556,Chh. Sambhaji Nagar,Beed,758,2024-25,ANM,"KAI BABURAO GHULE SCHOOL OF NURSING, AMBAJOGAI, BEED",60,60
5557,Chh. Sambhaji Nagar,Beed,797,2024-25,ANM,"DIPTI AAHER NURSING SCHOOL, AMBAJOGAI, BEED",20,20
5558,Chh. Sambhaji Nagar,Beed,800,2024-25,ANM,"TAMBWERSHWAR NURSING SCHOOL, DHARUR, BEED",20,0
5559,Chh. Sambhaji Nagar,Beed,838,2024-25,ANM,"Swaraj Indira Gandhi Nursing School, Patoda, Beed",20,11
5560,Chh. Sambhaji Nagar,Beed,839,2024-25,ANM,"Kalai Nursing School, Patoda, Beed",20,0
5561,Nagpur,Bhandara,1109,2024-25,ANM,"Smt. Shalinitai Meghe College of Nursing & Hospital, Bhilewada, Bhandara",60,39
5562,Nagpur,Bhandara,1120,2024-25,ANM,"Sanjeevani Nursing College, Sakoli, Bhandara",20,20
5563,Nagpur,Bhandara,1396,2024-25,ANM,"DR. ARUN MOTGHARE NURSING SCHOOL KOSARA KONDHA, PAONI, BHANDARA",40,38
5564,Nagpur,Bhandara,155,2024-25,ANM,"SHARDA NURSING SCHOOL, KHAPA TUMSAR, BHANDARA",20,0
5565,Nagpur,Bhandara,378,2024-25,ANM,"POOJA NURSING INSTITUTE , BHANDARA",40,19
5566,Nagpur,Bhandara,426,2024-25,ANM,"PAWANRAJA NURSING SCHOOL , PAUNI , BHANDARA",30,0
5567,Nagpur,Bhandara,512,2024-25,ANM,"ASHIRWAD NURSING SCHOOL OF ANM, SAKOLI BHANDARA",40,34
5568,Nagpur,Bhandara,657,2024-25,ANM,"MAHALAXMI NURSING SCHOOL, TUMSAR, BHANDARA",20,12
5569,Nagpur,Bhandara,661,2024-25,ANM,"SAI NURSING SCHOOL, TUMSAR, BHANDARA",50,36
5570,Nagpur,Bhandara,678,2024-25,ANM,"SWAPNIL INSTITUTE OF NURSING, PAUNI, BHANDARA",20,0
5571,Nagpur,Bhandara,687,2024-25,ANM,"NAV YUVA NURSING SCHOOL, BHANDARA",30,15
5572,Nagpur,Bhandara,690,2024-25,ANM,"G.S.NURSING SCHOOL, SAKOLI, BHANDARA",20,13
5573,Nagpur,Bhandara,935,2024-25,ANM,"Spandan Nursing School, Pauni, Bhandara",60,41
5574,Amravati,Buldana,1003,2024-25,ANM,"Dnyandeep Nursing School, Buldhana",20,20
5575,Konkan,Raigarh,129,2024-25,ANM,"ANURADHA NURSING SCHOOL , CHIKHALI",30,28
5576,Amravati,Buldana,152,2024-25,ANM,"INDIRA BAHU. SHIKSHAN SANSTHS, SCHOOL OF NURSING, SAGWAN, BULDHANA",20,11
5577,Amravati,Buldana,153,2024-25,ANM,"INDIRA BAHU SHIKSHAN SANSTHS, SCHOOL OF NURSING,BELAD MALKAPUR",20,20
5578,Amravati,Buldana,350,2024-25,ANM,"RAJSHREE SCHOOL OF NURSING, MEHKAR, BULDANA",20,20
5579,Amravati,Buldana,359,2024-25,ANM,"HARSH SCHOOL OF NURSING, KHAMGAON, BULDANA",20,18
5580,Amravati,Buldana,654,2024-25,ANM,"JIJAMATA SCHOOL OF NURSING, BULDANA",20,12
5581,Amravati,Buldana,671,2024-25,ANM,"PAINGANGA INSTITUTE OF NURSING, BULDANA",20,20
5582,Amravati,Buldana,676,2024-25,ANM,"MAHATMA JYOTIBA PHULE BAHU. SHIKSHAN SANSTHAS NURSING SCHOOL, CHIKHALI,
BULDHANA",20,20
5583,Amravati,Buldana,677,2024-25,ANM,"SANT GAJANAN MAHARAJ NURSING SCHOOL, SHEGAON, BULDHANA",20,20
5584,Amravati,Buldana,680,2024-25,ANM,"DR. K. B. MAPRI INSTITUTE OF NURISNG, LONAR, BULDHANA",40,27
5585,Amravati,Buldana,682,2024-25,ANM,"KALASKAR NURSING INSTITUTE, NANDURA, BULDHANA",20,0
5586,Amravati,Buldana,684,2024-25,ANM,"KAUSHALYA INSTITUTE OF NURSING, BULDHANA",20,15
5587,Amravati,Buldana,820,2024-25,ANM,"Vision Nursing School, Buldhana",20,20
5588,Nagpur,Chandrapur,1158,2024-25,ANM,"Meerabai Kamble Nursing College Bramhapuri, Chandrapur",60,60
5589,Nagpur,Chandrapur,1228,2024-25,ANM,"Navjeevan Nursing School, Chandrapur",40,9
5590,Nagpur,Chandrapur,130,2024-25,ANM,"KALYAN INSTITUTE OF NURSING EDUCATION, RAJURA, CHANDRAPUR",30,16
5591,Nagpur,Chandrapur,131,2024-25,ANM,"PRABHADEVI NURSING SCHOOL, CHANDRAPUR",40,34
5592,Nagpur,Chandrapur,518,2024-25,ANM,"SADHANA NURSING CENTRE ANM, TAL BRAMHAPURI, CHANDRAPUR",20,0
5593,Nagpur,Chandrapur,655,2024-25,ANM,"DEONIL SCHOOL OF NURSING, MUL, CHANDRAPUR",20,8
5594,Nagpur,Chandrapur,662,2024-25,ANM,"S.R.V. NURSING SCHOOL RESEARCH INSTITUTE, NAGBHID, CHANDRAPUR",20,20
5595,Nagpur,Chandrapur,664,2024-25,ANM,"MOTHER TERESA NURSING ACADAMY, BALLARPUR, CHANDRAPUR",50,0
5596,Nagpur,Chandrapur,675,2024-25,ANM,"SANT GAJANAN MAHARAJ NURSING SCHOOL, SINDE WAHI, CHANDRAPUR",20,20
5597,Nagpur,Chandrapur,822,2024-25,ANM,"Jijamata Insitute of Nursing, Bhadrawati, Chandrapur",20,0
5598,Nagpur,Chandrapur,824,2024-25,ANM,"Rashtriy Nursing School, Rajura, Chandrapur",20,7
5599,Nashik,Dhule,1214,2024-25,ANM,"Shree Sai College of Nursing, Mhasadi, Pimpalner, Sakri, Dhule",40,40
5600,Nashik,Dhule,1502,2024-25,ANM,"SAU. KALPANABAI UTTAMRAO MAHAJAN INSTITUTE OF NURSING EDUCATION SHIRPUR,
DHULE",20,0
5601,Nashik,Dhule,1601,2024-25,ANM,"SUHARI INSTITUTE OF NURSING EDUCATION, PIMPALNER, SAKRI, DHULE",40,1
5602,Nashik,Dhule,198,2024-25,ANM,"JAWAHAR MED.FOUNDATION, SON , DHULE",40,0
5603,Nashik,Dhule,22,2024-25,ANM,RAJANI SMRUTI NSG SCH. DONDAICHA SHINDKHEDA DHULE,30,22
5604,Nashik,Dhule,297,2024-25,ANM,"NANDA AAI BAHU. NURSING TRAINING CENTRE, DEOPUR, DHULE",20,11
5605,Nashik,Dhule,425,2024-25,ANM,"KIRAN NURSING SCHOOL, KAPADNE, DHULE",20,0
5606,Nashik,Dhule,427,2024-25,ANM,"SAU. R.G. MALI NURSING COLLEGE, AKLAD , DHULE",20,7
5607,Nashik,Dhule,585,2024-25,ANM,"RANIMANSAHEB MANUBADEVI RAWAL NURSING SCHOOL, DONDAICHA, DHULE",40,23
5608,Nashik,Dhule,586,2024-25,ANM,"D.S. NURSING SCHOOL, SAKRI, DHULE",20,20
5609,Nashik,Dhule,804,2024-25,ANM,"Palak Nursing Institute, Shirpur, Dhule",40,40
5610,Nagpur,Gadchiroli,1164,2024-25,ANM,"SAVITRIBAI FULE ANM NURSING SCHOOL, MEDHHA GADCHIROLI",60,60
5611,Nagpur,Gadchiroli,1309,2024-25,ANM,"Dr. Arun Motghare Nursing School, Desaiganj, Gadchiroli",40,2
5612,Nagpur,Gadchiroli,253,2024-25,ANM,"DR. SALVE NURSING INSTITUTE COLLEGE , GADCHIROLI",30,18
5613,Nagpur,Gadchiroli,360,2024-25,ANM,"NAVJEEVAN NURSING SCHOOL, CHAMORSHI, GADCHIROLI",20,13
5614,Nagpur,Gadchiroli,519,2024-25,ANM,"Laxmi Nursing Training Centre ANM, Kurkheda, Gadchiroli",20,0
5615,Nagpur,Gadchiroli,672,2024-25,ANM,"SHRI SAI SCHOOL OF NURSING, ARMORI, GADCHIROLI",20,11
5616,Nagpur,Gondia,1041,2024-25,ANM,"ASHWINI NURSING TRAINING SCHOOL, GONDIA",20,0
5617,Nagpur,Gondia,1260,2024-25,ANM,"SHREE DATTA NURSING SCHOOL, TAL. AMGAON, DIST. GONDIA",40,40
5618,Nagpur,Gondia,531,2024-25,ANM,"Shri Dattatraya Prabhu Bahu. Shikshan Sanstha, Tiroda, Gondia",30,30
5619,Nagpur,Gondia,550,2024-25,ANM,"Gondia Nursing College, Gondia",20,0
5620,Nagpur,Gondia,552,2024-25,ANM,"S. CHANDRA SCHOOL OF NURSING, ARJUNI GONDIA",20,16
5621,Nagpur,Gondia,558,2024-25,ANM,"S.R.V. NURSING SCHOOL, DAWAKI, TAL DEORI DIST GONDIA",20,0
5622,Nagpur,Gondia,658,2024-25,ANM,"KAMALATAI BUDHE NURSING SCHOOL, GONDIA",20,20
5623,Nagpur,Gondia,689,2024-25,ANM,"HEALTH CARE NURSING SCHOOL, AMGAON, GONDIA",20,10
5624,Nagpur,Gondia,769,2024-25,ANM,"S. CHANDRA NURSING SCHOOL, AMGAON, GONDIA",20,0
5625,Nagpur,Gondia,770,2024-25,ANM,"SMT. GUNAMALA JAIN CHARITABLE TRUSTS INSTITUTE OF NURSING EDUCATION, GONDIA",20,17
5626,Nagpur,Gondia,771,2024-25,ANM,"SMT. LAXMIBAI CHANDEKAR NURSING SCHOOL, GORGAON, GONDIA",20,20
5627,Nagpur,Gondia,772,2024-25,ANM,"GONDIA CITY INSTITUTE OF NURSING PARAMEDICAL SCIENCES, GONDIA",20,0
5628,Nagpur,Gondia,819,2024-25,ANM,"S.M.Nursing School, Gondia",20,0
5629,Nagpur,Gondia,937,2024-25,ANM,"RADHABAI BAHEKAR SCHOOL OF NURSING, GONDIA.",20,20
5630,Chh. Sambhaji Nagar,Hingoli,1038,2024-25,ANM,"V.B.N. NURSING SCHOOL, HINGOLI",20,20
5631,Chh. Sambhaji Nagar,Hingoli,1132,2024-25,ANM,Indira Gandhi Nursing School Hingoli,60,60
5632,Chh. Sambhaji Nagar,Hingoli,1194,2024-25,ANM,"BHAGWANBABA SCHOOL OF NURSING, KOTHLAJ, HINGOLI",40,40
5633,Chh. Sambhaji Nagar,Hingoli,1195,2024-25,ANM,"SUBHADRA NURSING SCHOOL, KALAMNURI, HINGOLI",40,22
5634,Chh. Sambhaji Nagar,Hingoli,1391,2024-25,ANM,"ADARSH ANM & GNM NURSING SCHOOL BASMAT, HINGOLI",40,40
5635,Chh. Sambhaji Nagar,Hingoli,581,2024-25,ANM,"JAI HIND NURSING SCHOOL, HINGOLI",20,20
5636,Chh. Sambhaji Nagar,Hingoli,751,2024-25,ANM,"SHRAVNI INSTISUTE OF NURSING, BASMAT, HINGOLI",20,20
5637,Chh. Sambhaji Nagar,Hingoli,755,2024-25,ANM,"YESHWANT INSTITUTE OF NURSING SCHOOL, HINGOLI",40,39
5638,Chh. Sambhaji Nagar,Hingoli,791,2024-25,ANM,"INDIRA GANDHI NURSING SCHOOL, BASMAT, HINGOLI",20,0
5639,Chh. Sambhaji Nagar,Hingoli,795,2024-25,ANM,"LATE S. D. MASKE SCHOOL OF NURSING, HINGOLI",20,10
5640,Chh. Sambhaji Nagar,Hingoli,798,2024-25,ANM,"MOTHER TERESA NURSING SCHOOL, HINGOLI",20,0
5641,Chh. Sambhaji Nagar,Hingoli,829,2024-25,ANM,"Ananditai Bengal Nursing School, Sengaon, Hingoli",60,60
5642,Nashik,Jalgaon,1128,2024-25,ANM,G.M Institute of Nursing Jamner,40,17
5643,Nashik,Jalgaon,1170,2024-25,ANM,"MEDILINE INSTITUTE OF NURSING,KUSUMBA,JALGAON",40,37
5644,Nashik,Jalgaon,1234,2024-25,ANM,"Dr. Ketki Patil School of Nursing, Jalgaon",20,0
5645,Nashik,Jalgaon,1460,2024-25,ANM,"GLOBAL NURSING SCHOOL (A.N.M.), PACHORA, JALGAON",30,30
5646,Nashik,Jalgaon,1596,2024-25,ANM,"AROMIRA SCHOOL OF NURSING, DHARANGAON, JALGAON",60,32
5647,Nashik,Jalgaon,27,2024-25,ANM,"BHAGINI MANDAL SCHOOL OF NURSING, CHOPDA , JALGAON",25,18
5648,Nashik,Jalgaon,31,2024-25,ANM,"KHANDESH NURISNG INSTITUTE, CHALISGAON, JALGAON",20,0
5649,Nashik,Jalgaon,323,2024-25,ANM,"GODAVARI COLLEGE OF NURSING , JALGAON",30,16
5650,Nashik,Jalgaon,368,2024-25,ANM,"DADASAHEB DR. SURESH G. PATIL COLLEGE OF NURSING , CHOPDA , JALGAON",40,40
5651,Chh. Sambhaji Nagar,Jalna,1031,2024-25,ANM,"Sharda Nursing School,Jalna",20,15
5652,Chh. Sambhaji Nagar,Jalna,1149,2024-25,ANM,A.M.D Institute Of Nursing Jalna,40,25
5653,Chh. Sambhaji Nagar,Jalna,1189,2024-25,ANM,"JAY AMBE SCHOOL OF NURSING, AMBAD ROAD JALNA",40,36
5654,Chh. Sambhaji Nagar,Jalna,1219,2024-25,ANM,"Raje Chhatrapati Paramedical and Nursing College Mahora, Jafrabad Jalna",60,36
5655,Chh. Sambhaji Nagar,Jalna,1566,2024-25,ANM,"JIJAU SCHOOL OF NURSING, SASHT PIMPALGAON, AMBAD, JALNA",40,39
5656,Chh. Sambhaji Nagar,Jalna,169,2024-25,ANM,"SHRI SAI INSTITUE OF NURSING, JALNA",20,2
5657,Chh. Sambhaji Nagar,Jalna,283,2024-25,ANM,"VASANTRAO NAIK SHIKSHAN PRASARAK MANDAL, JALNA",20,0
5658,Chh. Sambhaji Nagar,Jalna,432,2024-25,ANM,"JALNA NURSING SCHOOL, SHELGAON, JALNA",20,0
5659,Chh. Sambhaji Nagar,Jalna,494,2024-25,ANM,"Mathsyodari Nursing School, Tal Ambad, Jalna",20,20
5660,Chh. Sambhaji Nagar,Jalna,509,2024-25,ANM,"Shraddha Commercial Technical Institute Society, Jalna",20,0
5661,Chh. Sambhaji Nagar,Jalna,830,2024-25,ANM,"Om Shanti Nursing School, Bhokardan, Jalna",20,10
5662,Pune,Kolhapur,1133,2024-25,ANM,Sharad College Of Nursing Ichalkaranji,40,40
5663,Pune,Kolhapur,1269,2024-25,ANM,"SAI INSTITUTE OF NURSING, TAL. GADHINGLAJ, DIST. KOLHAPUR",50,0
5664,Pune,Kolhapur,272,2024-25,ANM,"SAU. JEBELINA NURSING SCHOOL, GARGOTI, KOLHAPUR",20,16
5665,Pune,Kolhapur,287,2024-25,ANM,"KURUNDWAD INST. OF NURSING EDUCATION,SHIROL, KOLHAPUR",20,20
5666,Pune,Kolhapur,305,2024-25,ANM,"CREATIVE NURSING SCHOOL , GADHINGLAJ , KOLHAPUR",20,20
5667,Pune,Kolhapur,355,2024-25,ANM,"SAHAKAR MAHARSHI TATYASHEB KORE NURSING SCHOOL , HATKANGALE, KOLHAPUR",20,14
5668,Pune,Kolhapur,428,2024-25,ANM,"SHRI BHAIRAVNATH NURSING SCHOOL , ICHALKARANJI , KOLHAPUR",40,29
5669,Pune,Kolhapur,481,2024-25,ANM,"SAVITRIBAI PHULE COLLEGE OF NURSING, KOLHAPUR",20,16
5670,Pune,Kolhapur,502,2024-25,ANM,"SANJEEVA NURSING SCHOOL, KOLHAPUR",20,20
5671,Pune,Kolhapur,53,2024-25,ANM,"DR. J. J. MAGDUM SON, SHIROL, KOLHAPUR",20,0
5672,Pune,Kolhapur,582,2024-25,ANM,"SANT GAJANAN MAHARAJ SCHOOL OF NURSING, CHINCHEWADI, GADHINGLAJ, KOLHAPUR",20,0
5673,Pune,Kolhapur,59,2024-25,ANM,"WESTERN MAHARASHTRA SCHOOL OF NURSING, TILWANI, KOLHAPUR",20,19
5674,Pune,Kolhapur,616,2024-25,ANM,"SHRI SIDDHI NURSING SCHOOL, KAGAL, KOLHAPUR",20,20
5675,Pune,Kolhapur,617,2024-25,ANM,"SIDDHAGIRI NURSING INSTITUTE, KARVEER, KOLHAPUR",20,0
5676,Pune,Kolhapur,74,2024-25,ANM,"KEDARI REDEKAR NURSING SCHOOL, GADHINGLAJ, KOLHAPUR",30,0
5677,Pune,Kolhapur,78,2024-25,ANM,"FLORENCE SCHOOL OF NURSING, MAHAGAON, GADHINGLAJ, KOLHAPUR",20,16
5678,Pune,Kolhapur,808,2024-25,ANM,"Late. Ushatai Nursing School, Kolhapur",20,8
5679,Pune,Kolhapur,83,2024-25,ANM,"MAHALAXMI NURSING INSTITUTE, KOLHAPUR",20,20
5680,Pune,Kolhapur,89,2024-25,ANM,"Y.D. MANE SCHOOL OF NURSING, KAGAL, KOLHAPUR",30,19
5681,Pune,Kolhapur,92,2024-25,ANM,"ADHAAR NURSING SCHOOL, AJRA KOLHAPUR",20,19
5682,Pune,Kolhapur,93,2024-25,ANM,"KAI. BALWANTRAO HANUMANTRAO PATIL SHIKSHAN PRASARAK MANDAL, KARVIR,
KOLHAPUR",20,20
5683,Pune,Kolhapur,96,2024-25,ANM,"SARASWATI GAIKWAD NURSING SCHOOL , KOTOLI, PANHALA, KOLHAPUR",20,15
5684,Chh. Sambhaji Nagar,Latur,1114,2024-25,ANM,"KSPM's Jijamata Nursing School, Latur",60,0
5685,Chh. Sambhaji Nagar,Latur,1138,2024-25,ANM,"Mother Teresa RANM Nursing Institute Yeshwant Society,Udgir Latur",20,19
5686,Chh. Sambhaji Nagar,Latur,1216,2024-25,ANM,"Shifa Institute of Nursing College Ausa,Latur",20,20
5687,Chh. Sambhaji Nagar,Latur,1299,2024-25,ANM,"RENAISSANCE SCHOOL OF NURSING, DIST. LATUR",40,40
5688,Chh. Sambhaji Nagar,Latur,1302,2024-25,ANM,"SMT. KALPANATAI PATIL NURSING COLLEGE, DEONI, UDGIR, LATUR",30,19
5689,Chh. Sambhaji Nagar,Latur,1343,2024-25,ANM,"SPARSH INSTITUTE OF NURSING COLLEGE, LATUR",20,20
5690,Chh. Sambhaji Nagar,Latur,1355,2024-25,ANM,"KOHINOOR A.N.M. NURSING SCHOOL,LATUR",40,40
5691,Chh. Sambhaji Nagar,Latur,174,2024-25,ANM,"INDIRA GANDHI NURSING SCHOOL, LATUR",30,27
5692,Chh. Sambhaji Nagar,Latur,335,2024-25,ANM,"G.B .PATIL SCHOOL OF NURSING, UDGIR, LATUR",20,16
5693,Chh. Sambhaji Nagar,Latur,336,2024-25,ANM,"SHRI BHAGWAN NURSING SCHOOL, LATUR",20,1
5694,Chh. Sambhaji Nagar,Latur,353,2024-25,ANM,"YASHWANT NURSING TRAINING SCHOOL, AHMADPUR, LATUR",20,20
5695,Chh. Sambhaji Nagar,Latur,356,2024-25,ANM,"NAVJEEVAN CHARITABLE TRUST, LATUR",20,11
5696,Chh. Sambhaji Nagar,Latur,363,2024-25,ANM,"BHIVRAI NURSING SCHOOL, LATUR",20,20
5697,Chh. Sambhaji Nagar,Latur,364,2024-25,ANM,"BALVIKAS MAHILA MANDAL, SCHOOL OF NURSING, LATUR",20,20
5698,Chh. Sambhaji Nagar,Latur,371,2024-25,ANM,"LATE MAHALINGE SWAMI NURSING SCHOOL, LATUR",20,20
5699,Chh. Sambhaji Nagar,Latur,383,2024-25,ANM,"RASTRAMATA JIJAU NURSING SCHOOL, NILANGA, LATUR",20,18
5700,Chh. Sambhaji Nagar,Latur,394,2024-25,ANM,"TIRMULLA A.N.M. NURSING SCHOOL, JALKOT, LATUR",20,10
5701,Chh. Sambhaji Nagar,Latur,420,2024-25,ANM,"SANT RAMBHAU A.N.M. SCHOOL , AHMEDPUR , LATUR",20,20
5702,Chh. Sambhaji Nagar,Latur,492,2024-25,ANM,"New Vision School of Nursing, Latur",20,9
5703,Chh. Sambhaji Nagar,Latur,546,2024-25,ANM,"SWAMI VIVEKANAND SCHOOL OF NURSING, UDGIR, LATUR",20,0
5704,Chh. Sambhaji Nagar,Latur,565,2024-25,ANM,"Sarojini Naidu School of Nursing, Chakur, Latur",20,15
5705,Chh. Sambhaji Nagar,Latur,696,2024-25,ANM,"JIJAMATA NURSING SCHOOL, LATUR",20,0
5706,Chh. Sambhaji Nagar,Latur,699,2024-25,ANM,"S.G.NURSING SCHOOL, LATUR",20,0
5707,Chh. Sambhaji Nagar,Latur,714,2024-25,ANM,"JAWALGE NURSING SCHOOL, LATUR",20,20
5708,Chh. Sambhaji Nagar,Latur,719,2024-25,ANM,"DAYEE INSTITUTE OF NURSING,LATUR",20,4
5709,Chh. Sambhaji Nagar,Latur,728,2024-25,ANM,"PUSHPAI NURSING SCHOOL, AHMEDPUR, LATUR",20,0
5710,Chh. Sambhaji Nagar,Latur,748,2024-25,ANM,"SAVITHRIBAI PULE NURSING SCHOOL, JALKOT, LATUR",20,10
5711,Chh. Sambhaji Nagar,Latur,753,2024-25,ANM,"SUVIDHA NURSING SCHOOL, LATUR",20,0
5712,Chh. Sambhaji Nagar,Latur,765,2024-25,ANM,"MAHARASHTARA NURSING SCHOOL, CHAKUR, LATUR",20,20
5713,Chh. Sambhaji Nagar,Latur,775,2024-25,ANM,"MATRUBHOOMI NURSING SCHOOL, UDGIR, LATUR",30,30
5714,Chh. Sambhaji Nagar,Latur,788,2024-25,ANM,"NEW MOTHER TERESA A.N.M. SCHOOL OF NURSING, UDGIR, LATUR",20,14
5715,Chh. Sambhaji Nagar,Latur,831,2024-25,ANM,"RAJGURU SCHOOL OF NURSING, UDGIR, LATUR",20,20
5716,Chh. Sambhaji Nagar,Latur,837,2024-25,ANM,"Bapurao Shelke Nursing School, Ahmedpur, Latur",20,20
5717,Konkan,Mumbai City,2,2024-25,ANM,"AKI INSTITUTE OF NURSING, NAGPADA, MUMBAI",20,8
5718,Konkan,Mumbai City,3,2024-25,ANM,"SMT. S. C. NANAVATI OF POLYTECHNIC SCHOOL OF NURSING, MUMBAI",40,40
5719,Konkan,Mumbai Suburban,1011,2024-25,ANM,"SMT. D.Y.SAWANT NURSING SCHOOL, BHANDUP",20,16
5720,Nagpur,Nagpur,103,2024-25,ANM,"MAHAL MATERNITY HOM, SON, NAGPUR",15,13
5721,Nagpur,Nagpur,1040,2024-25,ANM,"INDIRA GANDHI SCHOOL OF NURSING,Golchha marg,sadar, NAGPUR",20,20
5722,Nagpur,Nagpur,1044,2024-25,ANM,"AVATAR MEHER BABA SCHOOL OF NURSING, NAGPUR",20,13
5723,Nagpur,Nagpur,1110,2024-25,ANM,"Shri K.R.Pandav College of Nursing and Hospital, Nagpur",60,37
5724,Nagpur,Nagpur,114,2024-25,ANM,"SWAMI VIVEKANAND MED MISSION, PARSODI, SON, KHAPRI , NAGPUR",20,20
5725,Nagpur,Nagpur,1155,2024-25,ANM,"Smt. Rajkamal Tidke Institute of Nursing Mouda, Nagpur",40,0
5726,Nagpur,Nagpur,120,2024-25,ANM,"DR.DALVI MEMORIAL HOSPITAL, SON, NAGPUR",40,11
5727,Nagpur,Nagpur,121,2024-25,ANM,"RIGHT VALUE INSTITUTE OF NURSING, NAGPUR",20,10
5728,Nagpur,Nagpur,123,2024-25,ANM,"TIRPUDE NURSING TRAINING SCHOOL, NAGPUR",40,0
5729,Nagpur,Nagpur,1268,2024-25,ANM,"SHRI SAIBABA COLLEGE OF NURSING, NAGPUR",50,30
5730,Nagpur,Nagpur,1395,2024-25,ANM,"SHREE KOLTE PATIL NURSING COLLEGE WADI, NAGPUR",40,0
5731,Nagpur,Nagpur,141,2024-25,ANM,"KALYANI NURSING SCHOOL, NAGPUR",20,5
5732,Nagpur,Nagpur,142,2024-25,ANM,"RENUKA NURSING SCHOOL, HINGANA, NAGPUR",20,0
5733,Nagpur,Nagpur,251,2024-25,ANM,"SURETECH COLLEGE OF NURSING, NAGPUR",30,8
5734,Nagpur,Nagpur,266,2024-25,ANM,"ARNEJA INSTITUTE OF NURSING SCIENCES , NAGPUR",20,20
5735,Nagpur,Nagpur,267,2024-25,ANM,"ASHARAM SCHOOL OF NURSING , NAGPUR",20,0
5736,Nagpur,Nagpur,280,2024-25,ANM,"MATRU SEVA SANGH NURSING SCHOOL,SITABULDI ,MATERNITY HOME NAGPUR",40,15
5737,Nagpur,Nagpur,329,2024-25,ANM,"MOTHER TERESA NURSING INSTITUTE , NAGPUR",20,18
5738,Nagpur,Nagpur,343,2024-25,ANM,"MADHUKARRAO MAHAKALKAR NURSING SCHOOL , DIGHORI , NAGPUR",30,19
5739,Nagpur,Nagpur,482,2024-25,ANM,SMT. HANSABEN NURSING SCHOOL NAGPUR,20,10
5740,Nagpur,Nagpur,515,2024-25,ANM,"SUVARNA SCHOOL OF NURSING SAONER, NAGPUR",20,20
5741,Nagpur,Nagpur,516,2024-25,ANM,"Indira Gandhi ANM Nursing School, Tal Bhiwapur, Nagpur",20,20
5742,Nagpur,Nagpur,663,2024-25,ANM,"SAIRAM SCHOOL OF NURSING, RAMTEK, NAGPUR",20,0
5743,Nagpur,Nagpur,666,2024-25,ANM,"ACHARYA VINOBA BHAVE SCHOOL OF NURSING, KATOL, NAGPUR",50,50
5744,Nagpur,Nagpur,683,2024-25,ANM,"SUMANTAI WASNIK INSTITUTE OF NURSING, NAGPUR",20,12
5745,Nagpur,Nagpur,688,2024-25,ANM,"POOJA NURSING SCHOOL, NAGPUR",40,22
5746,Nagpur,Nagpur,825,2024-25,ANM,"Aakar School of Nursing, Nagpur",20,13
5747,Nagpur,Nagpur,826,2024-25,ANM,"Tanisq School of Nursing, Nagpur",30,30
5748,Nagpur,Nagpur,924,2024-25,ANM,"Shree Sai School of Nursing, Umrer, Nagpur",20,7
5749,Chh. Sambhaji Nagar,Nanded,1005,2024-25,ANM,"Matoshri Nursing School, Nanded",20,17
5750,Chh. Sambhaji Nagar,Nanded,1014,2024-25,ANM,"TIRUMALA ANM SCHOOL OF NURSING,HADGAON,NANDED",50,42
5751,Chh. Sambhaji Nagar,Nanded,1129,2024-25,ANM,Rajmudra ANM Nursing School Nanded,40,27
5752,Chh. Sambhaji Nagar,Nanded,1226,2024-25,ANM,"Mauli Nursing School Taroda, Nanded",40,40
5753,Chh. Sambhaji Nagar,Nanded,1232,2024-25,ANM,"Swami Vivekanand Nursing A.N.M. College, Cidco Nanded",40,36
5754,Chh. Sambhaji Nagar,Nanded,1368,2024-25,ANM,"JIJAU COLLEGE OF NURSING & RESEARCH CENTER MARKHEL, DEGLOOR, NANDED",30,13
5755,Chh. Sambhaji Nagar,Nanded,1496,2024-25,ANM,"KAI. MATHURABAI INGLE SCHOOL OF NURSING (A.N.M.) MUKHED, NANDED",40,0
5756,Chh. Sambhaji Nagar,Nanded,1524,2024-25,ANM,"NIRMITI NURSING COLLEGE, NANDED",40,25
5757,Chh. Sambhaji Nagar,Nanded,159,2024-25,ANM,"SMT. PRAMILATAI BHALERAO SCHOOL OF NURSING, Nanded",30,0
5758,Chh. Sambhaji Nagar,Nanded,273,2024-25,ANM,"INDIRA GANDHI NURSING SCHOOL, MUKHED, NANDED",20,15
5759,Chh. Sambhaji Nagar,Nanded,279,2024-25,ANM,"LOTUS NURSING INSTITUTE, NANDED",20,0
5760,Chh. Sambhaji Nagar,Nanded,304,2024-25,ANM,"DR. G. A. GAIKWAD INSTITUTE OF NURSING, DEGLOOR, NANDED",20,19
5761,Chh. Sambhaji Nagar,Nanded,533,2024-25,ANM,"Sharadrao Nursing College, Naigona Nanded",20,10
5762,Chh. Sambhaji Nagar,Nanded,534,2024-25,ANM,DHARTI SCHOOL OF NURSING MALEGAON RD NANDED,20,20
5763,Chh. Sambhaji Nagar,Nanded,535,2024-25,ANM,"Satabai Landge Nursing School, Nanded",20,20
5764,Chh. Sambhaji Nagar,Nanded,566,2024-25,ANM,"Indira Gandhi School of Nursing, Loha, Nanded",20,11
5765,Chh. Sambhaji Nagar,Nanded,708,2024-25,ANM,"KOMALBAI MUNDE NURSING SCHOOL, MUKHED, NANDED",20,20
5766,Chh. Sambhaji Nagar,Nanded,709,2024-25,ANM,"GANSHANTI NURSING SCHOOL, NANDED",30,30
5767,Chh. Sambhaji Nagar,Nanded,710,2024-25,ANM,"RAM RATAN NURSING INSTITUTE, BHOKAR, NANDED",40,40
5768,Chh. Sambhaji Nagar,Nanded,712,2024-25,ANM,"SHAKUNTALA NURSING INSTITUTE, MUDKHED, NANDED",20,14
5769,Chh. Sambhaji Nagar,Nanded,717,2024-25,ANM,"GOVINDRAO PAUL NURSING SCHOOL, NANDED",30,30
5770,Chh. Sambhaji Nagar,Nanded,723,2024-25,ANM,"SUBHADRA INSTITUTE NURSING SCHOOL, BILOLI, NANDED",20,11
5771,Chh. Sambhaji Nagar,Nanded,732,2024-25,ANM,"SWAMI RAMANAND TIRTH NURSING INSTITITUE, KANDHAR, NANDED",20,7
5772,Chh. Sambhaji Nagar,Nanded,757,2024-25,ANM,"BHIVRAJ KALANTRI NURSING INSTITUTE, NANDED",20,15
5773,Chh. Sambhaji Nagar,Nanded,760,2024-25,ANM,"RAJMATA JIJAU NURSING SCHOOL, NANDED",50,43
5774,Chh. Sambhaji Nagar,Nanded,763,2024-25,ANM,"MOTHER TERESA NURSING SCHOOL, NANDED",20,19
5775,Chh. Sambhaji Nagar,Nanded,764,2024-25,ANM,"OMKAR NURSING SCHOOL, BILOLI, NANDED",20,20
5776,Chh. Sambhaji Nagar,Nanded,767,2024-25,ANM,"ADARSHA NURSING SCHOOL, DEGLOOR, NANDED",20,0
5777,Chh. Sambhaji Nagar,Nanded,781,2024-25,ANM,"NARMADA NURSING INSTITUTE , LOHA, NANDED",20,9
5778,Chh. Sambhaji Nagar,Nanded,792,2024-25,ANM,"MUKTAI NURSING SCHOOL, NANDED",50,29
5779,Chh. Sambhaji Nagar,Nanded,799,2024-25,ANM,"MOTHER TERESA NURSING INSTITUTE, KANDHAR, NANDED",20,20
5780,Chh. Sambhaji Nagar,Nanded,832,2024-25,ANM,"Akshay Nursing School, Nanded",50,50
5781,Chh. Sambhaji Nagar,Nanded,971,2024-25,ANM,"Marathwada Nursing School, Nanded",20,20
5782,Nashik,Nandurbar,1243,2024-25,ANM,"Shri. Swami Samarth Nursing College, Nandurbar",40,40
5783,Nashik,Nandurbar,1252,2024-25,ANM,"SANTOSHI MATA SCHOOL OF NURSING, NANDURBAR",20,20
5784,Nashik,Nandurbar,19,2024-25,ANM,"K.D. GAVIT NURSING SCHOOL, PATHRAI , NANDURBAR",20,16
5785,Nashik,Nashik,1144,2024-25,ANM,"Jeevak School Of Nursing,Mhasrul Nashik",30,24
5786,Nashik,Nashik,1157,2024-25,ANM,"SHREYA NURSING SCHOOL, KALWAN, NASHIK",60,43
5787,Nashik,Nashik,12,2024-25,ANM,GANPATRAO ADKE INE. NASIK,20,6
5788,Nashik,Nashik,1284,2024-25,ANM,"SAI SIDDHI SCHOOL OF NURSING, YEOLA, NASHIK",40,40
5789,Nashik,Nashik,13,2024-25,ANM,"NASIK MEDICO TRAINING COLLEGE OF NURSING, NASIK",40,14
5790,Nashik,Nashik,17,2024-25,ANM,"RACHANA SCHOOL OF NURSING, NASHIK",40,14
5791,Nashik,Nashik,18,2024-25,ANM,"S.N.D. SCHOOL OF NURSING, JES, YEOLA, NASIK",60,0
5792,Nashik,Nashik,206,2024-25,ANM,"SAHYADRI SEVA SANSTHA , INSTITUTE OF NURSING , NASIK",20,16
5793,Nashik,Nashik,30,2024-25,ANM,"KARUNA SCHOOL OF NURSING, MANMAD, NASHIK",30,26
5794,Nashik,Nashik,309,2024-25,ANM,"SHREE SWAMI NARAYAN NURSING INSTITUE, NASIK",40,11
5795,Nashik,Nashik,325,2024-25,ANM,"MATOSHRI SCHOOL OF A.N.M. NURSING , EKLAHARE, NASIK",60,29
5796,Nashik,Nashik,33,2024-25,ANM,"NAMCO SCHOOL OF NURSING, NASIK",30,11
5797,Nashik,Nashik,330,2024-25,ANM,"MATOSHRI SCHOOL OF A.N.M. NURSING , BABULGAON , NASIK",60,0
5798,Nashik,Nashik,37,2024-25,ANM,"VISHWASATTAYA SCHOOL OF NURSING, OZAR",30,30
5799,Nashik,Nashik,38,2024-25,ANM,"NASHIK NURSING SCHOOL, NASHIK",20,20
5800,Nashik,Nashik,488,2024-25,ANM,"SAI NURSING SCHOOL, MALEGAON NASHIK",20,19
5801,Nashik,Nashik,497,2024-25,ANM,"SWAMI VIVEKANAND SANSTHA, MALEGAON, NASHIK",20,11
5802,Nashik,Nashik,541,2024-25,ANM,"KALWAN NURSING SCHOOL, KALWAN, NASHIK",20,20
5803,Nashik,Nashik,542,2024-25,ANM,"DINDORI SCHOOL OF NURSING, DINDORI, NASHIK",20,20
5804,Nashik,Nashik,543,2024-25,ANM,"YEOLA SCHOOL OF NURSING, YEOLA, NASHIK",20,20
5805,Nashik,Nashik,567,2024-25,ANM,"MATOSHRI ASARABAI DARADE SCHOOL OF NURSING, YEOLA, NASHIK",60,8
5806,Nashik,Nashik,588,2024-25,ANM,"PETH NURSING SCHOOL, PETH, NASHIK",20,19
5807,Nashik,Nashik,589,2024-25,ANM,"IGATPURI NURSING SCHOOL, IGATPURI, NASHIK",20,20
5808,Nashik,Nashik,590,2024-25,ANM,"NIFAD NURSING SCHOOL, NIFAD, NASHIK",20,20
5809,Nashik,Nashik,591,2024-25,ANM,"MANMAD NURSING SCHOOL, YEOLA, NASHIK",20,0
5810,Nashik,Nashik,592,2024-25,ANM,"SAI CARE NURSING SCHOOL, NASHIK",60,60
5811,Nashik,Nashik,593,2024-25,ANM,"JIJAMATA NURSING SCHOOL, MALEGAON, NASHIK",60,60
5812,Nashik,Nashik,597,2024-25,ANM,"RAJEEV GANDHI GNM NURSING COLLEGE, SINNAR, NASHIK",60,57
5813,Nashik,Nashik,598,2024-25,ANM,"TANMAYI NURSING INSTITUTE, NASHIK",40,25
5814,Nashik,Nashik,601,2024-25,ANM,"KARM. R. S. WAGH EDUCATION HEALTH SANSTHAS SCHOOL OF NURSING, DINDORI, NASHIK",20,13
5815,Chh. Sambhaji Nagar,Dharashiv,1137,2024-25,ANM,"INSTITUTE OF NURSING, WASHI, OSMANABAD",20,0
5816,Chh. Sambhaji Nagar,Dharashiv,271,2024-25,ANM,"INDIRA GANDHI NURSING SCHOOL, OSMANABAD",20,20
5817,Chh. Sambhaji Nagar,Dharashiv,316,2024-25,ANM,"JEEVAN JYOT AROGYA SHIKSHAN SANSTHA, SCHOOL OF NURSING, OSMANABAD",20,6
5818,Chh. Sambhaji Nagar,Dharashiv,349,2024-25,ANM,"HALO NURSING SCHOOL, ANADUR, TULJAPUR",20,15
5819,Chh. Sambhaji Nagar,Dharashiv,366,2024-25,ANM,"SAI NURSING SCHOOL, OSMANABAD",20,0
5820,Chh. Sambhaji Nagar,Dharashiv,559,2024-25,ANM,"Late Changdevrao Banger Nursing School, Tal Bhum, Osmanabad",20,8
5821,Chh. Sambhaji Nagar,Dharashiv,711,2024-25,ANM,"BILL GATES NURSING SCHOOL, OSMANABAD",20,0
5822,Chh. Sambhaji Nagar,Dharashiv,718,2024-25,ANM,"RENUKA NURSING RANM SCHOOL, KALAMB, OSMANABAD",20,18
5823,Chh. Sambhaji Nagar,Dharashiv,776,2024-25,ANM,"SUSAIN A.N.M. NURSING SCHOOL, OSMANABAD",20,20
5824,Chh. Sambhaji Nagar,Dharashiv,777,2024-25,ANM,"K.T. PATIL SCHOOL OF NURSING, OSMANABAD",50,13
5825,Chh. Sambhaji Nagar,Dharashiv,787,2024-25,ANM,"SAI NURSING COLLEGE, UMERGA, OSMANABAD",20,20
5826,Konkan,Palghar,1117,2024-25,ANM,"Shantai Nursing School, Palghar",60,60
5827,Konkan,Palghar,1184,2024-25,ANM,"PRAJAPATI COLLEGE OF NURSING,KUDUS, PALGHAR",50,50
5828,Konkan,Palghar,1215,2024-25,ANM,"Ideal Institute of Nursing, Wada Palghar",60,0
5829,Konkan,Palghar,1258,2024-25,ANM,"VEDANTAA INSTITUTE OF NURSING MEDICAL SCIENCES, SASWANDGAON, TAL. DAHANU, DIST.
PALGHAR",60,0
5830,Konkan,Palghar,587,2024-25,ANM,"SHREE GAJANAN MAHARAJ COLLEGE OF NURSING AND RESEARCH CENTER JAWHAR,
PALGHAR",20,12
5831,Chh. Sambhaji Nagar,Parbhani,1032,2024-25,ANM,"Aai Institute of Nursing, Parbhani",20,5
5832,Chh. Sambhaji Nagar,Parbhani,1039,2024-25,ANM,"BLESSING INSTITUTE OF NURSING, PARBHANI",20,20
5833,Chh. Sambhaji Nagar,Parbhani,1127,2024-25,ANM,"DNYANAI INSTITUTE OF NURSING SCHOOL Karegaon, PARBHANI",40,0
5834,Chh. Sambhaji Nagar,Parbhani,1130,2024-25,ANM,"Dnyanai Nursing School Karegaon,Parbhani",50,50
5835,Chh. Sambhaji Nagar,Parbhani,1344,2024-25,ANM,"VITTHALA NURSING SCHOOL LONI, PATHRI, PARBHANI",40,40
5836,Chh. Sambhaji Nagar,Parbhani,1362,2024-25,ANM,"SUNRISE SCHOOL OF NURSING, PURNA, PARBHANI",40,40
5837,Chh. Sambhaji Nagar,Parbhani,1397,2024-25,ANM,"SAVITRIBAI PHULE NURSING SCHOOL MANWAT, PARBHANI",40,33
5838,Chh. Sambhaji Nagar,Parbhani,1449,2024-25,ANM,"SAHARA A.N.M. NURSING SCHOOL, PARBHANI",40,40
5839,Chh. Sambhaji Nagar,Parbhani,170,2024-25,ANM,"MAULI INSTITUTE OF NURSING, PARBHANI",20,0
5840,Chh. Sambhaji Nagar,Parbhani,290,2024-25,ANM,"MATOSHRI NURSING SCHOOL, PARBHANI",20,19
5841,Chh. Sambhaji Nagar,Parbhani,365,2024-25,ANM,"BHARATRATNA MOTHER TERSA NURSING SCHOOL, SELU, PARBHANI",20,20
5842,Chh. Sambhaji Nagar,Parbhani,367,2024-25,ANM,"INSTITUTE OF NURSING EDUCATION,MANWATH, PARBHANI",20,20
5843,Chh. Sambhaji Nagar,Parbhani,374,2024-25,ANM,"TIRUPATI NURSING SCHOOL,PARBHANI",40,29
5844,Chh. Sambhaji Nagar,Parbhani,421,2024-25,ANM,"MADHAV A.N.M. SCHOOL, PARBHANI",20,10
5845,Chh. Sambhaji Nagar,Parbhani,476,2024-25,ANM,"Dr.Prafulla Patil Nursing School, Parbhani",20,14
5846,Chh. Sambhaji Nagar,Parbhani,477,2024-25,ANM,"BELESHWAR INSTITUTE OF NURSING, PARBHANI",20,20
5847,Chh. Sambhaji Nagar,Parbhani,496,2024-25,ANM,"SAKSHI NURSING SCHOOL, MANWAT, PARBHANI",20,20
5848,Chh. Sambhaji Nagar,Parbhani,705,2024-25,ANM,"INDIRA GANDHI A.N.M. NURSING SCHOOL, PARBHANI",60,60
5849,Chh. Sambhaji Nagar,Parbhani,722,2024-25,ANM,"RAJMATA AHILYA DEVI INSTITUTION OF NURSING, PARBHANI",20,20
5850,Chh. Sambhaji Nagar,Parbhani,724,2024-25,ANM,"LATE ANNASAHEB KAKDE NURSING SCHOOL, SAILU, PARBHANI",20,18
5851,Chh. Sambhaji Nagar,Parbhani,725,2024-25,ANM,"KAI. MUNIRAM NIKE NURSING SCHOOL, SONPETH, PARBHANI",20,20
5852,Chh. Sambhaji Nagar,Parbhani,726,2024-25,ANM,"DHANWANTARI NURSING SCHOOL, PALAM, PARBHANI",20,12
5853,Chh. Sambhaji Nagar,Parbhani,727,2024-25,ANM,"RADHAI INSTITUTE OF NURSING SCHOOL, GANGAKHED, PARBHANI",50,50
5854,Chh. Sambhaji Nagar,Parbhani,738,2024-25,ANM,"RAJIV GANDHI NURSING SCHOOL, PARBHANI",20,20
5855,Chh. Sambhaji Nagar,Parbhani,740,2024-25,ANM,"SAMARTH NURSING SCHOOL, PARBHANI",20,8
5856,Chh. Sambhaji Nagar,Parbhani,756,2024-25,ANM,"SHRI SURESHDADA DESHMUKH INSTITUTE OF NURSING, PARBHANI",20,18
5857,Chh. Sambhaji Nagar,Parbhani,782,2024-25,ANM,"DNYANAI INSTITUTE OF NURSING SCHOOL, PARBHANI",40,40
5858,Chh. Sambhaji Nagar,Parbhani,786,2024-25,ANM,"TORJA NURSING SCHOOL, PARBHANI",20,0
5859,Chh. Sambhaji Nagar,Parbhani,790,2024-25,ANM,"SAISHA NURSING SCHOOL, PURNA, PARBHANI",20,15
5860,Chh. Sambhaji Nagar,Parbhani,793,2024-25,ANM,"SHRI SAI INSTITUTION OF NURSING SCHOOL, JINTOR, PARBHANI",20,20
5861,Chh. Sambhaji Nagar,Parbhani,794,2024-25,ANM,"YESHWANT INSTITUTE OF NURSING, PARBHANI",20,20
5862,Chh. Sambhaji Nagar,Parbhani,834,2024-25,ANM,"Kalpana Chawala Nursing School, Parbhani",40,40
5863,Pune,Pune,1286,2024-25,ANM,"SHINE NURSING SCHOOL, HAVELI, PUNE",60,11
5864,Pune,Pune,1402,2024-25,ANM,"GLOBAL INSTITUTE OF NURSING EDUCATION, SADASHIV PETH, PUNE",20,0
5865,Pune,Pune,1404,2024-25,ANM,"SURYADATTA COLLEGE OF NURSING, PARAMEDICAL SCIENCES & TECHNOLOGY(SCNPST),
BAVDHAN, PUNE",60,2
5866,Pune,Pune,1527,2024-25,ANM,"SHRI. SAI PIONEER NURSING SCHOOL, MAVAL, PUNE",40,0
5867,Pune,Pune,221,2024-25,ANM,"Maharshi Karve Stree Shikshan Samstha SMT BAKUL TAMBAT INSTITUTE OF NURSING
EDUCATION, KARVE NAGAR PUNE",30,7
5868,Pune,Pune,226,2024-25,ANM,"DWARIKA SANGAMNER INSTITUTE OF NURSING EDUCATION, PUNE",20,6
5869,Pune,Pune,231,2024-25,ANM,"C Y DANGAT PATIL SHIKSHAN AND KRIDA MANDAL, SCHOOL OF NURSING , PUNE",20,11
5870,Pune,Pune,232,2024-25,ANM,"GIRIRAJ SCHOOL OF NURSING , BARAMATI",50,43
5871,Pune,Pune,301,2024-25,ANM,"PUKHRAJ NAGRAJ RANKA SCHOOL OF NURSING , PUNE",20,0
5872,Pune,Pune,317,2024-25,ANM,"TEJASWINI NURSING SCHOOL, JUNNAR, PUNE",40,40
5873,Pune,Pune,318,2024-25,ANM,"SHARDABAI PAWAR INSTITUTE OF NURSING, PUNE",40,13
5874,Pune,Pune,393,2024-25,ANM,"JAY INSTITUTE OF NURSING , INDAPUR , PUNE",20,20
5875,Pune,Pune,405,2024-25,ANM,"JANAKI INSTITUTE OF NURSING EDUCATION , PUNE",20,7
5876,Pune,Pune,45,2024-25,ANM,"SETH TARACHAND R.C.A. SCH. OF NSG HOSPITAL, PUNE",20,12
5877,Pune,Pune,46,2024-25,ANM,"Maharashtra Arogya Mandal's Institute of Nursing Education,Malwadi,Hadapsar,Pune",40,31
5878,Pune,Pune,47,2024-25,ANM,"JANASEVA FOUNDATION SCH. OF NSG, PUNE",30,30
5879,Pune,Pune,499,2024-25,ANM,"Sushrusha Nursing School, Ap Daund, Pune",50,16
5880,Pune,Pune,500,2024-25,ANM,"SUSHILA NURSING SCHOOL, DAUND, PUNE",50,50
5881,Pune,Pune,508,2024-25,ANM,"PRIYADARSHINI SHAK. BAU. GRAM VIKAS MAHILA SEVABHAVI MANDAL, SCHOOL OF NURSING,
SHIRUR, PUNE",20,20
5882,Pune,Pune,609,2024-25,ANM,"PANDURANG KRUPA NURSING SCHOOL, SHIRUR, PUNE",20,20
5883,Pune,Pune,610,2024-25,ANM,"SHIRUR SCHOOL OF NURSING, SHIRUR, PUNE",20,8
5884,Pune,Pune,62,2024-25,ANM,"Sevadham Trust A.S.M.T. SON, MAVAL, PUNE,",20,0
5885,Pune,Pune,633,2024-25,ANM,"TILAK MAHARASHTRA VIDYAPEETH INSTITUTE OF NURSING EDUCATION RESEARCH, PUNE",20,15
5886,Pune,Pune,637,2024-25,ANM,"LATE UDHAVRAO TULSHIRAM JADHAVAR FOUNDATIONS INSTITUTE OF NURSING, PUNE",50,50
5887,Pune,Pune,65,2024-25,ANM,"ANAND MEDICAL FOUNDATION, SON, KURULI, KHED, PUNE",40,7
5888,Pune,Pune,650,2024-25,ANM,"YASH INSTITUTE OF NURSING PARAMEDICAL SCIENCES, INDAPUR, PUNE",20,20
5889,Pune,Pune,68,2024-25,ANM,"SANT DNYANESHWAR MED EDUS,SCHOOL OF NURSING, PUNE",20,2
5890,Pune,Pune,76,2024-25,ANM,"MEERA NURSING SCHOOL, SASWAD, PUNE",30,15
5891,Pune,Pune,898,2024-25,ANM,"Dhareshwar Institute of Nursing, Pune",40,30
5892,Konkan,Raigarh,1023,2024-25,ANM,"MANGAON EDUCATION TRUST, MANGAON, RAIGAD",20,10
5893,Konkan,Raigarh,1154,2024-25,ANM,"Sara School Of Nursing Taloja,Navi Mumbai",20,0
5894,Konkan,Raigarh,16,2024-25,ANM,"NOOTAN SCHOOL OF NURSING, RAIGAD",30,0
5895,Konkan,Raigarh,208,2024-25,ANM,"PRABHAKAR PATIL INSTITUTE OF NURSING EDUCATION, PEN",20,0
5896,Konkan,Raigarh,23,2024-25,ANM,"LIFE LINE HOSPITAL, PANVEL",20,20
5897,Konkan,Raigarh,5,2024-25,ANM,"WOMENS INDIA TRUST, PANVEL",20,20
5898,Konkan,Raigarh,595,2024-25,ANM,"D. D. VISPUTE SCHOOL OF NURSING, PANVEL, RAIGAD",30,10
5899,Konkan,Ratnagiri,1276,2024-25,ANM,"MAHARSHI KARVE STREE SHIKSHAN SAMSTHA'S COLLEGE OF NURSING, RATNAGIRI",20,19
5900,Chh. Sambhaji Nagar,Dharashiv,1311,2024-25,ANM,"SANJAYRAO VASANTRAO KADAM COLLEGE OF NURSING & RESEARCH CENTRE, (A.N.M)",40,4
5901,Konkan,Ratnagiri,14,2024-25,ANM,"RAMRAJE SCH. NSG, RCON DAPOLI, RATNAGIRI",20,18
5902,Konkan,Ratnagiri,1478,2024-25,ANM,"NAVNIRMAN INSTITUTE OF NURSING EDUCATION LOVALE, SANGAMNER, RATNAGIRI",20,10
5903,Konkan,Ratnagiri,1484,2024-25,ANM,"SAHYADRI INSTITUTE OF NURSING EDUCATION, KHARAWATE-DAHIWALI, CHIPLUN, RATNAGIRI",30,0
5904,Konkan,Ratnagiri,281,2024-25,ANM,"SAMARTH INSTITUTE OF NURSING EDUCATION, DERVAN",20,20
5905,Konkan,Ratnagiri,29,2024-25,ANM,"PARKAR MEDICAL FOUNDATION SCHOOL OF NURSING, RATNAGIRI",20,17
5906,Konkan,Ratnagiri,352,2024-25,ANM,M.E.S SCHOOL OF NURSING KHED RATNAGIRI,30,30
5907,Konkan,Ratnagiri,806,2024-25,ANM,"Devang A.N.M. Nursing School, Ratnagiri",20,18
5908,Konkan,Ratnagiri,870,2024-25,ANM,"The Yash Foundations College of Nursing Medical Research Institute, Ratnagiri",30,26
5909,Pune,Sangli,1289,2024-25,ANM,"UJWALA SCHOOL OF NURSING, SANGLI",40,19
5910,Pune,Sangli,1421,2024-25,ANM,"SHRIRATNA INSTITUTE OF NURSING COLLEGE, MIRAJ, SANGLI",20,10
5911,Pune,Sangli,228,2024-25,ANM,"LOKNETE RAJARAMBAPU PATIL , TRG. COLL. OF NURSING , ISLAMPUR, WALWA, SANGLI",20,0
5912,Pune,Sangli,230,2024-25,ANM,"KASEGAON EDUCATION SOCIETY, SCHOOL OF NURSING, ISLAMPUR, SANGLI",20,20
5913,Pune,Sangli,284,2024-25,ANM,"ADARSH NURSING SCHOOL, VITA, SANGLI",20,15
5914,Pune,Sangli,294,2024-25,ANM,"HUTATMA INSTITUTE OF NURSING , WALWA , SANGLI",20,20
5915,Pune,Sangli,418,2024-25,ANM,"MATOSHRI HIRAI DESHMUKH NURSING COLLEGE , SHIRALA , SANGLI",20,0
5916,Pune,Sangli,501,2024-25,ANM,"CHINGUAAI INSTITUTE OF NURSING EDUCATION, KAVATHE MAHANKAL, SANGLI",20,14
5917,Pune,Sangli,507,2024-25,ANM,"ABHINAV INSTITUTE OF NURSING EDUCATION, MIRAJ, SANGLI",20,11
5918,Pune,Sangli,526,2024-25,ANM,"VIDYA SAGAR NURSING SCHOOL, SANGLI",20,20
5919,Pune,Sangli,57,2024-25,ANM,"SAHAKARMAHARSHI VISHNUANNA PATIL NURSING SCHOOL, SANGLI",20,7
5920,Pune,Sangli,58,2024-25,ANM,"DESAI CHARITABLE TRUST TAL. MIRAJ, SANGLI",30,30
5921,Pune,Sangli,60,2024-25,ANM,"ABHINAV SCHOOL OF NURSING ASHTA, WALWA, SANGLI",30,17
5922,Pune,Sangli,623,2024-25,ANM,"KEDARNATH NURSING SCHOOL, ISLAMPUR, SANGLI",20,20
5923,Pune,Sangli,627,2024-25,ANM,"LAXMIPRABHA NURSING INSTITUTE, MIRAJ, SANGLI",30,23
5924,Pune,Sangli,628,2024-25,ANM,"SHABBIR AHMED ANSARI NURSING SCHOOL, MIRAJ, SANGLI",40,40
5925,Pune,Sangli,635,2024-25,ANM,"DHANVANTARI INSTITUTE OF NURSING PARAMEDICAL SCIENCES, SHIRALA, SANGLI",20,0
5926,Pune,Sangli,651,2024-25,ANM,"SHRI DATTA SCHOOL OF NURSING, SHIRALA, SANGLI",20,20
5927,Pune,Sangli,66,2024-25,ANM,"KAMAL INSTITUTE OF NURSING EDUCATION, JATH, SANGLI",20,15
5928,Pune,Sangli,70,2024-25,ANM,"HON.R.R.PATIL INSTITUTE OF NSG EDUCATION,SANGLI",30,20
5929,Pune,Sangli,71,2024-25,ANM,"KRANTIAGRANI G.D.BAPU LAD SCH OF NS, SANGLI",20,20
5930,Pune,Sangli,72,2024-25,ANM,"UMA INST. OF NURSING EDUCATION, SANGLI",20,0
5931,Pune,Sangli,809,2024-25,ANM,"Smt. Padmini Institute of Nursing Paramedical Sciences, Atpadi, Sangli",20,20
5932,Pune,Sangli,82,2024-25,ANM,"KULLOLLI CH.TRUSTS, SCHOOL OF NURSING, MIRAJ, SANGLI",30,24
5933,Pune,Satara,233,2024-25,ANM,"LATE NARAYANDAS BHAWANGDAS CHHABADA TRAINING COLLEGE OF NURSING, SATARA",20,12
5934,Pune,Satara,270,2024-25,ANM,"SHAKUNTALA INSTITUTE OF NURSING EDUCATION , SATARA",20,9
5935,Pune,Satara,303,2024-25,ANM,"APARNA INST. OF NURSING EDUCATION , KARAD",40,0
5936,Pune,Satara,306,2024-25,ANM,"SANJEEVAN MEDICAL COLLEGE OF NURSING , SATARA",30,17
5937,Pune,Satara,386,2024-25,ANM,"SHIVRASHTRA COLLEGE OF NURSING , KARAD , SATARA",20,18
5938,Pune,Satara,480,2024-25,ANM,"BEL AIR COLLEGE OF NURSING, PANCHAGANI, SATARA",50,35
5939,Pune,Satara,645,2024-25,ANM,"WILLIS F. PIERCE MEMORIAL HOSPITAL, WAI, SATARA",20,16
5940,Pune,Satara,807,2024-25,ANM,"RAJMATA NURSING SCHOOL, SATARA",20,10
5941,Pune,Satara,90,2024-25,ANM,"PHALTAN EDUCATION SOCIETY, SCHOOL OF NURSING, PHALTAN ,SATARA",20,20
5942,Pune,Satara,91,2024-25,ANM,"KANISHKA CHARITABLE TRUSTS, SCHOOL OF NURSING ,SATARA",20,10
5943,Konkan,Sindhudurg,1034,2024-25,ANM,"LATE MRS. ABOLI KULDEEP PEDNEKAR NURSING INSTITUTE, PINGULI, SINDHUDURG",20,10
5944,Konkan,Sindhudurg,199,2024-25,ANM,"MANAV SADHAN VIKAS SANSTHA, SON, KUDAL, SINDHUDURG",40,0
5945,Konkan,Sindhudurg,35,2024-25,ANM,"SHREE ANANT SMRUTI SCHOOL OF NURSING, KASAL",20,5
5946,Konkan,Sindhudurg,36,2024-25,ANM,"IDEAL NURSING SCHOOL, KANKAVALI, SINDHUDURG",20,0
5947,Konkan,Sindhudurg,362,2024-25,ANM,"BR. NATH PAI INSTITUTE OF NURSING, PINGULI, SINDHUDURGA",40,18
5948,Konkan,Sindhudurg,487,2024-25,ANM,"SARASWATI ANM NURSING SCHOOL, KANKAVLI, SINDHUDURG",20,20
5949,Konkan,Sindhudurg,584,2024-25,ANM,"MAI NURSING SCHOOL, KUDAL",20,5
5950,Pune,Solapur,1033,2024-25,ANM,"Swami Samarth Nursing School,Solapur",20,20
5951,Pune,Solapur,1052,2024-25,ANM,"SMT. KAMALBEN PATEL INSTITUTE OF NURISNG, KUMBHARI, SOLAPUR",20,20
5952,Pune,Solapur,1186,2024-25,ANM,"SHRIRAM INSTITUTE OF NURSING, PANIV",60,53
5953,Pune,Solapur,1271,2024-25,ANM,"RASHTRAMATA JIJAU NURSING COLLEGE BHANDISHEGAON, TAL. PANDHARPUR, DIST.
SOLAPUR",40,31
5954,Pune,Solapur,241,2024-25,ANM,"SAHARA INSTITUTE OF NURSING EDUCATION, AKLUJ , SOLAPUR",20,16
5955,Pune,Solapur,296,2024-25,ANM,"BINIT NURSING INSTITUTE , SOLAPUR",20,13
5956,Pune,Solapur,395,2024-25,ANM,"RAJMATA JIJAU NURSING SCHOOL, PANDHARPUR",20,20
5957,Pune,Solapur,42,2024-25,ANM,"DHANRAJGIRIJI HOSPITAL, SOLAPUR",20,0
5958,Pune,Solapur,434,2024-25,ANM,"MODERN INSTITUTE OF NURSING, MADHA, SOLAPUR",20,14
5959,Pune,Solapur,449,2024-25,ANM,"DHANVANTERI SCHOOL OF NURSING , MALSHIRAS , SOLAPUR",30,13
5960,Pune,Solapur,56,2024-25,ANM,"BHAKTI MEDICAL FOUNDATION SCHOOL OF NURSING, SOLAPUR, PANDHARPUR",20,0
5961,Pune,Solapur,583,2024-25,ANM,"SAVITRIBAI PHULE NURSING SCHOOL, WAKHARI, SOLAPUR",20,16
5962,Pune,Solapur,636,2024-25,ANM,"VIJAYSINH MOHITE PATIL SCHOOL OF NURSING, MALSHIRAS, SOLAPUR",40,11
5963,Pune,Solapur,638,2024-25,ANM,"SARDARBI INSTITUTE OF NURSING EDUCATION, MOHOL, SOLAPUR",20,5
5964,Pune,Solapur,64,2024-25,ANM,"SHIVAJI SHIKSHAN PRASARAK MANDALS, SON, BARSHI, SOLAPUR",30,29
5965,Pune,Solapur,642,2024-25,ANM,"JANKALYAN INSTITUTE OF NURSING EDUCATION, PANDHARPUR, SOLAPUR",20,15
5966,Pune,Solapur,652,2024-25,ANM,"DHANSHRI INSTITUTE OF NURSING, MADHA, SOLAPUR",20,20
5967,Pune,Solapur,75,2024-25,ANM,"SHRI MARKANDEY SOLAPUR SAHAKARI RUGNALAYA, SOLAPUR",25,0
5968,Konkan,Thane,1022,2024-25,ANM,"SAKET GYANPEETH TRUST, THANE",20,20
5969,Konkan,Thane,1169,2024-25,ANM,"ARYAVEER INSTITUTE OF NURSING,MURBAD THANE",40,29
5970,Konkan,Thane,1207,2024-25,ANM,"SMT. VIMALADEVI KHYALILAL VAGHARECHA COLLEGE OF NURSING EDUCATION, MAJIWADA,
THANE",60,0
5971,Konkan,Thane,1241,2024-25,ANM,"SHILP BHARAT COLLEGE OF NURSING, KASARVADAVLI, THANE",40,40
5972,Konkan,Thane,1251,2024-25,ANM,"A.V.G. INSTITUTE OF NURSING EDUCATION, THANE",30,0
5973,Konkan,Thane,1295,2024-25,ANM,"SAI CARE NURSING SCHOOL, TAL. SHAHAPUR, DIST. THANE",50,19
5974,Konkan,Thane,201,2024-25,ANM,"INSTITUTE OF NURSING EDUCATION , DOMBIVALI",20,0
5975,Konkan,Raigarh,26,2024-25,ANM,"KALAVATI INSTITUTE OF NURSING EDUCATION, AIROLI NAVI MUMBAI",40,5
5976,Konkan,Thane,484,2024-25,ANM,"NAVJEEVAN SCHOOL OF NURSING, SHAHAPUR, THANE",20,15
5977,Konkan,Thane,485,2024-25,ANM,"DAYANAND SCHOOL OF NURSING, VADOLI TALASARI THANE",25,20
5978,Konkan,Raigarh,486,2024-25,ANM,"PRATIBHA SCHOOL OF NURSING, KOPERKHAIRANE, NAVI MUMBAI",20,19
5979,Konkan,Thane,489,2024-25,ANM,"N. K. T. T. SCHOOL OF NURSING, BHIWANDI, THANE",20,0
5980,Nagpur,Wardha,101,2024-25,ANM,"FLORENCE NIGHTINGALE TRAINING COLLEGE OF NURSING,WARDHA.",60,47
5981,Nagpur,Wardha,1045,2024-25,ANM,"MAHATMA GANDHI NURSING INSTITUTE, DEOLI, WARDHA",20,17
5982,Nagpur,Wardha,117,2024-25,ANM,"BHARTIYA MAHILA VIKAS NURSING SCHOOL, RAMNAGAR, WARDHA",30,1
5983,Nagpur,Wardha,139,2024-25,ANM,"SHRI RADHASWAMI NURSING SCHOOL, WARDHA",13,0
5984,Nagpur,Wardha,140,2024-25,ANM,"JANATA NURSING SCHOOL, HINGANGHAT, WARDHA",20,18
5985,Nagpur,Wardha,149,2024-25,ANM,"SHALOM SCHOOL OF NURSING, WARDHA",40,23
5986,Nagpur,Wardha,151,2024-25,ANM,"KASABAI SCHOOL OF NURSING, SEVAGRAM,WARDHA",20,0
5987,Nagpur,Wardha,328,2024-25,ANM,"EKVIRA DEVI EDUCATION SOCIETY, SCHOOL OF NURSING, WARDHA",20,0
5988,Nagpur,Wardha,331,2024-25,ANM,SARASWATI NURSING SCHOOL GUNJKHEDA WARDHA,60,24
5989,Nagpur,Wardha,348,2024-25,ANM,"KASABAI SCHOOL OF NURSING, SEVAGRAM, WARDHA",20,0
5990,Nagpur,Wardha,373,2024-25,ANM,"PARVATIBAI SCHOOL OF NURSING, WARDHA",30,22
5991,Nagpur,Wardha,523,2024-25,ANM,"NEW MAHARASHTRA INSTITUTE OF NURSING, MAHADEVPURA, WARDHA",20,20
5992,Nagpur,Wardha,557,2024-25,ANM,"Sunita Nursing School, Tal Shelu, Wardha",20,11
5993,Nagpur,Wardha,653,2024-25,ANM,"CHETNA NURSING INSTITUTE, WARDHA",20,15
5994,Nagpur,Wardha,659,2024-25,ANM,"NANDATAI LOHAVE SCHOOL OF NURSING, WARDHA",20,13
5995,Nagpur,Wardha,660,2024-25,ANM,"D. P. NURSING SCHOOL RESEARCH INSTITUTE, WARDHA",20,17
5996,Nagpur,Wardha,674,2024-25,ANM,"DR. SAVITA SCHOOL OF NURSING, WARDHA",20,20
5997,Nagpur,Wardha,686,2024-25,ANM,"SATAO NURSING TRAINING SCHOOL, WARDHA",20,14
5998,Nagpur,Wardha,813,2024-25,ANM,"Dimond Nursing Institute, Deoli, Wardha",20,20
5999,Nagpur,Wardha,814,2024-25,ANM,"Kasturba Nurisng School Mandgaon, Samudrapur, Wardha",20,17
6000,Amravati,Washim,1223,2024-25,ANM,"Sanmati Nursing school, Sawargaon Barde, Washim",40,0
6001,Amravati,Washim,124,2024-25,ANM,"MAA GANGA NURSING SCHOOL, WASHIM",20,10
6002,Amravati,Washim,1381,2024-25,ANM,"SUMANTAI SCHOOL OF NURSING, WASHIM",40,20
6003,Amravati,Washim,327,2024-25,ANM,"MANSI COLLEGE OF NURSING , WASHIM",40,21
6004,Amravati,Washim,548,2024-25,ANM,"Nazarene Nurses Training College, Pusad Road, Washim",20,0
6005,Amravati,Yavatmal,1002,2024-25,ANM,"Devyani School of Nursing, Yavatmal",20,13
6006,Amravati,Yavatmal,1106,2024-25,ANM,"Chintamani School of Nursing, Kalamb, Yavatmal",60,60
6007,Amravati,Yavatmal,115,2024-25,ANM,"HELEN ROSE SCHOOL OF NURSING UMRI, YAVATMAL",20,20
6008,Amravati,Yavatmal,119,2024-25,ANM,"SUMITRABAI THAKARE TRAINING COLLEGE OF NURSING, YAVATMAL",30,28
6009,Amravati,Yavatmal,125,2024-25,ANM,"PADOLE NURSING SCHOOL, YAVATMAL",20,0
6010,Amravati,Yavatmal,1321,2024-25,ANM,"MEDICARE COLLEGE OF NURSING, PUSAD, YAVATMAL",40,9
6011,Amravati,Yavatmal,134,2024-25,ANM,"TULSHIRAMJI SHEBE SCHOOL OF NURSING, PUSAD, YAVATMAL",30,30
6012,Amravati,Yavatmal,136,2024-25,ANM,"MUNGASAJI MAHARAJ NURSING SCHOOL, YAVATMAL",60,60
6013,Amravati,Yavatmal,137,2024-25,ANM,"MUNGASAJI MAHARAJ NURSING SCHOOL, DHARWA, YAVATMAL",60,60
6014,Amravati,Yavatmal,138,2024-25,ANM,DR. ARCHANATAI GADE PATIL SCHOOL OF NURSING LOHARA YAVATMAL,35,22
6015,Amravati,Yavatmal,256,2024-25,ANM,"PRUTHVIRAJ DESHMUKH NURSING INSTITUTE, LOHARA, YAVATMAL",20,9
6016,Amravati,Yavatmal,377,2024-25,ANM,"SHRI SWAMI SAMARTH NURSING SCHOOL, YAVATMAL",60,58
6017,Amravati,Yavatmal,410,2024-25,ANM,"SHRI VINAYAKRAOBAPU DESHMUKH NURSING SCHOOL , SAWARGAON , YAVATMAL",60,60
6018,Amravati,Yavatmal,431,2024-25,ANM,"MATOSHRI ORGANIZATION OF NURSING EDUCATION , YAVATMAL",20,8
6019,Amravati,Yavatmal,513,2024-25,ANM,"Jeevan Rekha School of Nursing, Tal Umarkhed, Yavatmal",20,20
6020,Amravati,Yavatmal,514,2024-25,ANM,"Sanjeevan Nursing School, Yavatmal,",20,16
6021,Amravati,Yavatmal,517,2024-25,ANM,"Yash Institute of Nursing, Athori Bazar, Yavatmal",40,40
6022,Amravati,Yavatmal,668,2024-25,ANM,"SWA. RUPESHKUMAR INGOLE SCHOOL OF NURSING, YAVATMAL",20,20
6023,Amravati,Yavatmal,670,2024-25,ANM,"MAHAJAN NURSING SCHOOL, YAVATMAL",20,20
6024,Amravati,Yavatmal,673,2024-25,ANM,"INDIRABAI BHOYAR SCHOOL OF NURSING, GHATANJI, YAVATMAL",20,12
6025,Amravati,Yavatmal,821,2024-25,ANM,"Varsharaj Nursing School, Wani, Yavatmal",20,18
6026,Konkan,Mumbai City,178,2024-25,GNM,"B.Y.L.NAIR CHA. HOSP, MUMBAI",100,99
6027,Konkan,Mumbai City,179,2024-25,GNM,"K.E.M. HOSPITAL , MUMBAI",100,100
6028,Konkan,Mumbai Suburban,180,2024-25,GNM,"L.T.M.G.HOSPITAL, SION, MUMBAI",100,100
6029,Konkan,Mumbai Suburban,186,2024-25,GNM,"HARILAL BHAGWATI MUNCIPAL GEN.HOSPITAL, SON, BORIVALI , MUMBAI",20,20
6030,Konkan,Mumbai City,187,2024-25,GNM,"DR.R.N.COOPER HOSPITAL, SON, MUMBAI",30,30
6031,Nashik,Ahilyanagar,39,2024-25,GNM,"GENERAL HOSPITAL,AHMEDNAGAR",40,40
6032,Amravati,Amravati,107,2024-25,GNM,"DIST.HOSPITAL FOR WOMEN , AMRAVATI",40,40
6033,Amravati,Amravati,248,2024-25,GNM,"GENERAL HOSPITAL, AMRAVATI",40,40
6034,Chh. Sambhaji Nagar,Beed,939,2024-25,GNM,"District Hospital, Beed",40,40
6035,Nagpur,Bhandara,112,2024-25,GNM,"GENERAL HOSPITAL, BHANDARA",40,40
6036,Nagpur,Chandrapur,109,2024-25,GNM,"GENERAL HOSPITAL,CHANDRAPUR",40,40
6037,Nagpur,Gadchiroli,113,2024-25,GNM,GENERAL HOSPITAL GADCHIROLI,40,40
6038,Nagpur,Gondia,1025,2024-25,GNM,"K.T.S. GENERAL HOSPITAL, GONDIA",40,40
6039,Chh. Sambhaji Nagar,Hingoli,1103,2024-25,GNM,"GENERAL HOSPITAL, HINGOLI",40,40
6040,Nashik,Jalgaon,10,2024-25,GNM,"GENERAL HOSPITAL, JALGAON",40,40
6041,Chh. Sambhaji Nagar,Jalna,446,2024-25,GNM,"GENERAL HOSPITAL, JALANA",40,40
6042,Chh. Sambhaji Nagar,Nanded,158,2024-25,GNM,"SHRI GURU GOVINDSINGHJI MEMORIAL HOSPITAL, SON, NANDED",40,40
6043,Nashik,Nandurbar,1101,2024-25,GNM,"GENERAL HOSPITAL, NANDURBAR",40,40
6044,Nashik,Nashik,1099,2024-25,GNM,"Training college of Nursing, general hospital malegaon nashik",40,40
6045,Nashik,Nashik,8,2024-25,GNM,"GENERAL HOSPITAL, NASIK",40,40
6046,Chh. Sambhaji Nagar,Dharashiv,161,2024-25,GNM,"GENERAL HOSPITAL, SON, OSMANABAD",40,40
6047,Chh. Sambhaji Nagar,Parbhani,1021,2024-25,GNM,"GENERAL HOSPITAL, PARBHANI",40,40
6048,Konkan,Raigarh,6,2024-25,GNM,"GENERAL HOSPITAL, ALIBAG",40,40
6049,Konkan,Ratnagiri,7,2024-25,GNM,"GENERAL HOSPITAL, RATNAGIRI",40,40
6050,Pune,Satara,40,2024-25,GNM,"GENERAL HOSPITAL, SATARA",40,40
6051,Konkan,Sindhudurg,400,2024-25,GNM,"GENERAL HOSPITAL, SINDHUDURG",40,40
6052,Konkan,Thane,4,2024-25,GNM,"V. S. GENERAL HOSPITAL, THANE",40,40
6053,Amravati,Washim,1050,2024-25,GNM,"GENERAL HOSPITAL, WASHIM",40,40
6054,Amravati,Akola,249,2024-25,GNM,"GENERAL HOSPITAL, AKOLA",20,20
6055,Chh. Sambhaji Nagar,Beed,1094,2024-25,GNM,"S.R.T.R. Govt. Med. College Hospital, Ambejogai",20,20
6056,Pune,Kolhapur,41,2024-25,GNM,"C.P.R. GENERAL HOSPITAL, KOLHAPUR",20,20
6057,Chh. Sambhaji Nagar,Latur,262,2024-25,GNM,"GENERAL HOSPITAL, LATUR",20,20
6058,Konkan,Mumbai City,175,2024-25,GNM,"G.T. HOSPITAL, MUMBAI",25,25
6059,Konkan,Mumbai City,177,2024-25,GNM,"ST. GEORGES HOSPITAL, MUMBAI",20,20
6060,Nagpur,Nagpur,244,2024-25,GNM,"INDIRA GANDHI MEDICAL COLLEGE HOSPITAL, NAGPUR",40,27
6061,Nashik,Dhule,1112,2024-25,GNM,"TCN Shri Bhausaheb Hire Government Medical College & Sarvopachar
Rugnalaya, Dhule",20,20
6062,Pune,Sangli,217,2024-25,GNM,"GENERAL HOSPITAL, SANGLI",20,20
6063,Pune,Solapur,218,2024-25,GNM,"GENERAL HOSPITAL, SOLAPUR",20,20
6064,Konkan,Mumbai City,181,2024-25,GNM,"M.G.M.HOSPITAL, PAREL , MUMBAI",20,20
6065,Konkan,Thane,193,2024-25,GNM,"SAU.MINATAI THAKARE INSTITUTE OF NURSING EDUCATION ,THANE",30,30
6066,Nashik,Ahilyanagar,1139,2024-25,GNM,"SAVITRIBAI PHULE RGNM NURSING COLLEGE, SHRIGONDA, AHMEDNAGAR",20,0
6067,Nashik,Ahilyanagar,1151,2024-25,GNM,"Shri. Dr. Kolpe Nursing College,Kolpewadi",60,60
6068,Nashik,Ahilyanagar,1166,2024-25,GNM,"SURYA NURSING COLLEGE GNM SANGAMNER,AHMEDNAGAR",60,52
6069,Nashik,Ahilyanagar,1175,2024-25,GNM,"Mula Pravara Nursing School,Newasa Ahmednagar",60,28
6070,Nashik,Ahilyanagar,1254,2024-25,GNM,AHMEDNAGAR,60,51
6071,Nashik,Ahilyanagar,1285,2024-25,GNM,"INDIRA GANDHI NURSING SCHOOL, PARNER, AHMEDNAGAR",40,40
6072,Nashik,Ahilyanagar,1296,2024-25,GNM,"INDIRA NURSING SCHOOL, JAMKED, AHMEDNAGAR",60,53
6073,Nashik,Ahilyanagar,1314,2024-25,GNM,"SAMARTH COLLEGE OF NURSING, AHMEDNAGAR",60,60
6074,Nashik,Ahilyanagar,1324,2024-25,GNM,"KAI. GODABAI RAMA DHONGE NURSING COLLEGE RAJUR, AKOLE, AHMEDNAGAR",60,60
6075,Nashik,Ahilyanagar,1341,2024-25,GNM,"SHRI GAJANAN MAHARAJ SCHOOL OF NURSING, PATHARDI, AHMEDNAGAR",40,26
6076,Nashik,Ahilyanagar,1399,2024-25,GNM,"KRUSHNATULSI INSTITUTE OF NURSING KOLGAON THADI, KOPARGAON, AHMEDNAGAR",60,60
6077,Nashik,Ahilyanagar,1415,2024-25,GNM,"DR. BHANUDAS DERE COLLEGE OF NURSING, SANGAMNER, AHMEDNAGAR",50,50
6078,Nashik,Ahilyanagar,1427,2024-25,GNM,"VEDIKA SCHOOL OF NURSING, SAVEDI, AHMEDNAGAR",40,40
6079,Nashik,Ahilyanagar,1489,2024-25,GNM,"HARISHCHANDRA MEDICAL FOUNDATION COLLEGE OF NURSING & RESEARCH CENTRE,
AKOLE, AHMEDNAGAR",40,40
6080,Nashik,Ahilyanagar,1509,2024-25,GNM,"TARABAI COLLEGE OF NURSING, AHMEDNAGAR",40,40
6081,Nashik,Ahilyanagar,1580,2024-25,GNM,"P. V. BELHEKAR COLLEGE OF NURSING, BHANASHIWARE, NEWASA, AHMEDNAGAR",40,40
6082,Nashik,Ahilyanagar,1583,2024-25,GNM,"SHUBH NURSING SCHOOL, BABURDI, AHMEDNAGAR",25,25
6083,Nashik,Ahilyanagar,1600,2024-25,GNM,"SHRI. CHHATRAPATI SHIVAJI MAHARAJ COLLEGE OF NURINNG, RAHURI, AHMEDNAGAR",40,35
6084,Nashik,Ahilyanagar,1605,2024-25,GNM,"DR. PALLAVI S. SURYAWANSHI COLLEGE OF NURSING, SAKAT, JAMKHED, AHMEDNAGAR",40,13
6085,Nashik,Ahilyanagar,1606,2024-25,GNM,"ATALBIHARI VAJPAYEE COLLEGE OF NURSING, JALKE BK., NEWASA, AHMEDNAGAR",40,40
6086,Nashik,Ahilyanagar,212,2024-25,GNM,"E.BOOTH HOSPITAL, AHMEDNAGAR",20,20
6087,Nashik,Ahilyanagar,213,2024-25,GNM,"ST.LUKES HOSPITAL, SHRIRAMPUR, AHMEDNAGAR",25,25
6088,Nashik,Ahilyanagar,214,2024-25,GNM,"PRAVARA MED. TRUST, COLLEGE OF NURSING, LONI, AHMEDNAGAR",100,90
6089,Nashik,Ahilyanagar,224,2024-25,GNM,"SHRI VIVEKANAND SCHOOL OF NURSING , RAHURI , AHMEDNAGAR",60,60
6090,Nashik,Ahilyanagar,234,2024-25,GNM,"ANAND RISHIJI HOSPITAL MEDICA RES CENTRE, SON, AHMEDNAGAR",40,40
6091,Nashik,Ahilyanagar,235,2024-25,GNM,"PAD DR. V. VIKHE PATIL INSTITUTE OF NURSING EDUCATION, AHMEDNAGAR",80,79
6092,Nashik,Ahilyanagar,278,2024-25,GNM,"PARVATIBAI MHASKE INSTITUTE OF NURSING, AHMEDNAGAR",60,60
6093,Nashik,Ahilyanagar,282,2024-25,GNM,"MAHARASHTRA HOMOEOPATHIC FOUNDATIONS SCHOOL OF NURSING , PATHAR ,
AHMEDNAGAR",80,80
6094,Nashik,Ahilyanagar,342,2024-25,GNM,"SAI NURSING INSTITUTE , RAHATA, AHMEDNAGAR",60,59
6095,Nashik,Ahilyanagar,506,2024-25,GNM,"KOPERGAON TALUKA VIDYARTHI SAHAYYAK SCHOOL OF NURSING,KOPERGAON",60,60
6096,Nashik,Ahilyanagar,51,2024-25,GNM,KRANTI SCHOOL OF NURSING AHMEDNAGAR,40,40
6097,Nashik,Ahilyanagar,524,2024-25,GNM,"SHREE SAI NURSING SCHOOL, JAMKHED, AHMEDNAGAR",60,3
6098,Nashik,Ahilyanagar,604,2024-25,GNM,"MANGALA INSTITUTE OF NURSING EDUCATION,AKOLE, AHMEDNAGAR",40,39
6099,Nashik,Ahilyanagar,608,2024-25,GNM,"ABHINAV NURSING SCHOOL, AHMEDNAGAR",60,60
6100,Nashik,Ahilyanagar,625,2024-25,GNM,"SHRUTI NURSING SCHOOL, SHRIRAMPUR, AHMEDNAGAR",60,54
6101,Nashik,Ahilyanagar,629,2024-25,GNM,"LATE BHAU DAJI PATIL DESHMUKH GRAMIN VIKAS PRATISHTHANS RANM SCHOOL,
AHMEDNAGAR",60,60
6102,Nashik,Ahilyanagar,634,2024-25,GNM,"JIJAMATA NURSING SCHOOL, SHEVGAON, AHMEDNAGAR",40,40
6103,Nashik,Ahilyanagar,647,2024-25,GNM,"SIDDHAKALA SCHOOL OF NURSING, SANGAMNER, AHMEDNAGAR",60,60
6104,Nashik,Ahilyanagar,73,2024-25,GNM,"SEVA NURSING SCHOOL, AHMEDNAGAR",80,80
6105,Nashik,Ahilyanagar,878,2024-25,GNM,VIJAYA SCHOOL OF NURSING PARNER AHMEDNAGAR,60,41
6106,Nashik,Ahilyanagar,880,2024-25,GNM,"Praytna Nursing College, Ahmednagar",80,80
6107,Nashik,Ahilyanagar,884,2024-25,GNM,"Sant Eknath Institute of Nursing, Shevgaon, Ahmednagar",60,60
6108,Nashik,Ahilyanagar,889,2024-25,GNM,"Swami Samarth Nursing College, Kolpewadi, Ahmednagar",70,70
6109,Nashik,Ahilyanagar,896,2024-25,GNM,"Jijamata Nursing School, Newasa, Ahmednagar",40,39
6110,Nashik,Ahilyanagar,902,2024-25,GNM,"Vamanrao Ithape RGNM School, Sangamner, Ahmednagar",60,60
6111,Amravati,Akola,1020,2024-25,GNM,"ANGEL OF MERCY INSTITUTE OF NURSING SCIENCE, AKOLA",40,40
6112,Amravati,Akola,1118,2024-25,GNM,"Shree Samarth Nursing College, Balapur, Akola",50,48
6113,Amravati,Akola,118,2024-25,GNM,"INSTITUTE OF NURSING EDUCATION & RESEARCH, AKOLA",60,60
6114,Amravati,Akola,1191,2024-25,GNM,"MAHATMA PHULE NURSING SCHOOL GNM BABHULGAON, AKOLA",60,60
6115,Amravati,Akola,122,2024-25,GNM,"NATIONAL SCHOOL OF NURSING , AKOLA",40,40
6116,Amravati,Akola,1222,2024-25,GNM,"Late Pandurang patil Nursing School, Kanheri Barshi Takli, Akola",40,28
6117,Amravati,Akola,1375,2024-25,GNM,"SHREE SANT SAIBABA NURSING COLLEGE BRAMHNI, MURTIJAPUR, AKOLA",50,50
6118,Amravati,Akola,1426,2024-25,GNM,"SHRIRAM INSTITUTE OF NURSING, KAULKHED, AKOLA",40,40
6119,Amravati,Akola,1607,2024-25,GNM,"DR. VANDANATAI DHONE NURSING SCHOOL, BABHULGAON, AKOLA",60,60
6120,Amravati,Akola,289,2024-25,GNM,"RADHIKA NURSING SCHOOL, AKOLA",40,40
6121,Amravati,Akola,568,2024-25,GNM,"MAHARSHI WALMIKI INSTITUTE OF NURSING MALKAPUR,AKOLA",60,60
6122,Amravati,Akola,928,2024-25,GNM,SAVITRIBAI FULE SCHOOL OF NURSING AKOLA,60,30
6123,Amravati,Akola,994,2024-25,GNM,"MAHATMA PHULE NURSING SCHOOL, AKOLA",60,60
6124,Amravati,Amravati,1043,2024-25,GNM,"ASHA NURSING SCHOOL, AMRAVATI",60,55
6125,Amravati,Amravati,116,2024-25,GNM,"MAA GAYATRI SCHOOL OF NURSING, ACHALPUR, AMRAVATI",40,32
6126,Amravati,Amravati,1162,2024-25,GNM,"Gurukul Nursing Institute, Daryapur Amravati",40,40
6127,Amravati,Amravati,1200,2024-25,GNM,"FATEMA COLLEGE OF NURSING, AMRAVATI",60,60
6128,Amravati,Amravati,1275,2024-25,GNM,"VATSALYA COLLEGE OF NURSING, NERPINGLAI, MORSHI, AMRAVATI",30,30
6129,Amravati,Amravati,1279,2024-25,GNM,"DR. RAJENDRA GODE G.N.M. NURSING SCHOOL, AMRAVATI",40,40
6130,Amravati,Amravati,1287,2024-25,GNM,"TRIDENT INSTITUTE OF NURSING, AMRAVATI",50,47
6131,Amravati,Amravati,1316,2024-25,GNM,"MELGHAT INSTITUTE OF NURSING, CHIKHALDARA, AMRAVATI",40,40
6132,Amravati,Amravati,1319,2024-25,GNM,"SHRI SANT LAHANUJI MAHARAJ COLLEGE OF NURSING, CHANDUR, AMRAVATI",40,34
6133,Amravati,Amravati,1425,2024-25,GNM,"SHRIRAM COLLEGE OF NURSING, MORSHI, AMRAVATI",40,40
6134,Amravati,Amravati,146,2024-25,GNM,DR. PANJABRAO DESHMUKH INST. OF NSG. AMRAVATI,80,80
6135,Amravati,Amravati,1479,2024-25,GNM,"ORANGE CITY INSTITUTE OF NURSING, ROSHANKHEDE, WARUD, AMRAVATI",40,40
6136,Amravati,Amravati,1508,2024-25,GNM,"AHEMAN COLLEGE OF NURSING CHIKHALDARA, AMRAVATI",40,40
6137,Amravati,Amravati,1519,2024-25,GNM,"VIDYANIKETAN COLLEGE OF NURSING ANJANGAON, SURJI, AMRAVATI",40,0
6138,Amravati,Amravati,1536,2024-25,GNM,"RENUKA COLLEGE OF NURSING, BHANKHEDA, AMRAVATI",50,50
6139,Amravati,Amravati,1556,2024-25,GNM,"BABA COLLEGE OF NURSING, DARYAPUR, AMRAVATI",40,40
6140,Amravati,Amravati,372,2024-25,GNM,"SMT. VASUNDHARABAI GHUIKHEDKAR NURSING SCHOOL, AMRAVATI",60,60
6141,Amravati,Amravati,656,2024-25,GNM,"SARASWATI INSTITUTE OF NURSING SCIENCES AND RESEARCH, AMRAVATI",50,50
6142,Amravati,Amravati,823,2024-25,GNM,"Maa Renuka School of Nursing, Bhatkuli, Amravati",40,40
6143,Chh. Sambhaji Nagar,Chh. Sambhaji Nagar,1082,2024-25,GNM,"Dr. Hedgewar College of Nursing, Garkheda, Aurangabad",40,40
6144,Chh. Sambhaji Nagar,Chh. Sambhaji Nagar,1159,2024-25,GNM,"SAVITRIBAI PHULE NURSING SCHOOL GANGAPUR, AURANGABAD",60,60
6145,Chh. Sambhaji Nagar,Chh. Sambhaji Nagar,1174,2024-25,GNM,"SWAMI RAMDAS NURSING COLLEGE, BHALGAON AURANGABAD",60,60
6146,Chh. Sambhaji Nagar,Chh. Sambhaji Nagar,1250,2024-25,GNM,"SWAMI VIVEKANAND SCHOOL OF NURSING, AURANGABAD",60,60
6147,Chh. Sambhaji Nagar,Chh. Sambhaji Nagar,1310,2024-25,GNM,"Godavari School of Nursing GNM, Aurangabad",100,100
6148,Chh. Sambhaji Nagar,Chh. Sambhaji Nagar,1323,2024-25,GNM,"BHARTIYA NURSING COLLEGE, AURANGABAD",20,20
6149,Nashik,Ahilyanagar,1338,2024-25,GNM,"PATHRIKAR NURSING SCHOOL PATHRI, PHULAMBRI, CHHATRAPATI SAMBHAJINAGAR",60,60
6150,Nashik,Ahilyanagar,1340,2024-25,GNM,"CARE INSTITUTE OF NURSING EDUCATION, CHHATRAPATI SAMBHAJINAGAR",40,40
6151,Chh. Sambhaji Nagar,Chh. Sambhaji Nagar,1366,2024-25,GNM,"MATA GIRIJA G.N.M. NURSING SCHOOL, CHHATRAPATI SAMBHAJI NAGAR",40,40
6152,Chh. Sambhaji Nagar,Chh. Sambhaji Nagar,1367,2024-25,GNM,"LATE. ARVIND GAIKWAD SCHOOL OF NURSING, CHHATRAPATI SAMBHAJI NAGAR.",40,40
6153,Chh. Sambhaji Nagar,Chh. Sambhaji Nagar,1388,2024-25,GNM,"NATIONAL G.N.M. NURSING COLLEGE, SILLOD, CHHATRAPATI SAMBHAJI NAGAR",40,40
6154,Chh. Sambhaji Nagar,Chh. Sambhaji Nagar,1389,2024-25,GNM,"KADAM SCHOOL OF G.N.M. NURSING VAIJAPUR, CHHATRAPATI SAMBHAJI NAGAR",40,39
6155,Nashik,Ahilyanagar,1410,2024-25,GNM,"SANIKA COLLEGE OF NURSING, MITMITA, CHHATRAPATI SAMBHAJINAGAR",40,40
6156,Nashik,Ahilyanagar,1412,2024-25,GNM,"VIVEKANAND NURSING SCHOOL BHALGAON, CHHATRAPATI SAMBHAJINAGAR",60,60
6157,Nashik,Ahilyanagar,1417,2024-25,GNM,"PEOPLES INSTITUTE OF NURSING, CHHATRAPATI SAMBHAJINAGAR",40,29
6158,Nashik,Ahilyanagar,1423,2024-25,GNM,"DEVGIRI NURSING SCHOOL, CHHATRAPATI SAMBHAJINAGAR",100,100
6159,Chh. Sambhaji Nagar,Chh. Sambhaji Nagar,1429,2024-25,GNM,"SAMBODHI SCHOOL OF NURSING (G.N.M.) , CHHATRAPATI SAMBHAJI NAGAR",60,41
6160,Nashik,Ahilyanagar,1456,2024-25,GNM,"SRINATH INSTITUTE OF NURSING, WALUNJ, CHHATRAPATI SAMBHAJINAGAR",40,40
6161,Nashik,Ahilyanagar,1466,2024-25,GNM,"MATOSHREE JIJAU NURSING SCHOOL HARSUL, CHHATRAPATI SAMBHAJINAGAR",60,60
6162,Nashik,Ahilyanagar,1518,2024-25,GNM,"PADMAI NURSING COLLEGE, MAUSALA, CHHATRAPATI SAMBHAJINAGAR",40,40
6163,Nashik,Ahilyanagar,1541,2024-25,GNM,"PARVATI COLLEGE OF NURSING (G.N.M.) JAYSINGPURA, CHHATRAPATI SAMBHAJINAGAR",40,15
6164,Nashik,Ahilyanagar,1543,2024-25,GNM,"SHIVCHHATRAPATI COLLEGE OF NURSING, CHHATRAPATI SAMBHAJINAGAR",40,40
6165,Nashik,Ahilyanagar,1551,2024-25,GNM,"ARADHYA NURSING COLLEGE, CHHATRAPATI SAMBHAJINAGAR",60,50
6166,Nashik,Ahilyanagar,1555,2024-25,GNM,"HEMLATABAI NAIK COLLEGE OF NURSING, KANNAD, CHHATRAPATI SAMBHAJINAGAR",40,40
6167,Nashik,Ahilyanagar,1560,2024-25,GNM,"SAMBHAJINAGAR COLLEGE OF NURSING, CHHATRAPATI SAMBHAJINAGAR",40,40
6168,Nashik,Ahilyanagar,1561,2024-25,GNM,"SHREEYASH NURSING COLLEGE, CHHATRAPATI SAMBHAJINAGAR",40,40
6169,Nashik,Ahilyanagar,1573,2024-25,GNM,"ANAND SCHOOL OF NURSING G.N.M, VAIJAPUR, CHHATRAPATI SAMBHAJINAGAR",40,30
6170,Nashik,Ahilyanagar,1592,2024-25,GNM,"KAI. VIMALBAI KHANDELWAL NURSING COLLEGE, KUMBHEPHAL, CHHATRAPATI
SAMBHAJINAGAR",40,39
6171,Nashik,Ahilyanagar,1616,2024-25,GNM,"GAJANAN MAHARAJ BAHUUDDESHIYA SEVABHAVI SANSTHA'S WALUNJ NURSING SCHOOL,
CHHATRAPATI SAMBHAJINAGAR",40,40
6172,Chh. Sambhaji Nagar,Chh. Sambhaji Nagar,168,2024-25,GNM,"SHRI DHANESHWARI MANAV VIKAS MANDAL, AURANGABAD",60,60
6173,Chh. Sambhaji Nagar,Chh. Sambhaji Nagar,259,2024-25,GNM,"MAHATMA GANDHI MISSION INSTITUTE OF NURSING EDUCATION, AURANGABAD",100,100
6174,Chh. Sambhaji Nagar,Chh. Sambhaji Nagar,415,2024-25,GNM,"AURANGABAD NURSING SCHOOL, BHALGAON, AURANGABAD",60,59
6175,Chh. Sambhaji Nagar,Chh. Sambhaji Nagar,490,2024-25,GNM,"Manik Nursing School, Garkhed, Aurangabad",20,20
6176,Chh. Sambhaji Nagar,Chh. Sambhaji Nagar,545,2024-25,GNM,"Yeshwant Institute of Nursing, Paithan Road, Aurangabad",20,20
6177,Chh. Sambhaji Nagar,Chh. Sambhaji Nagar,694,2024-25,GNM,"SHRI GORAKSHA NURSING SCHOOL, PHULAMBRI, AURANGABAD",60,34
6178,Chh. Sambhaji Nagar,Chh. Sambhaji Nagar,707,2024-25,GNM,"DR. DAHIPHALE MEDICAL FOUNDATION TRUSTS SCHOOL OF NURSING, AURANGABAD",40,40
6179,Chh. Sambhaji Nagar,Chh. Sambhaji Nagar,721,2024-25,GNM,"SAVITRIBAI PHULE NURSING SCHOOL, KANNAD, AURANGABAD",60,60
6180,Chh. Sambhaji Nagar,Chh. Sambhaji Nagar,774,2024-25,GNM,"IDEAL NURSING SCHOOL, AURANGABAD",20,20
6181,Chh. Sambhaji Nagar,Chh. Sambhaji Nagar,942,2024-25,GNM,"Aurangabad Training School of Nursing,Shivajinagar, Aurangabad",60,47
6182,Chh. Sambhaji Nagar,Chh. Sambhaji Nagar,995,2024-25,GNM,"PADMAVATI NURSING SCHOOL, AURANGABAD",20,16
6183,Chh. Sambhaji Nagar,Beed,1048,2024-25,GNM,"PRAJAKATA NURSING SCHOOL, PARLI, BEED",20,4
6184,Chh. Sambhaji Nagar,Dharashiv,1142,2024-25,GNM,"RENUKA SCHOOL OF NURSING , Ambajogai, OSMANABAD",50,50
6185,Chh. Sambhaji Nagar,Beed,1297,2024-25,GNM,"SAMARTH NURSING SCHOOL, BEED",60,60
6186,Chh. Sambhaji Nagar,Beed,1347,2024-25,GNM,"VAISHNODEVIMATA NURSING COLLEGE, BEED",60,60
6187,Chh. Sambhaji Nagar,Beed,1364,2024-25,GNM,"RANJANA NURSING COLLEGE, AMBAJOGAI, BEED",50,50
6188,Chh. Sambhaji Nagar,Beed,1365,2024-25,GNM,"KESHARBAI NURSING COLLEGE, KAIJ, BEED",60,60
6189,Chh. Sambhaji Nagar,Beed,1371,2024-25,GNM,"TULSI COLLEGE OF NURSING, BEED",60,60
6190,Chh. Sambhaji Nagar,Beed,1418,2024-25,GNM,"MAA. SHRI. NARENDRAJI MODI PARICHARIKA PRASHIKSHAN SANSTHA, KAIJ, BEED",40,40
6191,Chh. Sambhaji Nagar,Beed,1439,2024-25,GNM,"LAXMI MUNDE NURSING SCHOOL TAKLI, KAIJ, BEED",40,40
6192,Chh. Sambhaji Nagar,Beed,1447,2024-25,GNM,"SSPMS COLLEGE OF NURSING, MURSHADPUR, ASHTI, BEED",40,36
6193,Chh. Sambhaji Nagar,Beed,1486,2024-25,GNM,"ADITYA INSTITUTE OF NURSING & PARAMEDICAL, BEED",60,60
6194,Chh. Sambhaji Nagar,Beed,1500,2024-25,GNM,"AYUSH NURSING COLLEGE, DHARUR, BEED",60,60
6195,Chh. Sambhaji Nagar,Beed,1501,2024-25,GNM,"LATE RAGHUNATH MUNDE NURSING SCHOOL,G.N.M. AMBAJOGAI, BEED",50,50
6196,Chh. Sambhaji Nagar,Beed,1516,2024-25,GNM,"SANJIVANI NURSING SCHOOL, AMBEJOGAI, BEED",60,0
6197,Chh. Sambhaji Nagar,Beed,1540,2024-25,GNM,"MATA RAMAI COLLEGE OF NURSING, BEED",60,60
6198,Chh. Sambhaji Nagar,Beed,1581,2024-25,GNM,"SHRI. VENKATESHA NURSING SCHOOL, AMBEJOGAI, BEED",40,40
6199,Chh. Sambhaji Nagar,Beed,1620,2024-25,GNM,"ADITYA COLLEGE OF NURSING, G.N.M., BEED",60,60
6200,Chh. Sambhaji Nagar,Beed,164,2024-25,GNM,"VITHAI HOSPITAL AND RESEARCH CENTRE, SON, BEED",60,60
6201,Chh. Sambhaji Nagar,Beed,263,2024-25,GNM,"SHRI SWAMI VIVEKANAND SCHOOL OF NURSING, BEED",60,57
6202,Chh. Sambhaji Nagar,Beed,308,2024-25,GNM,"YASHWANT NURSING SCHOOL, ASHTI, BEED",40,40
6203,Chh. Sambhaji Nagar,Beed,313,2024-25,GNM,"DR. T. M. DHONDE SCHOOL OF NURSING, ASHTI , BEED",60,60
6204,Chh. Sambhaji Nagar,Beed,387,2024-25,GNM,"POOJA NURSING SCHOOL, PARALI-VAIJNATH, BEED",20,0
6205,Chh. Sambhaji Nagar,Beed,401,2024-25,GNM,"VAIDYANATH NURSING SCHOOL, ,PARALIVAIJNATH, BEED",50,50
6206,Chh. Sambhaji Nagar,Beed,412,2024-25,GNM,"JIJAMATA SCHOOL OF NURSING, MAJALGAON, BEED",60,57
6207,Chh. Sambhaji Nagar,Beed,493,2024-25,GNM,MAULI NURSING SCHOOL BARSHI ROAD BEED,60,60
6208,Chh. Sambhaji Nagar,Beed,495,2024-25,GNM,"ANKITA DOUND INSTITUTE OF NURSING SCHOOL, AMBAJOGAI, BEED",40,40
6209,Chh. Sambhaji Nagar,Beed,564,2024-25,GNM,"Late Ranghunathraoji Kendre Nursing School, Vaijnath, Beed",40,40
6210,Chh. Sambhaji Nagar,Beed,693,2024-25,GNM,"KAMAL NURSING INSTITUTE, KAIJ, BEED",20,18
6211,Chh. Sambhaji Nagar,Beed,697,2024-25,GNM,"SHREE VENKATESHA NURSING SCHOOL, BEED",40,40
6212,Chh. Sambhaji Nagar,Beed,700,2024-25,GNM,"GANDHI NURSING SCHOOL, ASHTI, BEED",20,20
6213,Chh. Sambhaji Nagar,Beed,733,2024-25,GNM,"PRAGATI NURSING SCHOOL, PATODA, BEED",60,51
6214,Chh. Sambhaji Nagar,Beed,734,2024-25,GNM,"SAMARTH NURSING SCHOOL, WADVANI, BEED",50,50
6215,Chh. Sambhaji Nagar,Beed,965,2024-25,GNM,"LOKSEVA NURSING SCHOOL, BEED",40,40
6216,Chh. Sambhaji Nagar,Beed,974,2024-25,GNM,"LATE PRAMODJI MAHAJAN GNM SCHOOL OF NURSING, AMBAJOGAI. BEED",50,50
6217,Chh. Sambhaji Nagar,Beed,978,2024-25,GNM,RENUKA NURSING SCHOOL KAIJ BEED,30,30
6218,Chh. Sambhaji Nagar,Beed,993,2024-25,GNM,"GANGAA INSTITUTE OF MEDICAL SCIENCES, AMBAJOGAI, BEED",20,20
6219,Chh. Sambhaji Nagar,Beed,996,2024-25,GNM,"OM NURSING SCHOOL, BEED",20,20
6220,Nagpur,Bhandara,1109,2024-25,GNM,"Smt. Shalinitai Meghe College of Nursing & Hospital, Bhilewada, Bhandara",60,60
6221,Nagpur,Bhandara,1163,2024-25,GNM,"ASHIRWAD NURSING SCHOOL OF GNM, SAKOLI BHANDARA",40,40
6222,Nagpur,Bhandara,1238,2024-25,GNM,"Sunanda School of Nursing, Bhandara",40,40
6223,Nagpur,Bhandara,126,2024-25,GNM,"SMT. K. N. PATEL SCHOOL OF NURSING, BHANDARA",60,51
6224,Nagpur,Bhandara,1272,2024-25,GNM,"NAVYUVA COLLEGE OF NURSING, BHANDARA",60,24
6225,Nagpur,Bhandara,1294,2024-25,GNM,"S.B.K. COLLEGE OF NURSING, TAL. LAKHANI, DIST. BHANDARA",60,47
6226,Nagpur,Bhandara,1349,2024-25,GNM,"SHASHI SUBHASH NURSING COLLEGE HASARA, MITEWANI, TUMSAR, BHANDARA",40,40
6227,Nagpur,Bhandara,1351,2024-25,GNM,"SHRI. COLLEGE OF NURSING MURMADI, LAKHANI, BHANDARA",60,60
6228,Nagpur,Bhandara,1407,2024-25,GNM,"SPANDAN NURSING EDUCATION G.N.M. COLLEGE, BHANDARA",60,44
6229,Nagpur,Bhandara,1578,2024-25,GNM,"GEETAI NURSING COLLEGE, SENDURWAFA, SAKOLI, BHANDARA",40,19
6230,Nagpur,Bhandara,1587,2024-25,GNM,"MAHALAXMI NURSING COLLEGE G.N.M., TUMSAR, BHANDARA",40,36
6231,Nagpur,Bhandara,378,2024-25,GNM,"POOJA NURSING INSTITUTE , BHANDARA",60,60
6232,Nagpur,Bhandara,661,2024-25,GNM,"SAI NURSING SCHOOL, TUMSAR, BHANDARA",60,60
6233,Nagpur,Bhandara,679,2024-25,GNM,"AROMIRA SCHOOL OF NURSING, BHANDARA",60,36
6234,Nagpur,Bhandara,935,2024-25,GNM,"Spandan Nursing School, Pauni, Bhandara",60,60
6235,Amravati,Buldana,1160,2024-25,GNM,Dr.Rajendra Gode GNM Nursing School Segvan Buldhana,60,60
6236,Amravati,Buldana,1167,2024-25,GNM,"S.M.M.B.S SARASWATI NURSING SCHOOL,CHIKHALI BULDHANA",60,60
6237,Amravati,Buldana,1224,2024-25,GNM,"Dr. R. N. Lahoti Nursing college, Sultanpur Lonar, Buldhana",60,60
6238,Amravati,Buldana,1357,2024-25,GNM,"HURERA COLLEGE OF NURSING WADNER, NANDURA, BULDHANA",40,36
6239,Amravati,Buldana,1361,2024-25,GNM,"CHIKHLI, BULDANA",40,40
6240,Amravati,Buldana,1369,2024-25,GNM,"VIVEKANAND NURSING COLLEGE HIWARA, MEHKAR, BULDHANA",60,30
6241,Amravati,Buldana,1467,2024-25,GNM,"DR. R. N. LAHOTI COLLEGE OF NURSING SULTANPUR, LONAR, BULDHANA",40,28
6242,Amravati,Buldana,1494,2024-25,GNM,"SAU. MANGALA SUBHASH PATIL SCHOOL OF NURSING DIDOLA BK., MOTALA, BULDHANA",60,60
6243,Amravati,Buldana,1505,2024-25,GNM,SHALOM SCHOOL OF NURSING G.N.M. BULDHANA,40,40
6244,Amravati,Buldana,1513,2024-25,GNM,"MATUSHRI SCHOOL OF NURSING MANASGAON, SHEGAON, BULDANA",50,50
6245,Amravati,Buldana,1530,2024-25,GNM,"BHAGWAN BABA NURSING SCHOOL, CHINCHOLI SANGLE, LONAR, BULDHANA",60,60
6246,Amravati,Buldana,1571,2024-25,GNM,"SAMARTH SCHOOL OF NURSING, DEULGAON RAJA, BULDHANA",40,40
6247,Amravati,Buldana,1589,2024-25,GNM,"DNYANDEVRAO BAPU DANDGE NURSING COLLEGE, DHAD, BULDHANA",40,29
6248,Amravati,Buldana,254,2024-25,GNM,"MOTHER TERESA SCHOOL OF NURSING , BULDANA",60,60
6249,Amravati,Buldana,300,2024-25,GNM,"ANANDI NURSING INSTITUTE COLLEGE , BULDANA",20,15
6250,Amravati,Buldana,359,2024-25,GNM,"HARSH SCHOOL OF NURSING, KHAMGAON, BULDANA",60,60
6251,Amravati,Buldana,654,2024-25,GNM,"JIJAMATA SCHOOL OF NURSING, BULDANA",60,60
6252,Amravati,Buldana,671,2024-25,GNM,"PAINGANGA INSTITUTE OF NURSING, BULDANA",60,57
6253,Amravati,Buldana,680,2024-25,GNM,"DR. K. B. MAPRI INSTITUTE OF NURISNG, LONAR, BULDHANA",40,40
6254,Amravati,Buldana,919,2024-25,GNM,VASANTPRABHA SCHOOL OF NURSING BULDHANA,40,40
6255,Amravati,Buldana,921,2024-25,GNM,ONENESS SCHOOL OF NURSING BULDHANA,50,50
6256,Amravati,Buldana,926,2024-25,GNM,"Late.Vijay Makhamale Institute of RGNM School, Buldhana",20,11
6257,Nagpur,Chandrapur,1179,2024-25,GNM,"ELENA SCHOOL OF NURSING BRAMHAPURI,CHANDRAPUR",60,60
6258,Nagpur,Chandrapur,1228,2024-25,GNM,"Navjeevan Nursing School, Chandrapur",40,40
6259,Nagpur,Chandrapur,1236,2024-25,GNM,"Manwatkar College of Nursing Ghodpeth Bhadrawati, Chandrapur",60,42
6260,Nagpur,Chandrapur,1249,2024-25,GNM,"MATA MAHAKALI COLLEGE OF NURSING, DIST. CHANDRAPUR",60,41
6261,Nagpur,Chandrapur,1292,2024-25,GNM,"ASHOKA NURSING COLLEGE, KOSARA, CHANDRAPUR",60,60
6262,Nagpur,Chandrapur,130,2024-25,GNM,"KALYAN INSTITUTE OF NURSING EDUCATION, RAJURA, CHANDRAPUR",40,34
6263,Nagpur,Chandrapur,131,2024-25,GNM,"PRABHADEVI NURSING SCHOOL, CHANDRAPUR",50,50
6264,Nagpur,Chandrapur,1325,2024-25,GNM,"VISHWANAND COLLEGE OF NURSING, HINGNALA, CHANDRAPUR",60,59
6265,Nagpur,Chandrapur,1574,2024-25,GNM,"J. V. COLLEGE OF NURSING, DAMPUR MOUDA, JIWATI, CHANDRAPUR",40,24
6266,Nagpur,Chandrapur,1576,2024-25,GNM,"NAVNEET COLLEGE OF NURSING, CHINORA, WARORA, CHANDRAPUR",40,40
6267,Nagpur,Chandrapur,1599,2024-25,GNM,"SONIYA NURSING SCHOOL, CHANDRAPUR",40,40
6268,Nagpur,Chandrapur,1619,2024-25,GNM,"SANSKAR NURSING SCHOOL, MUL, CHANDRAPUR",40,40
6269,Nagpur,Chandrapur,655,2024-25,GNM,"DEONIL SCHOOL OF NURSING, MUL, CHANDRAPUR",40,38
6270,Nagpur,Chandrapur,662,2024-25,GNM,"S.R.V. NURSING SCHOOL RESEARCH INSTITUTE, NAGBHID, CHANDRAPUR",40,40
6271,Nagpur,Chandrapur,664,2024-25,GNM,"MOTHER TERESA NURSING ACADAMY, BALLARPUR, CHANDRAPUR",40,21
6272,Nagpur,Chandrapur,675,2024-25,GNM,"SANT GAJANAN MAHARAJ NURSING SCHOOL, SINDE WAHI, CHANDRAPUR",60,60
6273,Nagpur,Chandrapur,824,2024-25,GNM,"Rashtriy Nursing School, Rajura, Chandrapur",40,35
6274,Nagpur,Chandrapur,923,2024-25,GNM,"St.Paul Nursing College, Ballarpur, Chandrapur",60,60
6275,Nagpur,Chandrapur,929,2024-25,GNM,"Meerabai Kamble College of Nursing, Chandrapur",50,50
6276,Nashik,Dhule,1214,2024-25,GNM,"Shree Sai College of Nursing, Mhasadi, Pimpalner, Sakri, Dhule",40,40
6277,Nashik,Dhule,1240,2024-25,GNM,"Saraswati Nursing College, Deopur, Dhule",40,40
6278,Nashik,Dhule,1253,2024-25,GNM,"AHINSA INSTITUTE OF NURSING DONDAICHA, TAL. SHINDKHEDA, DHULE",60,60
6279,Nashik,Dhule,1256,2024-25,GNM,"SHRI. SIDDHESHWAR NURSING INSTITUTE, WALWADI, DHULE",40,40
6280,Nashik,Dhule,1273,2024-25,GNM,"LOKMANYA NURSING INSTITUTE, DHULE",40,40
6281,Nashik,Dhule,1282,2024-25,GNM,"MA. AJITDADA PAWAR NURSING INSTITUTE, DHULE",60,60
6282,Nashik,Dhule,1419,2024-25,GNM,"NIRVANA INSTITUTE OF NURSING EDUCATION, SANGAVI, SHIRPUR, DHULE",60,60
6283,Nashik,Dhule,1469,2024-25,GNM,"NIKAM COLLEGE OF NURSING, GONDUR, DHULE",40,40
6284,Nashik,Dhule,1502,2024-25,GNM,"SAU. KALPANABAI UTTAMRAO MAHAJAN INSTITUTE OF NURSING EDUCATION SHIRPUR,
DHULE",40,0
6285,Nashik,Dhule,1533,2024-25,GNM,"HIRANYA NURSING COLLEGE PIMPALNER, SAKRI, DHULE",60,0
6286,Nashik,Dhule,1567,2024-25,GNM,"SANJIVAN COLLEGE OF NURSING, GONDUR, DHULE",60,60
6287,Nashik,Dhule,1570,2024-25,GNM,"LATE. LILATAI VISHWASRAO RANDHE COLLEGE OF NURSING, BORADI, DHULE",40,40
6288,Nashik,Dhule,198,2024-25,GNM,"JAWAHAR MED.FOUNDATION, SON , DHULE",60,58
6289,Nashik,Dhule,585,2024-25,GNM,"RANIMANSAHEB MANUBADEVI RAWAL NURSING SCHOOL, DONDAICHA, DHULE",20,19
6290,Nashik,Dhule,586,2024-25,GNM,"D.S. NURSING SCHOOL, SAKRI, DHULE",60,60
6291,Nashik,Dhule,852,2024-25,GNM,"SAROJINI SCHOOL OF NURSING, DHULE",30,28
6292,Nagpur,Gadchiroli,1152,2024-25,GNM,"Savitribai Fule G.N.M Nursing School,Gadchiroli",60,60
6293,Nagpur,Gadchiroli,1210,2024-25,GNM,"SHRI. SAI INSTITUTE OF NURSING AND MEDICAL SCIENCE, GADCHIROLI",60,60
6294,Nagpur,Gadchiroli,1290,2024-25,GNM,"RAJIV GANDHI COLLEGE OF NURSING, DESAIGANJ, GADCHIROLI",40,24
6295,Nagpur,Gadchiroli,1483,2024-25,GNM,"SNEHADHARMA COLLEGE OF NURSING, AHERI, GADCHIROLI",40,15
6296,Nagpur,Gadchiroli,1545,2024-25,GNM,"SUVIDHA NURSING SCHOOL, SONAPUR, GADCHIROLI",40,39
6297,Nagpur,Gadchiroli,253,2024-25,GNM,"DR. SALVE NURSING INSTITUTE COLLEGE , GADCHIROLI",60,50
6298,Nagpur,Gadchiroli,360,2024-25,GNM,"NAVJEEVAN NURSING SCHOOL, CHAMORSHI, GADCHIROLI",40,40
6299,Nagpur,Gadchiroli,672,2024-25,GNM,"SHRI SAI SCHOOL OF NURSING, ARMORI, GADCHIROLI",40,35
6300,Nagpur,Gondia,1165,2024-25,GNM,"ACQUARIOUS SCHOOL OF NURSING,KUDWA GONDIA",60,51
6301,Nagpur,Gondia,1237,2024-25,GNM,"Central Institute of Education Gorkheda, Gondia",60,60
6302,Nagpur,Gondia,1274,2024-25,GNM,"SHRI. DATTA G.N.M. NURSING SCHOOL, TIRODA, GONDIA",40,40
6303,Nagpur,Gondia,1346,2024-25,GNM,"G.K. NURSING SCHOOL KAWARABANDH, SALEKASA, GONDIA",40,40
6304,Nagpur,Gondia,1471,2024-25,GNM,"RAJARSHI SHAHU MAHARAJ COLLEGE OF NURSING, KOHMARA, SADAK ARJUNI, GONDIA",30,29
6305,Nagpur,Gondia,1493,2024-25,GNM,"C.S. NURSING COLLEGE (G.N.M.) DEORI, GONDIA",60,60
6306,Nagpur,Gondia,1531,2024-25,GNM,"SADGURU SCHOOL OF NURSING (G.N.M), ARJUNI MORGAON, GONDIA",40,40
6307,Nagpur,Gondia,1539,2024-25,GNM,"AROMIRA SCHOOL OF NURSING, KUDWA, GONDIA",40,28
6308,Nagpur,Gondia,1591,2024-25,GNM,"PRINCESS INSTITUTE OF NURSING COLLEGE, GOREGAON, GONDIA",40,40
6309,Nagpur,Gondia,552,2024-25,GNM,"S. CHANDRA SCHOOL OF NURSING, ARJUNI GONDIA",20,20
6310,Nagpur,Gondia,937,2024-25,GNM,"RADHABAI BAHEKAR SCHOOL OF NURSING, GONDIA.",50,50
6311,Chh. Sambhaji Nagar,Hingoli,1038,2024-25,GNM,"V.B.N. NURSING SCHOOL, HINGOLI",40,40
6312,Chh. Sambhaji Nagar,Hingoli,1185,2024-25,GNM,"INDIRA GANDHI NURSING COLLEGE GNM BASMAT, HINGOLI",60,59
6313,Chh. Sambhaji Nagar,Hingoli,1315,2024-25,GNM,"JIJAMATA INSTITUTE OF NURSING, HINGOLI",40,40
6314,Chh. Sambhaji Nagar,Hingoli,1379,2024-25,GNM,"SHARDA NURSING SCHOOL JAWALA BAZAR, AUNDHA, HINGOLI",40,40
6315,Chh. Sambhaji Nagar,Hingoli,1380,2024-25,GNM,"RISING NURSING SCHOOL, HINGOLI",40,40
6316,Chh. Sambhaji Nagar,Hingoli,1391,2024-25,GNM,"ADARSH ANM & GNM NURSING SCHOOL BASMAT, HINGOLI",40,40
6317,Chh. Sambhaji Nagar,Hingoli,1445,2024-25,GNM,"MOTHER TERESA NURSING SCHOOL (G.N.M.), HINGOLI",60,44
6318,Chh. Sambhaji Nagar,Hingoli,1491,2024-25,GNM,"DEVKRUPA NURSING COLLEGE, HINGOLI",40,40
6319,Chh. Sambhaji Nagar,Hingoli,755,2024-25,GNM,"YESHWANT INSTITUTE OF NURSING SCHOOL, HINGOLI",40,40
6320,Chh. Sambhaji Nagar,Hingoli,829,2024-25,GNM,"Ananditai Bengal Nursing School, Sengaon, Hingoli",60,60
6321,Nashik,Jalgaon,1128,2024-25,GNM,G.M Institute of Nursing Jamner,60,59
6322,Nashik,Jalgaon,1170,2024-25,GNM,"MEDILINE INSTITUTE OF NURSING,KUSUMBA,JALGAON",40,40
6323,Nashik,Jalgaon,1193,2024-25,GNM,"PRAKASHCHAND JAIN INSTITUTE OF NURSING, JAMNER, JALGAON",60,60
6324,Nashik,Jalgaon,1234,2024-25,GNM,"Dr. Ketki Patil School of Nursing, Jalgaon",40,40
6325,Nashik,Jalgaon,1372,2024-25,GNM,"DR. KHACHANE NURSING COLLEGE (G.N.M), YAWAL, JALGAON",60,60
6326,Nashik,Jalgaon,1443,2024-25,GNM,"DR. N.K.R. SHIROLE COLLEGE OF NURSING, ERANDOL, JALGAON",40,40
6327,Nashik,Jalgaon,1459,2024-25,GNM,"GLOBAL NURSING SCHOOL (G.N.M.), PACHORA, JALGAON",40,40
6328,Nashik,Jalgaon,1528,2024-25,GNM,"SHREE P.E. (TATYA) PATIL NURSING SCHOOL, JALGAON",60,54
6329,Nashik,Jalgaon,1544,2024-25,GNM,"PROF. N.S. KATEKAR INSTITUTE OF NURSING, PAROLA, JALGAON",40,40
6330,Nashik,Jalgaon,1568,2024-25,GNM,"DR. UTTAMRAO MAHAJAN INSTITUTE OF NURSING, CHALISGAON, JALGAON",60,0
6331,Nashik,Jalgaon,1615,2024-25,GNM,"NANASO NARHAR NAGRAJ PATIL NURSING COLLEGE PIMPALGAON (HARESHWAR),
PACHORA, JALGAON",40,24
6332,Nashik,Jalgaon,323,2024-25,GNM,"GODAVARI COLLEGE OF NURSING , JALGAON",100,100
6333,Nashik,Jalgaon,368,2024-25,GNM,"DADASAHEB DR. SURESH G. PATIL COLLEGE OF NURSING , CHOPDA , JALGAON",30,30
6334,Chh. Sambhaji Nagar,Jalna,1126,2024-25,GNM,"Chaitanya Nursing School Badnapur, Jalna",60,60
6335,Chh. Sambhaji Nagar,Jalna,1149,2024-25,GNM,A.M.D Institute Of Nursing Jalna,40,40
6336,Chh. Sambhaji Nagar,Jalna,1161,2024-25,GNM,"Om Shanti Nursing College Jomala Bhokardan, Jalna",60,60
6337,Chh. Sambhaji Nagar,Jalna,1189,2024-25,GNM,"JAY AMBE SCHOOL OF NURSING, AMBAD ROAD JALNA",40,40
6338,Chh. Sambhaji Nagar,Jalna,1342,2024-25,GNM,"V.S.S. SCHOOL OF NURSING, BADNAPUR, JALNA",60,45
6339,Chh. Sambhaji Nagar,Jalna,1348,2024-25,GNM,"DR. SUBHASHRAO DHAKNE COLLEGE OF NURSING (G.N.M) ROHANWADI, JALNA",40,40
6340,Chh. Sambhaji Nagar,Jalna,1408,2024-25,GNM,"SHANTINIKETAN COLLEGE OF NURSING, JALNA",40,40
6341,Chh. Sambhaji Nagar,Jalna,1457,2024-25,GNM,"FLORENCE NIGHTINGALE GNM NURSING COLLEGE, JALNA",50,17
6342,Chh. Sambhaji Nagar,Jalna,1462,2024-25,GNM,"FLORENCE G.N.M. NURSING INSTITUTE, PARTUR, JALNA",40,40
6343,Chh. Sambhaji Nagar,Jalna,1499,2024-25,GNM,"MOTHER HAWWA SCHOOL OF NURSING WARUDI, BADNAPUR, JALNA",40,27
6344,Chh. Sambhaji Nagar,Jalna,169,2024-25,GNM,"SHRI SAI INSTITUE OF NURSING, JALNA",60,49
6345,Chh. Sambhaji Nagar,Jalna,260,2024-25,GNM,"JALNA MISSION HOSPITAL, JALNA",20,12
6346,Chh. Sambhaji Nagar,Jalna,283,2024-25,GNM,"VASANTRAO NAIK SHIKSHAN PRASARAK MANDAL, JALNA",60,59
6347,Chh. Sambhaji Nagar,Jalna,988,2024-25,GNM,"Arjun School of Nursing, Jalna",60,60
6348,Chh. Sambhaji Nagar,Jalna,990,2024-25,GNM,JAI AMBE SCHOOL OF NURSING JALNA,30,30
6349,Pune,Kolhapur,1087,2024-25,GNM,"Dr. Deepak Patil Nursing Institution,Panhala,Kolhapur",50,50
6350,Pune,Kolhapur,1209,2024-25,GNM,"SIDDHAGIRI NURSING INSTITUTE, KARVIR, KOLHAPUR",40,40
6351,Pune,Kolhapur,1239,2024-25,GNM,"Sharad College of Nursing, Jaysingpur, Kolhapur",40,40
6352,Pune,Kolhapur,1242,2024-25,GNM,"Genesis Institute of Nursing, Tal. Radhanagari, Dist. Kolhapur",40,38
6353,Pune,Kolhapur,1263,2024-25,GNM,"SHRI. SIDDHI COLLEGE OF NURSING A/P UTTUR, TAL. AJARA, DIST. KOLHAPUR",40,40
6354,Pune,Kolhapur,1264,2024-25,GNM,"SEVASADAN SCHOOL OF NURSING, CARE OF SEVASADAN GADHINGLAJ, DIST. KOLHAPUR",40,40
6355,Pune,Kolhapur,1269,2024-25,GNM,"SAI INSTITUTE OF NURSING, TAL. GADHINGLAJ, DIST. KOLHAPUR",50,50
6356,Pune,Kolhapur,1300,2024-25,GNM,"ANISH COLLEGE OF NURSING, SHIROL, KOLHAPUR",40,34
6357,Pune,Kolhapur,1322,2024-25,GNM,"SWARAJYA NURSING COLLEGE, GADHINGLAJ, KOLHAPUR",60,60
6358,Pune,Kolhapur,1339,2024-25,GNM,"PIOS COLLEGE OF NURSING UDGAON, SHIROL, KOLHAPUR",60,60
6359,Pune,Kolhapur,1382,2024-25,GNM,"ANANDI G.N.M. COLLEGE TARF KALE, KARVEER, KOLHAPUR",40,40
6360,Pune,Kolhapur,1393,2024-25,GNM,"DR. M. I. MOMIN INSTITUTE OF NURSING EDUCATION, KOLHAPUR",30,24
6361,Pune,Kolhapur,1398,2024-25,GNM,"PARVATIDEVI KUMBHAR SCHOOL OF NURSING, KOLHAPUR",40,40
6362,Pune,Kolhapur,1405,2024-25,GNM,"VITTHAL PATIL COLLEGE OF NURSING KALE, PANHALA, KOLHAPUR",60,60
6363,Pune,Kolhapur,1436,2024-25,GNM,"ASHOKRAO MANE SCHOOL OF NURSING, VATHAR TARF VADGAON, HATKANNAGALE,
KOLHAPUR",60,25
6364,Pune,Kolhapur,1441,2024-25,GNM,"SIDDHI COLLEGE OF NURSING, MURGUD, KAGAL, KOLHAPUR",40,40
6365,Pune,Kolhapur,1529,2024-25,GNM,"DR. DNYANESHWAR MULE NURSING COLLEGE, SHIROL, KOLHAPUR",60,46
6366,Pune,Kolhapur,1564,2024-25,GNM,"DR. J.J. MAGDUM COLLEGE OF NURSING, JAYSINGPUR, SHIROL, KOLHAPUR",50,23
6367,Pune,Kolhapur,1572,2024-25,GNM,"MUKTAI COLLEGE OF NURSING, TITAVE, RADHANAGARI, KOLHAPUR",50,48
6368,Pune,Kolhapur,1577,2024-25,GNM,"DR. DNYANESHWAR MULE G.N.M. NURSING COLLEGE, KOLHAPUR",40,0
6369,Pune,Kolhapur,1588,2024-25,GNM,"MATOSHRI VATSALA MANE INSTITUTE OF NURSING, PETH VADGAON, HATKANANGALE,
KOLHAPUR",100,0
6370,Pune,Kolhapur,1618,2024-25,GNM,"MOTHER TERESA MEMORIAL COLLEGE OF NURSING, GADHINGLAJ, KOLHAPUR",40,0
6371,Pune,Kolhapur,225,2024-25,GNM,"DR. D.Y.PATIL INSTITUTE OF NURSING EDUCATION , KOLHAPUR",30,30
6372,Pune,Kolhapur,287,2024-25,GNM,"KURUNDWAD INST. OF NURSING EDUCATION,SHIROL, KOLHAPUR",20,20
6373,Pune,Kolhapur,428,2024-25,GNM,"SHRI BHAIRAVNATH NURSING SCHOOL , ICHALKARANJI , KOLHAPUR",40,40
6374,Pune,Kolhapur,481,2024-25,GNM,"SAVITRIBAI PHULE COLLEGE OF NURSING, KOLHAPUR",60,60
6375,Pune,Kolhapur,53,2024-25,GNM,"DR. J. J. MAGDUM SON, SHIROL, KOLHAPUR",40,40
6376,Pune,Kolhapur,582,2024-25,GNM,"SANT GAJANAN MAHARAJ SCHOOL OF NURSING, CHINCHEWADI, GADHINGLAJ, KOLHAPUR",40,40
6377,Pune,Kolhapur,606,2024-25,GNM,"LATE SOU ROSHANBI SHAMANJI NURSING SCHOOL, GADHINGLAJ, KOLHAPUR",60,47
6378,Pune,Kolhapur,74,2024-25,GNM,"KEDARI REDEKAR NURSING SCHOOL, GADHINGLAJ, KOLHAPUR",50,50
6379,Pune,Kolhapur,888,2024-25,GNM,"YASHWANT NURSING INSTITUTE, KODOLI PANHALA KOLHAPUR",60,60
6380,Pune,Kolhapur,89,2024-25,GNM,"Y.D. MANE SCHOOL OF NURSING, KAGAL, KOLHAPUR",40,38
6381,Pune,Kolhapur,906,2024-25,GNM,"APEX NURSING SCHOOL KARVIR, KOLHAPUR",20,20
6382,Chh. Sambhaji Nagar,Latur,1111,2024-25,GNM,"DAGDOJIRAO PATIL NURSING SCHOOL, JALKOT, LATUR",40,40
6383,Chh. Sambhaji Nagar,Latur,1114,2024-25,GNM,"KSPM's Jijamata Nursing School, Latur",100,71
6384,Chh. Sambhaji Nagar,Latur,1122,2024-25,GNM,"Kohinoor RGNM Nursing School,Latur",50,50
6385,Chh. Sambhaji Nagar,Latur,1123,2024-25,GNM,Swami Vivekanand Institute of Nursing Latur,40,40
6386,Chh. Sambhaji Nagar,Latur,1156,2024-25,GNM,"Sahyadri Institute Of Nursing Education, Latur",60,50
6387,Chh. Sambhaji Nagar,Latur,1187,2024-25,GNM,"DSPM SCHOOL OF NURSING, BABHALGAON LATUR",60,60
6388,Chh. Sambhaji Nagar,Latur,1216,2024-25,GNM,"Shifa Institute of Nursing College Ausa,Latur",40,40
6389,Chh. Sambhaji Nagar,Latur,1278,2024-25,GNM,"YASHODA NURSING SCHOOL, UDGIR, LATUR",40,40
6390,Chh. Sambhaji Nagar,Latur,1291,2024-25,GNM,"P P COLLEGE OF NURSING, LATUR",60,60
6391,Chh. Sambhaji Nagar,Latur,1299,2024-25,GNM,"RENAISSANCE SCHOOL OF NURSING, DIST. LATUR",50,50
6392,Chh. Sambhaji Nagar,Latur,1302,2024-25,GNM,"SMT. KALPANATAI PATIL NURSING COLLEGE, DEONI, UDGIR, LATUR",40,40
6393,Chh. Sambhaji Nagar,Latur,1305,2024-25,GNM,"S.V.S.S. LATUR COLLEGE OF NURSING, LATUR",60,60
6394,Chh. Sambhaji Nagar,Latur,1318,2024-25,GNM,"TANVI SCHOOL OF NURSING, CHAKUR, LATUR",60,60
6395,Chh. Sambhaji Nagar,Latur,1326,2024-25,GNM,"SUSHILADEVI NURSING COLLEGE, LATUR",40,40
6396,Chh. Sambhaji Nagar,Latur,1328,2024-25,GNM,"SAMBHAJI G.N.M. NURSING SCHOOL CHAPOLI, CHAKUR, LATUR",40,40
6397,Chh. Sambhaji Nagar,Latur,1330,2024-25,GNM,"S.G. SCHOOL OF NURSING, AHMEDPUR, LATUR",40,40
6398,Chh. Sambhaji Nagar,Latur,1331,2024-25,GNM,"PRAYAG KARAD COLLEGE OF NURSING, NANDGAON, TAL/DIST. LATUR",60,60
6399,Chh. Sambhaji Nagar,Latur,1332,2024-25,GNM,"VIJAY NURSING SCHOOL G.N.M, LATUR",60,60
6400,Chh. Sambhaji Nagar,Latur,1333,2024-25,GNM,"INDIRA GANDHI NURSING SCHOOL G.N.M, LATUR",50,50
6401,Chh. Sambhaji Nagar,Latur,1343,2024-25,GNM,"SPARSH INSTITUTE OF NURSING COLLEGE, LATUR",40,40
6402,Chh. Sambhaji Nagar,Latur,1350,2024-25,GNM,"GLOBAL INSTITUTE OF NURSING BORI, LATUR",50,45
6403,Chh. Sambhaji Nagar,Latur,1356,2024-25,GNM,"MATA GIRIJA NURSING SCHOOL HALADWADHAVANA, JALKOT, LATUR",40,40
6404,Chh. Sambhaji Nagar,Latur,1363,2024-25,GNM,"MANDAKINI NURSING INSTITUTE, LATUR",50,48
6405,Chh. Sambhaji Nagar,Latur,1385,2024-25,GNM,"KOHINOOR INSTITUTE OF NURSING, VASANGAON, LATUR",60,60
6406,Chh. Sambhaji Nagar,Latur,1409,2024-25,GNM,"SHANTISHANKAR NURSING COLLEGE, AHMEDPUR, LATUR",60,60
6407,Chh. Sambhaji Nagar,Latur,1420,2024-25,GNM,"SANT TUKARAM NURSING G.N.M. COLLEGE, AHMEDPUR, LATUR",60,60
6408,Chh. Sambhaji Nagar,Latur,1424,2024-25,GNM,"RAIRESHWARI NURSING COLLEGE, LATUR",40,0
6409,Chh. Sambhaji Nagar,Latur,1453,2024-25,GNM,"SHRI. SANT GAHININATH MAHARAJ NURSING INSTITUTE KINGAON, AHMEDPUR, LATUR",40,40
6410,Chh. Sambhaji Nagar,Latur,1454,2024-25,GNM,"SWAMI VIVEKANAND NURSING INSTITUTE AHMEDPUR, LATUR",40,40
6411,Chh. Sambhaji Nagar,Latur,1475,2024-25,GNM,"KESARI NURSING COLLEGE, AHMEDPUR, LATUR",40,40
6412,Chh. Sambhaji Nagar,Latur,1504,2024-25,GNM,"SAKSHAM NURSING SCHOOL (G.N.M) UDGIR, LATUR",40,40
6413,Chh. Sambhaji Nagar,Latur,1538,2024-25,GNM,"SWARA INSTITUTE OF NURSING, G.N.M., HARANGUL, LATUR",60,36
6414,Chh. Sambhaji Nagar,Latur,1552,2024-25,GNM,"VENKATESH CHOUDHARY COLLEGE OF NURSING EKURKA ROAD, UDGIR, LATUR",40,0
6415,Chh. Sambhaji Nagar,Latur,1554,2024-25,GNM,"GLOBAL COLLEGE OF NURSING, LATUR",40,40
6416,Chh. Sambhaji Nagar,Latur,1563,2024-25,GNM,"SAVITRIBAI PHULE INSTITUTE OF NURSING, AUSA, LATUR",60,50
6417,Chh. Sambhaji Nagar,Latur,1585,2024-25,GNM,"RAJNANADA SCHOOL OF NURSING, LATUR",40,0
6418,Chh. Sambhaji Nagar,Latur,1586,2024-25,GNM,"N.B.S. INSTITUTE OF NURSING, AUSA, LATUR",40,6
6419,Chh. Sambhaji Nagar,Latur,1593,2024-25,GNM,"DISHA NURSING SCHOOL, LATUR",40,40
6420,Chh. Sambhaji Nagar,Latur,1612,2024-25,GNM,"SAI NURSING SCHOOL, LATUR",40,11
6421,Chh. Sambhaji Nagar,Latur,264,2024-25,GNM,"SANT TUKARM INSTITUTE OF NURSING EDUCATION, AHMEDPUR, LATUR",60,60
6422,Chh. Sambhaji Nagar,Latur,335,2024-25,GNM,"G.B .PATIL SCHOOL OF NURSING, UDGIR, LATUR",60,60
6423,Chh. Sambhaji Nagar,Latur,336,2024-25,GNM,"SHRI BHAGWAN NURSING SCHOOL, LATUR",20,20
6424,Chh. Sambhaji Nagar,Latur,351,2024-25,GNM,"MAHARASHTRA COLLEGE OF NURSING, KAVA, LATUR",45,42
6425,Chh. Sambhaji Nagar,Latur,356,2024-25,GNM,"NAVJEEVAN CHARITABLE TRUST, LATUR",60,60
6426,Chh. Sambhaji Nagar,Latur,408,2024-25,GNM,"MAHARASHTRA INSTITUTE OF MED. SCI RE. NSG, LATUR",40,40
6427,Chh. Sambhaji Nagar,Latur,492,2024-25,GNM,"New Vision School of Nursing, Latur",60,60
6428,Chh. Sambhaji Nagar,Latur,546,2024-25,GNM,"SWAMI VIVEKANAND SCHOOL OF NURSING, UDGIR, LATUR",50,27
6429,Chh. Sambhaji Nagar,Latur,696,2024-25,GNM,"JIJAMATA NURSING SCHOOL, LATUR",20,20
6430,Chh. Sambhaji Nagar,Latur,748,2024-25,GNM,"SAVITHRIBAI PULE NURSING SCHOOL, JALKOT, LATUR",60,48
6431,Chh. Sambhaji Nagar,Latur,831,2024-25,GNM,"RAJGURU SCHOOL OF NURSING, UDGIR, LATUR",40,40
6432,Chh. Sambhaji Nagar,Latur,950,2024-25,GNM,"Arman Nursing School, Latur",20,20
6433,Chh. Sambhaji Nagar,Latur,954,2024-25,GNM,"SONI NURSING SCHOOL, LATUR",20,20
6434,Chh. Sambhaji Nagar,Latur,960,2024-25,GNM,"VEDANT RGNM NURSING SCHOOL, LATUR",40,40
6435,Chh. Sambhaji Nagar,Latur,966,2024-25,GNM,"Sharada Institute of Nursing, Latur",80,42
6436,Chh. Sambhaji Nagar,Latur,969,2024-25,GNM,"Sambhajirao Kendre Nursing School, Udgir, Latur",20,20
6437,Chh. Sambhaji Nagar,Latur,973,2024-25,GNM,"FlORENCE SCHOOL OF NURSING, LATUR",20,3
6438,Chh. Sambhaji Nagar,Latur,982,2024-25,GNM,RAJIV GANDHI RGNM NURSING SCHOOL UDGIR LATUR,60,60
6439,Chh. Sambhaji Nagar,Latur,985,2024-25,GNM,"KASTURABAI NURSING SCHOOL, UDGIR, LATUR",60,60
6440,Chh. Sambhaji Nagar,Latur,997,2024-25,GNM,LATE PARVATIBAI BURDE NURSING SCHOOL CHAKUR LATUR,20,20
6441,Konkan,Mumbai City,188,2024-25,GNM,"K.J.SOMAIYA HOSPITAL RES. CENTRE, SON, SION , MUMBAI",40,40
6442,Konkan,Mumbai Suburban,189,2024-25,GNM,"HOLY SPIRIT HOSPITAL , ANDHERI , MUMBAI",30,30
6443,Konkan,Mumbai Suburban,191,2024-25,GNM,"GURU NANAK HOSPITAL, SON, BANDRA , MUMBAI",20,20
6444,Konkan,Mumbai Suburban,192,2024-25,GNM,"HOLY FAMILY INSTITUTE OF NURSING EDU., KURLA, MUMBAI",60,60
6445,Nagpur,Nagpur,1108,2024-25,GNM,"Datta Meghe College of Nursing, Wandongari, Nagpur",100,100
6446,Nagpur,Nagpur,1110,2024-25,GNM,"Shri K.R.Pandav College of Nursing and Hospital, Nagpur",60,60
6447,Nagpur,Nagpur,1145,2024-25,GNM,"Med Pro College of Nursing,Nandanvan Nagpur",60,60
6448,Nagpur,Nagpur,1155,2024-25,GNM,"Smt. Rajkamal Tidke Institute of Nursing Mouda, Nagpur",60,34
6449,Nagpur,Nagpur,1220,2024-25,GNM,"Tanisq Nursing School Somalwada, Nagpur",60,60
6450,Nagpur,Nagpur,123,2024-25,GNM,"TIRPUDE NURSING TRAINING SCHOOL, NAGPUR",40,40
6451,Nagpur,Nagpur,1245,2024-25,GNM,"Shri Sai Institute of Nursing & Medical Science, Nandanvan, Dist. Nagpur",60,59
6452,Nagpur,Nagpur,1248,2024-25,GNM,"TREATWELL COLLEGE OF NURSING, NAGPUR",60,32
6453,Nagpur,Nagpur,1268,2024-25,GNM,"SHRI SAIBABA COLLEGE OF NURSING, NAGPUR",40,40
6454,Nagpur,Nagpur,1387,2024-25,GNM,"ATLANTA SCHOOL OF NURSING, NAGPUR",40,40
6455,Nagpur,Nagpur,1395,2024-25,GNM,"SHREE KOLTE PATIL NURSING COLLEGE WADI, NAGPUR",40,40
6456,Nagpur,Nagpur,1400,2024-25,GNM,"RAJVI NURSING SCHOOL,MAUZE GOREWADA,NAGPUR",40,40
6457,Nagpur,Nagpur,1433,2024-25,GNM,"SHRIMATI MAYA COLLEGE OF NURSING, BUTIBORI, NAGPUR",40,37
6458,Nagpur,Nagpur,1446,2024-25,GNM,"ACHARYA VINOBA BHAVE NURSING COLLEGE, KATOL, NAGPUR",40,40
6459,Nagpur,Nagpur,1463,2024-25,GNM,"TRUE COLLEGE OF NURSING, NAGPUR",60,30
6460,Nagpur,Nagpur,1464,2024-25,GNM,"TRUE COLLEGE OF NURSING MANSAR, RAMTEK, NAGPUR",100,46
6461,Nagpur,Nagpur,1506,2024-25,GNM,"INDUTAI GAIKWAD PATIL NURSING COLLEGE DHUTI, DONGARGAON, NAGPUR",40,0
6462,Nagpur,Nagpur,1512,2024-25,GNM,"DR. V. N. MIRZAPURE NURSING COLLEGE G.N.M. MAUZE BRAMHANI, KALMESHWAR,
NAGPUR",60,38
6463,Nagpur,Nagpur,1525,2024-25,GNM,"DISHA NURSING COLLEGE, NAGPUR",60,60
6464,Nagpur,Nagpur,1532,2024-25,GNM,"AAI PANCHFULA INSTITUTE OF NURSING BUTTIBORI, NAGPUR",40,38
6465,Nagpur,Nagpur,1622,2024-25,GNM,"SHALINITAI MEGHE COLLEGE OF NURSING, WANADONGRI, NAGPUR",100,37
6466,Nagpur,Nagpur,245,2024-25,GNM,"MURE MEMORIAL HOSPITAL SCHOOL OF NURSING, NAGPUR",30,0
6467,Nagpur,Nagpur,246,2024-25,GNM,"MADHURIBAI DESHMUKH INST.OF NSG.EDU., NAGPUR",100,100
6468,Nagpur,Nagpur,251,2024-25,GNM,"SURETECH COLLEGE OF NURSING, NAGPUR",60,60
6469,Nagpur,Nagpur,267,2024-25,GNM,"ASHARAM SCHOOL OF NURSING , NAGPUR",60,53
6470,Nagpur,Nagpur,482,2024-25,GNM,SMT. HANSABEN NURSING SCHOOL NAGPUR,60,58
6471,Nagpur,Nagpur,688,2024-25,GNM,"POOJA NURSING SCHOOL, NAGPUR",60,60
6472,Nagpur,Nagpur,825,2024-25,GNM,"Aakar School of Nursing, Nagpur",40,39
6473,Nagpur,Nagpur,826,2024-25,GNM,"Tanisq School of Nursing, Nagpur",60,60
6474,Nagpur,Nagpur,920,2024-25,GNM,CENTRAL INDIA NURSING COLLEGE NAGPUR,40,37
6475,Nagpur,Nagpur,924,2024-25,GNM,"Shree Sai School of Nursing, Umrer, Nagpur",20,20
6476,Chh. Sambhaji Nagar,Nanded,1042,2024-25,GNM,"SHRI GURURGOVIND SINGHJI MEMORIAL SCHOOL OF NURSING, ARDHAPUR, NANDED",60,60
6477,Chh. Sambhaji Nagar,Nanded,1100,2024-25,GNM,New Rajmata Jijau RGNM Nursing School,50,50
6478,Chh. Sambhaji Nagar,Nanded,1119,2024-25,GNM,"Nandigram Nursing College, Nanded",50,50
6479,Chh. Sambhaji Nagar,Nanded,1124,2024-25,GNM,Rajmudra GNM Nursing School Nanded,50,50
6480,Chh. Sambhaji Nagar,Nanded,1134,2024-25,GNM,"SAMARTH NURSING SCHOOL,Mudkhed Nanded",40,39
6481,Chh. Sambhaji Nagar,Nanded,1146,2024-25,GNM,"Sai Institute Of G.N.M Nursing School,Nanded",40,40
6482,Chh. Sambhaji Nagar,Nanded,1188,2024-25,GNM,"PANDIT DINDAYAL UPADHYAY NURSING SCHOOL, DHANEGAON NANDED",20,20
6483,Chh. Sambhaji Nagar,Nanded,1204,2024-25,GNM,"KASTURBA GANDHI NURSING SCHOOL, KANDHAR, NANDED",40,40
6484,Chh. Sambhaji Nagar,Nanded,1205,2024-25,GNM,"JIJAU NURSING SCHOOL, NANDED",40,40
6485,Chh. Sambhaji Nagar,Nanded,1225,2024-25,GNM,"Radhai G.N.M. Nursing School, Karegaon Loha, Nanded",40,40
6486,Chh. Sambhaji Nagar,Nanded,1226,2024-25,GNM,"Mauli Nursing School Taroda, Nanded",40,40
6487,Chh. Sambhaji Nagar,Nanded,1233,2024-25,GNM,"Swami Vivekanand Nursing G.N.M. College, Nanded",40,40
6488,Chh. Sambhaji Nagar,Nanded,1266,2024-25,GNM,"MUKTAI NURSING COLLEGE, NANDED",40,40
6489,Chh. Sambhaji Nagar,Nanded,1303,2024-25,GNM,"CHHATRAPATI SAMBHAJI MAHARAJ G.N.M. NURSING SCHOOL KANDHAR, NANDED",60,60
6490,Chh. Sambhaji Nagar,Nanded,1317,2024-25,GNM,"SARASWATI G.N.M. NURSING INSTITUTE, KANDHAR, NANDED",60,60
6491,Chh. Sambhaji Nagar,Nanded,1335,2024-25,GNM,"FLORENCE INSTITUTE OF NURSING, NANDED.",60,60
6492,Chh. Sambhaji Nagar,Nanded,1354,2024-25,GNM,"GLOBAL NURSING INSTITUTE, JANAPURI, LOHA, NANDED",50,50
6493,Chh. Sambhaji Nagar,Nanded,1368,2024-25,GNM,"JIJAU COLLEGE OF NURSING & RESEARCH CENTER MARKHEL, DEGLOOR, NANDED",40,40
6494,Chh. Sambhaji Nagar,Nanded,1377,2024-25,GNM,"BHIMASHANKAR NURSING SCHOOL SHIRDHON, KANDHAR, NANDED",40,40
6495,Chh. Sambhaji Nagar,Nanded,1378,2024-25,GNM,"JANAI SCHOOL OF NURSING, NANDED",60,60
6496,Chh. Sambhaji Nagar,Nanded,1392,2024-25,GNM,"SARIKA SCHOOL OF NURSING G.N.M, NANDED",40,40
6497,Chh. Sambhaji Nagar,Nanded,1401,2024-25,GNM,"JANAI G.N.M. NURSING SCHOOL, KINWAT, NANDED.",40,40
6498,Chh. Sambhaji Nagar,Nanded,1434,2024-25,GNM,"LAXMIBAI GORTHEKAR G.N.M. NURSING SCHOOL, UMRI, NANDED",40,40
6499,Chh. Sambhaji Nagar,Nanded,1442,2024-25,GNM,"TUKAI G.N.M. NURSING SCHOOL, TARODA, NANDED",40,40
6500,Chh. Sambhaji Nagar,Nanded,1444,2024-25,GNM,"SHRI SAMBHAJI COLLEGE OF NURSING (G.N.M.), KHADKUT, NANDED",40,40
6501,Chh. Sambhaji Nagar,Nanded,1448,2024-25,GNM,"JIJAU NURSING SCHOOL, VISHNUPURI, NANDED",30,30
6502,Chh. Sambhaji Nagar,Nanded,1452,2024-25,GNM,"TULJAI NURSING COLLEGE, NANDED",40,40
6503,Chh. Sambhaji Nagar,Nanded,1455,2024-25,GNM,"MAHATMA BASWESHWAR NURSING SCHOOL, NANDED",40,40
6504,Chh. Sambhaji Nagar,Nanded,1465,2024-25,GNM,"HORIZON SCHOOL OF NURSING, VISHNUPURI, NANDED",60,60
6505,Chh. Sambhaji Nagar,Nanded,1472,2024-25,GNM,"LATE CHANDRABHAGABAI KESHAVE COLLEGE OF NURSING, MAHUR, NANDED",40,38
6506,Chh. Sambhaji Nagar,Nanded,1473,2024-25,GNM,"MAA JIJAU NURSING SCHOOL, KANDHAR, NANDED",40,40
6507,Chh. Sambhaji Nagar,Nanded,1474,2024-25,GNM,"RENUKAI G.N.M. NURSING SCHOOL, KINWAT, NANDED",60,43
6508,Chh. Sambhaji Nagar,Nanded,1481,2024-25,GNM,"JANSEVA NURSING COLLEGE, MUKHED, NANDED",60,53
6509,Chh. Sambhaji Nagar,Nanded,1495,2024-25,GNM,"KAI. MATHURABAI INGLE SCHOOL OF NURSING (G.N.M.) MUKHED, NANDED",60,26
6510,Chh. Sambhaji Nagar,Nanded,1497,2024-25,GNM,"LATE ANANTRAO RAJURKAR COLLEGE OF NURSING, NANDED",40,40
6511,Chh. Sambhaji Nagar,Nanded,1523,2024-25,GNM,"KASTURBA GANDHI NURSING SCHOOL, NANDED",60,42
6512,Chh. Sambhaji Nagar,Nanded,1524,2024-25,GNM,"NIRMITI NURSING COLLEGE, NANDED",40,26
6513,Chh. Sambhaji Nagar,Nanded,1534,2024-25,GNM,"KAI. GOPINATHRAOJI RATHOD SCHOOL OF NURSING (G.N.M.) NARSI, NAIGAON, NANDED",40,40
6514,Chh. Sambhaji Nagar,Nanded,1547,2024-25,GNM,"PUNYASHLOK AHILYADEVI HOLKAR COLLEGE OF NURSING AND RESEARCH CENTRE,
MUKRAMABAD, MUKHED, NANDED",60,20
6515,Chh. Sambhaji Nagar,Nanded,1550,2024-25,GNM,"LATE PANJABRAO PATIL JAWALGAONKAR COLLEGE OF NURSING, NANDED",40,40
6516,Chh. Sambhaji Nagar,Nanded,1553,2024-25,GNM,"MOTHER TERESA NURSING SCHOOL, UMARDARI, MUKHED, NANDED",40,38
6517,Chh. Sambhaji Nagar,Nanded,1569,2024-25,GNM,"JIJAU SCHOOL OF NURSING, KHANDGAON, NAIGAON, NANDED",40,34
6518,Chh. Sambhaji Nagar,Nanded,1584,2024-25,GNM,"MODERN NURSING SCHOOL (G.N.M.), BILOLI, NANDED",30,30
6519,Chh. Sambhaji Nagar,Nanded,1595,2024-25,GNM,"MATRUBHOOMI INSTITUTE OF NURSING, NANDED",40,40
6520,Chh. Sambhaji Nagar,Nanded,1609,2024-25,GNM,"BHARTI G.N.M. NURSING SCHOOL, HADGAON, NANDED",40,40
6521,Chh. Sambhaji Nagar,Nanded,709,2024-25,GNM,"GANSHANTI NURSING SCHOOL, NANDED",40,40
6522,Chh. Sambhaji Nagar,Nanded,710,2024-25,GNM,"RAM RATAN NURSING INSTITUTE, BHOKAR, NANDED",40,40
6523,Chh. Sambhaji Nagar,Nanded,717,2024-25,GNM,"GOVINDRAO PAUL NURSING SCHOOL, NANDED",30,30
6524,Chh. Sambhaji Nagar,Nanded,763,2024-25,GNM,"MOTHER TERESA NURSING SCHOOL, NANDED",60,57
6525,Chh. Sambhaji Nagar,Nanded,767,2024-25,GNM,"ADARSHA NURSING SCHOOL, DEGLOOR, NANDED",40,40
6526,Chh. Sambhaji Nagar,Nanded,832,2024-25,GNM,"Akshay Nursing School, Nanded",40,40
6527,Chh. Sambhaji Nagar,Nanded,970,2024-25,GNM,"Shivaprasad Nursing Institute, Mukhed, Nanded",50,50
6528,Chh. Sambhaji Nagar,Nanded,971,2024-25,GNM,"Marathwada Nursing School, Nanded",20,20
6529,Chh. Sambhaji Nagar,Nanded,983,2024-25,GNM,"DAGDOJIRAO PATIL RGNM NURSING SCHOOL HADGAON, NANDED",50,50
6530,Nashik,Nandurbar,1010,2024-25,GNM,"AAISAHEB JAYABAI G.N.M NURSING, PATHRAI, NANDURBAR",60,60
6531,Nashik,Nandurbar,1202,2024-25,GNM,"MOTHER HAWWA NURSING INSTITUTE,NANDURBAR",60,60
6532,Nashik,Nandurbar,1243,2024-25,GNM,"Shri. Swami Samarth Nursing College, Nandurbar",40,40
6533,Nashik,Nandurbar,1267,2024-25,GNM,"SANTOSHIMATA SCHOOL OF NURSING, NANDURBAR",30,30
6534,Nashik,Nandurbar,1288,2024-25,GNM,"AASTHA NURSING SCHOOL, NANDURBAR",40,40
6535,Nashik,Nandurbar,1373,2024-25,GNM,"LATE VILASRAO DESHMUKH INSTITUTE OF NURSING (G.N.M.), NAVAPUR, NANDURBAR",40,40
6536,Nashik,Nandurbar,1374,2024-25,GNM,"ANGEL SCHOOL OF NURSING DHADGAON, AKRANI, NANDURBAR",40,40
6537,Nashik,Nandurbar,1386,2024-25,GNM,"SAI NURSING COLLEGE, NAVAPUR, NANDURBAR",50,50
6538,Nashik,Nandurbar,1390,2024-25,GNM,"BIRSA MUNDA INSTITUTE OF NURSING (G.N.M.) LONKHEDA, SHAHADA, NANDURBAR",30,30
6539,Nashik,Nandurbar,1413,2024-25,GNM,"MATOSHRI SCHOOL OF NURSING, VIRCHAK, NANDURBAR",40,40
6540,Nashik,Nandurbar,1414,2024-25,GNM,"S. N. D. SCHOOL OF NURSING, VIRCHAK, NANDURBAR",40,40
6541,Nashik,Nandurbar,207,2024-25,GNM,"DEOMOGRA FOUNDATION TRUST , NANDURBAR",50,50
6542,Nashik,Nandurbar,864,2024-25,GNM,"Angel Nursing School, nandurbar",60,60
6543,Nashik,Nashik,1140,2024-25,GNM,"MATOSHRI SCHOOL OF NURSING , EKLAHARE, NASIK",50,50
6544,Nashik,Nashik,1144,2024-25,GNM,"Jeevak School Of Nursing,Mhasrul Nashik",60,60
6545,Nashik,Nashik,1183,2024-25,GNM,"MANMAD NURSING SCHOOL, NANDGAON, NASHIK",60,60
6546,Nashik,Nashik,1190,2024-25,GNM,"SWAMI NARAYAN NURSING INSTITUTE, PANCHAVATI, NASIK",40,40
6547,Nashik,Nashik,12,2024-25,GNM,GANPATRAO ADKE INE. NASIK,60,60
6548,Nashik,Nashik,1284,2024-25,GNM,"SAI SIDDHI SCHOOL OF NURSING, YEOLA, NASHIK",40,40
6549,Nashik,Nashik,13,2024-25,GNM,"NASIK MEDICO TRAINING COLLEGE OF NURSING, NASIK",40,40
6550,Nashik,Nashik,1329,2024-25,GNM,"SAI CARE SCHOOL OF NURSING DINDORI, NASHIK",60,60
6551,Nashik,Nashik,1406,2024-25,GNM,"SINDHUTAI VIKHE PATIL COLLEGE OF NURSING, SINNER, NASHIK",80,52
6552,Nashik,Nashik,1422,2024-25,GNM,"BHONSALA INSTITUTE OF NURSING, NASHIK",60,59
6553,Nashik,Nashik,1431,2024-25,GNM,"MATOSHRI GODABAI DHONGE COLLEGE OF NURSING, KHAMBALE, GHOTI, IGATPURI,
NASHIK",60,60
6554,Nashik,Nashik,1477,2024-25,GNM,"DR. NAIKWADI COLLEGE OF NURSING JAMGAON MALEGAON, SINNER NASHIK",40,40
6555,Nashik,Nashik,1510,2024-25,GNM,"SAPTASHRUNGI NURSING SCHOOL VANI, DINDORI, NASHIK",40,40
6556,Nashik,Nashik,1548,2024-25,GNM,"SIDDHIVINAYAK NURSING COLLEGE, NASHIK",60,60
6557,Nashik,Nashik,1623,2024-25,GNM,"SMT. VIMALABEN RAMESHCHANDRA JOSHI NURSING COLLEGE, SATPUR, NASHIK",40,0
6558,Nashik,Nashik,196,2024-25,GNM,"N.D.M.V.P.SAMAJS SCHOOL OF NSG., NASIK",80,76
6559,Nashik,Nashik,197,2024-25,GNM,"GOKHALE EDUCATION SOCIETY , SON, VIDYANAGAR , NASIK",50,50
6560,Nashik,Nashik,203,2024-25,GNM,"GLOBAL HEALTH CARE INSTITUTE , COLLEGE OF NURSING , NASHIK",60,60
6561,Nashik,Nashik,206,2024-25,GNM,"SAHYADRI SEVA SANSTHA , INSTITUTE OF NURSING , NASIK",60,60
6562,Nashik,Nashik,33,2024-25,GNM,"NAMCO SCHOOL OF NURSING, NASIK",40,40
6563,Nashik,Nashik,38,2024-25,GNM,"NASHIK NURSING SCHOOL, NASHIK",60,60
6564,Nashik,Nashik,497,2024-25,GNM,"SWAMI VIVEKANAND SANSTHA, MALEGAON, NASHIK",20,17
6565,Nashik,Nashik,541,2024-25,GNM,"KALWAN NURSING SCHOOL, KALWAN, NASHIK",60,60
6566,Nashik,Nashik,542,2024-25,GNM,"DINDORI SCHOOL OF NURSING, DINDORI, NASHIK",60,60
6567,Nashik,Nashik,543,2024-25,GNM,"YEOLA SCHOOL OF NURSING, YEOLA, NASHIK",60,60
6568,Nashik,Nashik,589,2024-25,GNM,"IGATPURI NURSING SCHOOL, IGATPURI, NASHIK",60,60
6569,Nashik,Nashik,590,2024-25,GNM,"NIFAD NURSING SCHOOL, NIFAD, NASHIK",60,60
6570,Nashik,Nashik,592,2024-25,GNM,"SAI CARE NURSING SCHOOL, NASHIK",60,60
6571,Nashik,Nashik,593,2024-25,GNM,"JIJAMATA NURSING SCHOOL, MALEGAON, NASHIK",60,60
6572,Nashik,Nashik,597,2024-25,GNM,"RAJEEV GANDHI GNM NURSING COLLEGE, SINNAR, NASHIK",60,60
6573,Nashik,Nashik,598,2024-25,GNM,"TANMAYI NURSING INSTITUTE, NASHIK",60,59
6574,Nashik,Nashik,863,2024-25,GNM,"Tuljabhavani Adiwashi Shikshan Krida Nursing Institute, Surgana, Nashik",60,60
6575,Nashik,Nashik,865,2024-25,GNM,"M.A.D.SCHOOL OF NURSING, YEOLA, NASHIK",100,81
6576,Nashik,Nashik,867,2024-25,GNM,"LATE BHIKAJI DARADE SCHOOL OF NURSING YEOLA, NASHIK",100,47
6577,Nashik,Nashik,871,2024-25,GNM,JAGADAMBA SCHOOL OF NURSING YEOLA NASHIK,100,87
6578,Chh. Sambhaji Nagar,Dharashiv,1137,2024-25,GNM,"INSTITUTE OF NURSING, WASHI, OSMANABAD",20,17
6579,Chh. Sambhaji Nagar,Dharashiv,1141,2024-25,GNM,"RENUKA SCHOOL OF NURSING , KALAMB, OSMANABAD",40,40
6580,Chh. Sambhaji Nagar,Dharashiv,1171,2024-25,GNM,"SAHYADRI NURSING COLLEGE,OSMANABAD",60,60
6581,Chh. Sambhaji Nagar,Dharashiv,1172,2024-25,GNM,"MOTHER KANCHAN NURSING INSTITUTE,BARSHI OSMANABAD",40,40
6582,Chh. Sambhaji Nagar,Dharashiv,1217,2024-25,GNM,"Ideal Institute of Nursing College Lohara,Osmanabad",20,20
6583,Chh. Sambhaji Nagar,Dharashiv,1218,2024-25,GNM,"Dr.K.D.Shendge G.N.M. Nursing School Omerga, Osmanabad",60,60
6584,Chh. Sambhaji Nagar,Dharashiv,1360,2024-25,GNM,"SHENDGE INSTITUTE OF NURSING SCIENCE, OMERGA, DHARASHIV",50,50
6585,Chh. Sambhaji Nagar,Dharashiv,271,2024-25,GNM,"INDIRA GANDHI NURSING SCHOOL, OSMANABAD",30,30
6586,Chh. Sambhaji Nagar,Dharashiv,777,2024-25,GNM,"K.T. PATIL SCHOOL OF NURSING, OSMANABAD",60,60
6587,Chh. Sambhaji Nagar,Dharashiv,957,2024-25,GNM,Dr. SHIVAJIRAO GHOGARE NURSING SCHOOL OSMANABAD,40,40
6588,Chh. Sambhaji Nagar,Dharashiv,958,2024-25,GNM,AASTHA SCHOOL OF NURSING OSMANABAD,20,15
6589,Chh. Sambhaji Nagar,Dharashiv,959,2024-25,GNM,NAVIN NURSING SCHOOL OSMANABAD,20,18
6590,Chh. Sambhaji Nagar,Dharashiv,1358,2024-25,GNM,"A.G. INSTITUTE OF NURSING, DHARASHIV",40,38
6591,Chh. Sambhaji Nagar,Dharashiv,1537,2024-25,GNM,"MAULI NURSING COLLEGE (G.N.M.), OMERGA, DHARASHIV",40,25
6592,Konkan,Palghar,1117,2024-25,GNM,"Shantai Nursing School, Palghar",80,80
6593,Konkan,Palghar,1147,2024-25,GNM,"Bhagwant Nursing School,Moregoan Palghar",50,50
6594,Konkan,Palghar,1153,2024-25,GNM,"Dayanand School of Nursing, Palghar",40,40
6595,Konkan,Palghar,1184,2024-25,GNM,"PRAJAPATI COLLEGE OF NURSING,KUDUS, PALGHAR",40,40
6596,Konkan,Palghar,1215,2024-25,GNM,"Ideal Institute of Nursing, Wada Palghar",60,54
6597,Konkan,Palghar,1247,2024-25,GNM,"VEDANTAA INSTITUTE OF PARAMEDICAL SCIENCES,SASWAND, TAL. DAHANU, DIST.
PALGHAR",60,60
6598,Konkan,Palghar,1301,2024-25,GNM,"MATRUKRUPA NURSING COLLEGE, PALGHAR",40,39
6599,Konkan,Palghar,1488,2024-25,GNM,"SURYA INSTITUTE OF NURSING SCIENCES, PALGHAR",40,40
6600,Konkan,Palghar,1490,2024-25,GNM,"MOTHER TERESA COLLEGE OF NURSING NALASOPARA, VASAI-VIRAR, PALGHAR",40,30
6601,Konkan,Palghar,1522,2024-25,GNM,"RIDDHI VINAYAK COLLEGE OF NURSING, NALASOPARA, PALGHAR",40,22
6602,Konkan,Palghar,1562,2024-25,GNM,"JIVDANI SCHOOL OF NURSING, VIRAR, PALGAHAR",60,60
6603,Konkan,Palghar,1614,2024-25,GNM,"AMBIKA INSTITUTE OF NURSING EDUCATION, PALGHAR",60,2
6604,Konkan,Thane,194,2024-25,GNM,"UDAY GER SCHOOL OF NURSING, VASAI, THANE",25,25
6605,Konkan,Palghar,587,2024-25,GNM,"SHREE GAJANAN MAHARAJ COLLEGE OF NURSING AND RESEARCH CENTER JAWHAR,
PALGHAR",50,50
6606,Chh. Sambhaji Nagar,Parbhani,1127,2024-25,GNM,"DNYANAI INSTITUTE OF NURSING SCHOOL Karegaon, PARBHANI",60,60
6607,Chh. Sambhaji Nagar,Parbhani,1131,2024-25,GNM,"Indira Gandhi Nursing School Khadrabad Plot,Parbhani",60,60
6608,Chh. Sambhaji Nagar,Parbhani,1176,2024-25,GNM,SAHARA GNM NURSING SCHOOL PARBHANI,40,40
6609,Chh. Sambhaji Nagar,Parbhani,1259,2024-25,GNM,"MOTHER TERESA NURSING SCHOOL SELU, DIST. PARBHANI",60,60
6610,Chh. Sambhaji Nagar,Parbhani,1313,2024-25,GNM,"SHRI RAMKRUSHNA PARAMHANS INSTITUTE OF NURSING, PARBHANI",60,60
6611,Chh. Sambhaji Nagar,Parbhani,1334,2024-25,GNM,NEHA SCHOOL OF NURSING G.N.M. PRABHANI,60,60
6612,Chh. Sambhaji Nagar,Parbhani,1336,2024-25,GNM,"JIVANSEVA NURSING INSTITUTE, PARBHANI.",60,60
6613,Chh. Sambhaji Nagar,Parbhani,1344,2024-25,GNM,"VITTHALA NURSING SCHOOL LONI, PATHRI, PARBHANI",40,40
6614,Chh. Sambhaji Nagar,Parbhani,1353,2024-25,GNM,"RADHAI NURSING SCHOOL,RAMNAGAR AKOLI, GANGAKHED, PARBHANI",60,60
6615,Chh. Sambhaji Nagar,Parbhani,1416,2024-25,GNM,"BORDIKAR COLLEGE OF NURSING, MATHALA, JINTUR, PARBHANI",40,33
6616,Chh. Sambhaji Nagar,Parbhani,1451,2024-25,GNM,"DR. PRAFULLA PATIL NURSING SCHOOL (G.N.M.) , PARBHANI",40,40
6617,Chh. Sambhaji Nagar,Parbhani,1461,2024-25,GNM,"VISHWAPRADNYA NURSING COLLEGE, PARBHANI",40,37
6618,Chh. Sambhaji Nagar,Parbhani,1470,2024-25,GNM,"VITTHALA NURSING SCHOOL, BRAMHANGAON, PARBHANI",60,55
6619,Chh. Sambhaji Nagar,Parbhani,1485,2024-25,GNM,"KARMAYOGI NURSING COLLEGE, PARBHANI",40,40
6620,Chh. Sambhaji Nagar,Parbhani,1492,2024-25,GNM,"KAMALABAI WADKUTE NURSING COLLEGE G.N.M. TADKALAS, PURNA, PARBHANI",40,40
6621,Chh. Sambhaji Nagar,Parbhani,1515,2024-25,GNM,"SAHARA COLLEGE OF NURSING, PARBHANI",60,60
6622,Chh. Sambhaji Nagar,Parbhani,1594,2024-25,GNM,"DECCAN NURSING COLLEGE, PARBHANI",40,40
6623,Chh. Sambhaji Nagar,Parbhani,1617,2024-25,GNM,"SHRI SAI INSTITUTE OF G.N.M. NURSING, BORI, JINTUR, PARBHANI",40,40
6624,Chh. Sambhaji Nagar,Parbhani,170,2024-25,GNM,"MAULI INSTITUTE OF NURSING, PARBHANI",60,59
6625,Chh. Sambhaji Nagar,Parbhani,265,2024-25,GNM,"INSTITUTE OF NURSING, PARBHANI",60,60
6626,Chh. Sambhaji Nagar,Parbhani,374,2024-25,GNM,"TIRUPATI NURSING SCHOOL,PARBHANI",60,60
6627,Chh. Sambhaji Nagar,Parbhani,477,2024-25,GNM,"BELESHWAR INSTITUTE OF NURSING, PARBHANI",30,30
6628,Chh. Sambhaji Nagar,Parbhani,705,2024-25,GNM,"INDIRA GANDHI A.N.M. NURSING SCHOOL, PARBHANI",60,60
6629,Chh. Sambhaji Nagar,Parbhani,722,2024-25,GNM,"RAJMATA AHILYA DEVI INSTITUTION OF NURSING, PARBHANI",60,60
6630,Chh. Sambhaji Nagar,Parbhani,834,2024-25,GNM,"Kalpana Chawala Nursing School, Parbhani",40,40
6631,Chh. Sambhaji Nagar,Parbhani,986,2024-25,GNM,"Late. Tulsabai Sapanrao Patil Institute of Nursing Education, Parbhani",20,20
6632,Chh. Sambhaji Nagar,Parbhani,998,2024-25,GNM,"APURVA NURSING INSTITUTE, PARBHANI",20,20
6633,Pune,Pune,1125,2024-25,GNM,Sancheti Institute of Nursing Education,60,60
6634,Pune,Pune,1148,2024-25,GNM,"Emerald School of Nursing,Pune",30,24
6635,Pune,Pune,1177,2024-25,GNM,"RAJMATA JIJAU SCHOOL OF NURSING , KHARADI BAYPASS PUNE",60,60
6636,Pune,Pune,1180,2024-25,GNM,JAI HIND COLLEGE OF NURSING JUNNER PUNE,60,59
6637,Pune,Pune,1221,2024-25,GNM,"NOBLE INSTITUTE OF MEDICAL SCIENCES, PUNE",60,45
6638,Pune,Pune,1255,2024-25,GNM,"APARNA NURSING SCHOOL, TAL. JUNNAR, DIST. PUNE",60,60
6639,Pune,Pune,1298,2024-25,GNM,"MATRUBHOOMI INSTITUTE OF NURSING, TAL. KATRAJ, DIST. PUNE",60,60
6640,Pune,Pune,1327,2024-25,GNM,"DR. KATHE NURSING COLLEGE PARGAON, TARFE AWASARI, Tal. Ambegaon, Dist. Pune",40,40
6641,Pune,Pune,1337,2024-25,GNM,"MAA JIJAU G.N.M. NURSING INSTITUTE, HAVELI, PUNE",60,60
6642,Pune,Pune,1345,2024-25,GNM,"USHADEVI PHADTARE NURSING SCHOOL (G.N.M) KALAMB, INDAPUR, PUNE",60,60
6643,Pune,Pune,1370,2024-25,GNM,"SAMARTH INSTITUTE OF NURSING BELHE, JUNNAR, PUNE",40,40
6644,Pune,Pune,1376,2024-25,GNM,"BAPUSAHEB THITE COLLEGE OF NURSING GHODNADI, SHIRUR, PUNE",40,40
6645,Pune,Pune,1402,2024-25,GNM,"GLOBAL INSTITUTE OF NURSING EDUCATION, SADASHIV PETH, PUNE",60,60
6646,Pune,Pune,1404,2024-25,GNM,"SURYADATTA COLLEGE OF NURSING, PARAMEDICAL SCIENCES & TECHNOLOGY(SCNPST),
BAVDHAN, PUNE",100,32
6647,Pune,Pune,1435,2024-25,GNM,"PAVITRA NURSING SCHOOL, RANJANGAON, SHIRUR, PUNE",40,40
6648,Pune,Pune,1450,2024-25,GNM,"MUKTAI NURSING COLLEGE GIRIM, DAUND, PUNE",40,31
6649,Pune,Pune,1520,2024-25,GNM,"SURYODAY COLLEGE OF NURSING SHIRUR, PUNE",60,0
6650,Pune,Pune,1535,2024-25,GNM,"M.D. MEDICAL INSTITUTE, TALEGAON DADHADE, PUNE",50,10
6651,Pune,Pune,1549,2024-25,GNM,"LOTUS NURSING COLLEGE, DHAYARI, PUNE",60,46
6652,Pune,Pune,1559,2024-25,GNM,"ADHIRAJ COLLEGE OF NURSING, PUNE",60,60
6653,Pune,Pune,1582,2024-25,GNM,"VISHWARAJ INSTITUTE OF NURSING, LONI KALBHOR, HAVELI, PUNE",80,23
6654,Pune,Pune,1610,2024-25,GNM,"SHRI L.D. AHER NURSING SCHOOL, JUNNAR, PUNE",40,21
6655,Pune,Pune,1621,2024-25,GNM,"NUTAN NURSING INSTITUTE, PUNE",40,28
6656,Pune,Pune,210,2024-25,GNM,"K.E.M. HOSPITAL , PUNE",20,20
6657,Pune,Pune,211,2024-25,GNM,"POONA HOSPITAL RESEARCH CENTRE, SON, PUNE",40,28
6658,Pune,Pune,220,2024-25,GNM,"DR. D.Y. PATIL INST OF NURSING EDU , PIMPRI ,PUNE",90,90
6659,Pune,Pune,221,2024-25,GNM,"EDUCATION, KARVE NAGAR PUNE",80,80
6660,Pune,Pune,222,2024-25,GNM,"BHAUSAHEB SARDESAI SCHOOL OF NURSING , TALEGAON GENERAL HOSPITAL , PUNE",20,20
6661,Pune,Pune,223,2024-25,GNM,"BHARATI VIDYAPEETH COLLEGE OF NURSING , PUNE",50,50
6662,Pune,Pune,226,2024-25,GNM,"DWARIKA SANGAMNER INSTITUTE OF NURSING EDUCATION, PUNE",20,20
6663,Pune,Pune,227,2024-25,GNM,"N.M. WADIA HOSPITAL, SCHOOL OF NURSING, PUNE",20,16
6664,Pune,Pune,231,2024-25,GNM,"C Y DANGAT PATIL SHIKSHAN AND KRIDA MANDAL, SCHOOL OF NURSING , PUNE",20,20
6665,Pune,Pune,232,2024-25,GNM,"GIRIRAJ SCHOOL OF NURSING , BARAMATI",60,57
6666,Pune,Pune,239,2024-25,GNM,"SUSHRUSHA NURSING SCHOOL, DAUND , PUNE",50,50
6667,Pune,Pune,242,2024-25,GNM,"LOKMANYA MEDICAL FOUNDATION, SCHOOL OF NURSING EDUCATION, CHINCHWAD,
PUNE",40,25
6668,Pune,Pune,318,2024-25,GNM,"SHARDABAI PAWAR INSTITUTE OF NURSING, PUNE",60,60
6669,Pune,Pune,393,2024-25,GNM,"JAY INSTITUTE OF NURSING , INDAPUR , PUNE",60,36
6670,Pune,Pune,430,2024-25,GNM,"GURURAJ SCHOOL OF NURSING , PUNE",20,20
6671,Pune,Pune,62,2024-25,GNM,"Sevadham Trust A.S.M.T. SON, MAVAL, PUNE,",20,15
6672,Pune,Pune,637,2024-25,GNM,"LATE UDHAVRAO TULSHIRAM JADHAVAR FOUNDATIONS INSTITUTE OF NURSING, PUNE",60,60
6673,Pune,Pune,65,2024-25,GNM,"ANAND MEDICAL FOUNDATION, SON, KURULI, KHED, PUNE",50,28
6674,Pune,Pune,650,2024-25,GNM,"YASH INSTITUTE OF NURSING PARAMEDICAL SCIENCES, INDAPUR, PUNE",20,20
6675,Pune,Pune,68,2024-25,GNM,"SANT DNYANESHWAR MED EDUS,SCHOOL OF NURSING, PUNE",40,40
6676,Pune,Pune,879,2024-25,GNM,PIMPRI NURSING SCHOOL CHINCHWAD PUNE,30,30
6677,Pune,Pune,898,2024-25,GNM,"Dhareshwar Institute of Nursing, Pune",60,60
6678,Pune,Pune,903,2024-25,GNM,"Rajmata Jijau Shikshan Prasarak Mandal School of Nursing, Pune",50,41
6679,Pune,Pune,905,2024-25,GNM,SNEHAL GNM INSTITUTE OF NURSING PUNE,40,40
6680,Pune,Pune,975,2024-25,GNM,"DR.B.B KHALADKAR GNM NURSING SCHOOL BORIPARDHI, DAUND PUNE",60,55
6681,Konkan,Raigarh,1154,2024-25,GNM,"Sara School Of Nursing Taloja,Navi Mumbai",40,33
6682,Konkan,Raigarh,1212,2024-25,GNM,Lifeline School of Nursing Panvel Raigad,60,60
6683,Konkan,Raigarh,1257,2024-25,GNM,"OM COLLEGE OF NURSING MAHAD, DIST. RAIGAD",60,25
6684,Konkan,Raigarh,1261,2024-25,GNM,"SOU. VANDANA NANDKUMAR TASGAONKAR SCHOOL OF GNM, TAL. KARJAT, DIST. RAIGAD",60,60
6685,Konkan,Raigarh,1458,2024-25,GNM,"RAIGAD INSTITUTE OF NURSING EDUCATION WALWATI, MURUD-JANJIRA, RAIGAD",60,31
6686,Konkan,Raigarh,1507,2024-25,GNM,"BABANDADA PATIL COLLEGE OF NURSING TALOJA, PANVEL, RAIGAD",40,40
6687,Konkan,Raigarh,16,2024-25,GNM,"NOOTAN SCHOOL OF NURSING, RAIGAD",40,40
6688,Konkan,Raigarh,1611,2024-25,GNM,"SUSHILA NURSING COLLEGE, KALAMBOLI, PANVEL, RAIGAD",40,23
6689,Konkan,Raigarh,208,2024-25,GNM,"PRABHAKAR PATIL INSTITUTE OF NURSING EDUCATION, PEN",20,0
6690,Konkan,Raigarh,595,2024-25,GNM,"D. D. VISPUTE SCHOOL OF NURSING, PANVEL, RAIGAD",20,18
6691,Konkan,Ratnagiri,1203,2024-25,GNM,"SANJEEVANI D.M.L.T NURSING COLLEGE, CHIPLUN, RATNAGIRI",40,40
6692,Konkan,Ratnagiri,1308,2024-25,GNM,"Devrukh Institute of Nursing, Dist. Ratnagiri",60,45
6693,Chh. Sambhaji Nagar,Dharashiv,1312,2024-25,GNM,"SANJAYRAO VASANTRAO KADAM COLLEGE OF NURSING & RESEARCH CENTRE, (G.N.M)",60,53
6694,Konkan,Ratnagiri,14,2024-25,GNM,"RAMRAJE SCH. NSG, RCON DAPOLI, RATNAGIRI",40,40
6695,Konkan,Ratnagiri,1484,2024-25,GNM,"SAHYADRI INSTITUTE OF NURSING EDUCATION, KHARAWATE-DAHIWALI, CHIPLUN,
RATNAGIRI",40,20
6696,Konkan,Ratnagiri,1608,2024-25,GNM,"RATNAGIRI COLLEGE OF NURSING, KUWARBAV, RATNAGIRI",60,0
6697,Konkan,Ratnagiri,281,2024-25,GNM,"SAMARTH INSTITUTE OF NURSING EDUCATION, DERVAN",60,60
6698,Konkan,Ratnagiri,29,2024-25,GNM,"PARKAR MEDICAL FOUNDATION SCHOOL OF NURSING, RATNAGIRI",20,20
6699,Konkan,Ratnagiri,352,2024-25,GNM,M.E.S SCHOOL OF NURSING KHED RATNAGIRI,40,40
6700,Konkan,Ratnagiri,870,2024-25,GNM,"The Yash Foundations College of Nursing Medical Research Institute, Ratnagiri",50,49
6701,Pune,Sangli,1231,2024-25,GNM,"Suvidha Institute of Nursing School, Atpadi Sangli",30,22
6702,Pune,Sangli,1283,2024-25,GNM,"MHAISHALKAR SHINDE INSTITUTE OF NURSING SCIENCES, SANGLI",60,60
6703,Pune,Sangli,1304,2024-25,GNM,"SUREKHA INSTITUTE OF NURSING AND PARAMEDICAL SCIENCES ASHTA, WALWA, SANGLI",60,60
6704,Pune,Sangli,1307,2024-25,GNM,"SAI INSTITUTE OF NURSING SCIENCES, MIRAJ, SANGLI",50,18
6705,Pune,Sangli,1359,2024-25,GNM,"SAKSH COLLEGE OF NURSING, MIRAJ , SANGLI",60,60
6706,Pune,Sangli,1394,2024-25,GNM,"MADANBHAU PATIL COLLEGE OF NURSING KAVALPUR, MIRAJ, SANGLI",50,27
6707,Pune,Sangli,1421,2024-25,GNM,"SHRIRATNA INSTITUTE OF NURSING COLLEGE, MIRAJ, SANGLI",40,40
6708,Pune,Sangli,1476,2024-25,GNM,"KOYANA INSTITUTE OF NURSING, ISLAMPUR, WALWA, SANGLI",40,20
6709,Pune,Sangli,1503,2024-25,GNM,"DR. DNYANESHWAR MULE COLLEGE OF NURSING TASGAON, SANGLI",30,30
6710,Pune,Sangli,1511,2024-25,GNM,"LATE RAOSAHEB DHONDIRAM MANE NURSING SCHOOL, GHANWAD, GARDI, KHANAPUR,
SANGLI",50,18
6711,Pune,Sangli,1517,2024-25,GNM,"SAKEENA INSTITUTE OF NURSING EDUCATION, MIRAJ, SANGLI",60,60
6712,Pune,Sangli,1521,2024-25,GNM,"SYNERGY COLLEGE OF NURSING, MIRAJ, SANGLI",60,23
6713,Pune,Sangli,1526,2024-25,GNM,"INSTITUTE OF NURSING, MIRAJ, SANGLI",60,38
6714,Pune,Sangli,1575,2024-25,GNM,"ADARSH NURSING SCHOOL (G.N.M) VITA, KHANAPUR, SANGLI",40,22
6715,Pune,Sangli,1597,2024-25,GNM,"SMT. BHAGIRATHI PATIL COLLEGE OF NURSING, SANGLI",40,40
6716,Pune,Sangli,1602,2024-25,GNM,"SEVASADAN COLLEGE OF NURSING, MIRAJ, SANGLI",60,37
6717,Pune,Sangli,216,2024-25,GNM,"WANLESS HOSPITAL COLLEGE OF NURSING, MIRAJ , DIST SANGLI",40,39
6718,Pune,Sangli,228,2024-25,GNM,"LOKNETE RAJARAMBAPU PATIL , TRG. COLL. OF NURSING , ISLAMPUR, WALWA, SANGLI",70,21
6719,Pune,Sangli,230,2024-25,GNM,"KASEGAON EDUCATION SOCIETY, SCHOOL OF NURSING, ISLAMPUR, SANGLI",60,60
6720,Pune,Sangli,236,2024-25,GNM,"MARY BHORE GENERAL NURSING SCHOOL , MIRAJ",50,50
6721,Pune,Sangli,238,2024-25,GNM,"GULABRAO PATIL INSTITUTE OF NURSING SCIENCES, MIRAJ, SANGLI",60,55
6722,Pune,Sangli,294,2024-25,GNM,"HUTATMA INSTITUTE OF NURSING , WALWA , SANGLI",40,40
6723,Pune,Sangli,418,2024-25,GNM,"MATOSHRI HIRAI DESHMUKH NURSING COLLEGE , SHIRALA , SANGLI",40,25
6724,Pune,Sangli,501,2024-25,GNM,"CHINGUAAI INSTITUTE OF NURSING EDUCATION, KAVATHE MAHANKAL, SANGLI",20,20
6725,Pune,Sangli,526,2024-25,GNM,"VIDYA SAGAR NURSING SCHOOL, SANGLI",50,50
6726,Pune,Sangli,57,2024-25,GNM,"SAHAKARMAHARSHI VISHNUANNA PATIL NURSING SCHOOL, SANGLI",40,40
6727,Pune,Sangli,58,2024-25,GNM,"DESAI CHARITABLE TRUST TAL. MIRAJ, SANGLI",40,40
6728,Pune,Sangli,60,2024-25,GNM,"ABHINAV SCHOOL OF NURSING ASHTA, WALWA, SANGLI",40,40
6729,Pune,Sangli,623,2024-25,GNM,"KEDARNATH NURSING SCHOOL, ISLAMPUR, SANGLI",60,60
6730,Pune,Sangli,627,2024-25,GNM,"LAXMIPRABHA NURSING INSTITUTE, MIRAJ, SANGLI",50,50
6731,Pune,Sangli,66,2024-25,GNM,"KAMAL INSTITUTE OF NURSING EDUCATION, JATH, SANGLI",20,20
6732,Pune,Sangli,72,2024-25,GNM,"UMA INST. OF NURSING EDUCATION, SANGLI",60,60
6733,Pune,Sangli,82,2024-25,GNM,"KULLOLLI CH.TRUSTS, SCHOOL OF NURSING, MIRAJ, SANGLI",40,35
6734,Pune,Satara,1150,2024-25,GNM,"Hirai Institute of Nursing Education,Karad",60,60
6735,Pune,Satara,1383,2024-25,GNM,"OM SHIVRASHTRA MEDICAL & EDUCATIONAL SOCIETY GHOGAON, KARAD, SATARA",40,33
6736,Pune,Satara,1428,2024-25,GNM,"SHRI. MANJUNATH SCHOOL OF NURSING, VADUJ, KHATAV, SATARA",40,31
6737,Pune,Satara,1546,2024-25,GNM,"VASANTI MANE COLLEGE OF NURSING, WAGHERI, KARAD, SATARA",60,50
6738,Pune,Satara,1565,2024-25,GNM,"MEDICAL SCIENCES, SATARA",60,16
6739,Pune,Satara,1579,2024-25,GNM,"PRIYADARSHI NURSING & PARAMEDICAL EDUCATION INSTITUTE, KHANDALA, SATARA",60,9
6740,Pune,Satara,215,2024-25,GNM,"KRISHNA HOSPITAL MEDICAL RESEARCH CENTER , KARAD, SATARA",60,60
6741,Pune,Satara,233,2024-25,GNM,"LATE NARAYANDAS BHAWANGDAS CHHABADA TRAINING COLLEGE OF NURSING, SATARA",50,50
6742,Pune,Satara,240,2024-25,GNM,"W.F.P.M., SCHOOL OF NURSING, WAI, SATARA",60,60
6743,Pune,Satara,303,2024-25,GNM,"APARNA INST. OF NURSING EDUCATION , KARAD",30,27
6744,Pune,Satara,306,2024-25,GNM,"SANJEEVAN MEDICAL COLLEGE OF NURSING , SATARA",40,40
6745,Pune,Satara,807,2024-25,GNM,"RAJMATA NURSING SCHOOL, SATARA",80,80
6746,Pune,Satara,90,2024-25,GNM,"PHALTAN EDUCATION SOCIETY, SCHOOL OF NURSING, PHALTAN ,SATARA",80,80
6747,Pune,Satara,91,2024-25,GNM,"KANISHKA CHARITABLE TRUSTS, SCHOOL OF NURSING ,SATARA",40,40
6748,Konkan,Sindhudurg,1136,2024-25,GNM,"Mukundrav Phatak Nursing College, Jamsande",40,40
6749,Konkan,Sindhudurg,1182,2024-25,GNM,"SHRI. SARASWATI SCHOOL OF NURSING TONDAVALI,SINDHUDURG",50,50
6750,Konkan,Sindhudurg,1230,2024-25,GNM,"Dnyanvardhini Charitable Trust Nursing Institute Talere Kankavli, Sindhudurg",40,27
6751,Konkan,Sindhudurg,199,2024-25,GNM,"MANAV SADHAN VIKAS SANSTHA, SON, KUDAL, SINDHUDURG",60,44
6752,Konkan,Sindhudurg,35,2024-25,GNM,"SHREE ANANT SMRUTI SCHOOL OF NURSING, KASAL",60,57
6753,Konkan,Sindhudurg,36,2024-25,GNM,"IDEAL NURSING SCHOOL, KANKAVALI, SINDHUDURG",20,20
6754,Konkan,Sindhudurg,362,2024-25,GNM,"BR. NATH PAI INSTITUTE OF NURSING, PINGULI, SINDHUDURGA",60,60
6755,Konkan,Sindhudurg,584,2024-25,GNM,"MAI NURSING SCHOOL, KUDAL",40,29
6756,Pune,Solapur,1186,2024-25,GNM,"SHRIRAM INSTITUTE OF NURSING, PANIV",60,60
6757,Pune,Solapur,1206,2024-25,GNM,"KARMAYOGI INSTITUTE OF NURSING, PANDHARPUR, SOLAPUR",60,50
6758,Pune,Solapur,1208,2024-25,GNM,"KANHOPATRA NURSING SCHOOL, MANGALWEDHA, SOLAPUR",50,50
6759,Pune,Solapur,1213,2024-25,GNM,"Gangamai School of Nursing Wadala NorthSolapur ,Solapur",60,38
6760,Pune,Solapur,1227,2024-25,GNM,"Muktai College of Nursing Education, BhandiShegaon Pandharpur, Solapur",40,40
6761,Pune,Solapur,1262,2024-25,GNM,"SIDDHAYOGI INSTITUTE OF NURSING COLLEGE AKLUJ, MALSHIRAS, DIST. SOLAPUR",40,40
6762,Pune,Solapur,1320,2024-25,GNM,"SIDDHANATH INSTITUTE OF NURSING, PANDHARPUR, SOLAPUR",60,58
6763,Pune,Solapur,1352,2024-25,GNM,"DR. B. C. ROY INSTITUTE OF MEDICAL SCIENCES TEMBHURNI, MADHA, SOLAPUR",40,40
6764,Pune,Solapur,1384,2024-25,GNM,"SHRIMATI GANGUBAI SAMBHAJI SHINDE INSTITUTE OF NURSING, KARMALA, SOLAPUR",40,40
6765,Pune,Solapur,1430,2024-25,GNM,"SMT. MATHURABAI HARPALE NURSING SCHOOL, MAJREWADI , SOLAPUR",60,60
6766,Pune,Solapur,1487,2024-25,GNM,"SARA INSTITUTE OF NURSING, TEMBHURNI, SOLAPUR",40,40
6767,Pune,Solapur,1558,2024-25,GNM,"SAHYADRI NURSING COLLEGE, BARSHI, SOLAPUR",60,60
6768,Pune,Solapur,1598,2024-25,GNM,"SHREE SWAMI VIVEKANAND NURSING COLLEGE, MADHA, SOLAPUR",40,40
6769,Pune,Solapur,241,2024-25,GNM,"SAHARA INSTITUTE OF NURSING EDUCATION, AKLUJ , SOLAPUR",20,19
6770,Pune,Solapur,42,2024-25,GNM,"DHANRAJGIRIJI HOSPITAL, SOLAPUR",20,19
6771,Pune,Solapur,54,2024-25,GNM,"ASHWINI SAHAKARI SON, SOLAPUR",30,30
6772,Pune,Solapur,562,2024-25,GNM,"YASHODHARA NURSING INSTITUTE, SOLAPUR",20,20
6773,Pune,Solapur,636,2024-25,GNM,"VIJAYSINH MOHITE PATIL SCHOOL OF NURSING, MALSHIRAS, SOLAPUR",60,60
6774,Pune,Solapur,638,2024-25,GNM,"SARDARBI INSTITUTE OF NURSING EDUCATION, MOHOL, SOLAPUR",40,38
6775,Pune,Solapur,64,2024-25,GNM,"SHIVAJI SHIKSHAN PRASARAK MANDALS, SON, BARSHI, SOLAPUR",20,20
6776,Konkan,Thane,1169,2024-25,GNM,"ARYAVEER INSTITUTE OF NURSING,MURBAD THANE",40,37
6777,Konkan,Thane,1207,2024-25,GNM,"SMT. VIMALADEVI KHYALILAL VAGHARECHA COLLEGE OF NURSING EDUCATION,
MAJIWADA, THANE",60,60
6778,Konkan,Thane,1211,2024-25,GNM,B.R.Harne School of Nursing Ambarnath Thane,60,56
6779,Konkan,Thane,1235,2024-25,GNM,"Gayatri Nursing College Asangaon shahapur, Thane",40,40
6780,Konkan,Thane,1241,2024-25,GNM,"SHILP BHARAT COLLEGE OF NURSING, KASARVADAVLI, THANE",40,40
6781,Konkan,Thane,1251,2024-25,GNM,"A.V.G. INSTITUTE OF NURSING EDUCATION, THANE",60,60
6782,Konkan,Thane,1277,2024-25,GNM,"SHRI DATTAKRUPA SCHOOL OF NURSING, MURBAD, THANE",40,40
6783,Konkan,Thane,1281,2024-25,GNM,"SAMRUDDHI INSTITUTE OF NURSING, KALYAN, THANE",60,16
6784,Konkan,Thane,1295,2024-25,GNM,"SAI CARE NURSING SCHOOL, TAL. SHAHAPUR, DIST. THANE",60,60
6785,Konkan,Thane,1440,2024-25,GNM,"DR. V. S. JADHAV COLLEGE OF NURSING, AIROLI, NAVI MUMBAI, THANE",40,40
6786,Konkan,Thane,1468,2024-25,GNM,"PHOENIX INSTITUTE OF MEDICAL SCIENCES KALHER, BHIWANDI, THANE",60,60
6787,Konkan,Thane,1480,2024-25,GNM,"SAI NURSING INSTITUTE, BHIWANDI, THANE",60,0
6788,Konkan,Thane,1482,2024-25,GNM,"DNYANGANGA COLLEGE OF NURSING, THANE",50,50
6789,Konkan,Raigarh,1542,2024-25,GNM,"BHARATI VIDYAPEETH COLLEGE OF NURSING, C.B.D. BELAPUR, NAVI MUMBAI",40,22
6790,Konkan,Thane,1590,2024-25,GNM,"L.S.J. WELNESS NURSING SCHOOL (G.N.M.), GOTHEGHAR, SHAHAPUR, THANE",40,40
6791,Konkan,Thane,1604,2024-25,GNM,"SAI SANJIVANI NURSING COLLEGE, JU NANDURKHI, BHIWANDI, THANE",40,36
6792,Konkan,Raigarh,195,2024-25,GNM,"MGMS FLORENCE NIGHTINGALE INSTITUTE OF NSG EDU., NAVI MUMBAI",30,30
6793,Konkan,Thane,201,2024-25,GNM,"INSTITUTE OF NURSING EDUCATION , DOMBIVALI",60,60
6794,Konkan,Thane,204,2024-25,GNM,"ROSALIND S. TETON SCHOOL OF NURSING, BHAKTI VEDANTA HOSPITAL, MIRAROAD,
THANE",50,29
6795,Konkan,Raigarh,205,2024-25,GNM,"YERALA MEDICAL TRUST RESEARCH CENTRE, SCHOOL OF NURSING , KHARGHAR",100,100
6796,Konkan,Raigarh,26,2024-25,GNM,"KALAVATI INSTITUTE OF NURSING EDUCATION, AIROLI NAVI MUMBAI",40,35
6797,Konkan,Raigarh,444,2024-25,GNM,"DR. D. Y. PATIL INSTITUTE OF NURSING EDUCATION, NAVI MUMBAI",20,0
6798,Konkan,Thane,484,2024-25,GNM,"NAVJEEVAN SCHOOL OF NURSING, SHAHAPUR, THANE",20,20
6799,Konkan,Raigarh,486,2024-25,GNM,"PRATIBHA SCHOOL OF NURSING, KOPERKHAIRANE, NAVI MUMBAI",70,70
6800,Konkan,Thane,853,2024-25,GNM,"ANUSAYA NURSING COLLEGE, DAHANU, THANE",20,0
6801,Konkan,Thane,859,2024-25,GNM,"JAYRAMSETH CHAUDHARI INSTITUTE OF NURSING EDUCATION PARAMEDICAL SCIENCE,
MURBAD, THANE",50,40
6802,Nagpur,Wardha,101,2024-25,GNM,"FLORENCE NIGHTINGALE TRAINING COLLEGE OF NURSING,WARDHA.",100,100
6803,Nagpur,Wardha,1107,2024-25,GNM,"Shalinitai Meghe College of Nursing, Salod(Hirapur), Wardha",100,100
6804,Nagpur,Wardha,1244,2024-25,GNM,"Talha College of Nursing, Tal/Dist. Wardha",60,56
6805,Nagpur,Wardha,1270,2024-25,GNM,"MAHATMA GANDHI COLLEGE OF NURSING, TAL./DIST. WARDHA",40,40
6806,Nagpur,Wardha,1437,2024-25,GNM,"AAI VATSALA SCHOOL OF NURSING, SEWAGRAM, WARDHA",60,42
6807,Nagpur,Wardha,149,2024-25,GNM,"SHALOM SCHOOL OF NURSING, WARDHA",60,60
6808,Nagpur,Wardha,151,2024-25,GNM,"KASABAI SCHOOL OF NURSING, SEVAGRAM,WARDHA",50,50
6809,Nagpur,Wardha,247,2024-25,GNM,"KASTURBA HEALTH SOCIETY, SEVAGRAM, WARDHA",40,40
6810,Nagpur,Wardha,331,2024-25,GNM,SARASWATI NURSING SCHOOL GUNJKHEDA WARDHA,60,60
6811,Nagpur,Wardha,557,2024-25,GNM,"Sunita Nursing School, Tal Selu, Wardha",60,60
6812,Nagpur,Wardha,653,2024-25,GNM,"CHETNA NURSING INSTITUTE, WARDHA",60,60
6813,Nagpur,Wardha,813,2024-25,GNM,"Dimond Nursing Institute, Deoli, Wardha",40,40
6814,Nagpur,Wardha,814,2024-25,GNM,"Kasturba Nurisng School Mandgaon, Samudrapur, Wardha",40,40
6815,Amravati,Washim,1116,2024-25,GNM,"Shivshakti Nursing Institute, Kota, Washim",50,48
6816,Amravati,Washim,1181,2024-25,GNM,"RAJASHRI SHAHU COLLEGE OF NURSING,WASHIM",40,40
6817,Amravati,Washim,1199,2024-25,GNM,"LATE GOVINDRAO DESHPANDE COLLEGE OF NURSING, WASHIM",50,50
6818,Amravati,Washim,1223,2024-25,GNM,"Sanmati Nursing school, Sawargaon Barde, Washim",40,23
6819,Amravati,Washim,124,2024-25,GNM,"MAA GANGA NURSING SCHOOL, WASHIM",60,57
6820,Amravati,Washim,1265,2024-25,GNM,"VARDHAMAN COLLEGE OF NURSING, KARANJA, DIST. WASHIM",40,40
6821,Amravati,Washim,1381,2024-25,GNM,"SUMANTAI SCHOOL OF NURSING, WASHIM",60,57
6822,Amravati,Washim,1557,2024-25,GNM,"AARYA SCHOOL OF NURSING, WASHIM",40,40
6823,Amravati,Washim,930,2024-25,GNM,"Mother Teresa College of Nursing, Washim",70,70
6824,Amravati,Washim,936,2024-25,GNM,SAVITRIBAI PHULE INSTITUTE OF NURSING WASHIM,50,50
6825,Amravati,Yavatmal,1135,2024-25,GNM,"Yash Institute of Nursing, Yavatmal",40,40
6826,Amravati,Yavatmal,115,2024-25,GNM,"HELEN ROSE SCHOOL OF NURSING UMRI, YAVATMAL",20,20
6827,Amravati,Yavatmal,119,2024-25,GNM,"SUMITRABAI THAKARE TRAINING COLLEGE OF NURSING, YAVATMAL",60,60
6828,Amravati,Yavatmal,1246,2024-25,GNM,"Santkrupa Nursing College, Tal/Dist. Yavatmal",60,60
6829,Amravati,Yavatmal,1321,2024-25,GNM,"MEDICARE COLLEGE OF NURSING, PUSAD, YAVATMAL",40,32
6830,Amravati,Yavatmal,136,2024-25,GNM,"MUNGASAJI MAHARAJ NURSING SCHOOL, YAVATMAL",60,60
6831,Amravati,Yavatmal,137,2024-25,GNM,"MUNGASAJI MAHARAJ NURSING SCHOOL, DHARWA, YAVATMAL",60,60
6832,Amravati,Yavatmal,138,2024-25,GNM,DR. ARCHANATAI GADE PATIL SCHOOL OF NURSING LOHARA YAVATMAL,40,40
6833,Amravati,Yavatmal,1438,2024-25,GNM,"AAI VATSALA SCHOOL OF NURSING, RALEGAON, YAVATMAL",100,76
6834,Amravati,Yavatmal,1603,2024-25,GNM,"S.T.H. NURSING COLLEGE, PUSAD, YAVATMAL",50,38
6835,Amravati,Yavatmal,255,2024-25,GNM,"SAKSHI DESHMUKH INST OF NURSING , LOHARA , YAVATMAL",40,37
6836,Amravati,Yavatmal,256,2024-25,GNM,"PRUTHVIRAJ DESHMUKH NURSING INSTITUTE, LOHARA, YAVATMAL",40,37
6837,Amravati,Yavatmal,410,2024-25,GNM,"SHRI VINAYAKRAOBAPU DESHMUKH NURSING SCHOOL , SAWARGAON , YAVATMAL",60,60
6838,Amravati,Yavatmal,431,2024-25,GNM,"MATOSHRI ORGANIZATION OF NURSING EDUCATION , YAVATMAL",40,40
6839,Amravati,Yavatmal,514,2024-25,GNM,"Sanjeevan Nursing School, Yavatmal,",60,60
6840,Amravati,Yavatmal,670,2024-25,GNM,"MAHAJAN NURSING SCHOOL, YAVATMAL",60,60
6841,Amravati,Yavatmal,821,2024-25,GNM,"Varsharaj Nursing School, Wani, Yavatmal",40,39
